"UNIQUE_ID","REPORT_NO","LIGHT_CODE","COUNTY_NO","MUNI_CODE","JUNCTION_CODE","COLLISION_TYPE_CODE","SURF_COND_CODE","LANE_CODE","RD_COND_CODE","RD_DIV_CODE","FIX_OBJ_CODE","WEATHER_CODE","ACC_DATE","ACC_TIME","LOC_CODE","SIGNAL_FLAG","C_M_ZONE_FLAG","AGENCY_CODE","AREA_CODE","HARM_EVENT_CODE1","HARM_EVENT_CODE2","RTE_NO","ROUTE_TYPE_CODE","RTE_SUFFIX","LOG_MILE","LOGMILE_DIR_FLAG","MAINROAD_NAME","DISTANCE","FEET_MILES_FLAG","DISTANCE_DIR_FLAG","REFERENCE_NO","REFERENCE_TYPE_CODE","REFERENCE_SUFFIX","REFERENCE_ROAD_NAME","LATITUDE","LONGITUDE","drv","occ","ped","SEX_CODE","CONDITION_CODE","INJ_SEVER_CODE","OCC_SEAT_POS_CODE","PED_VISIBLE_CODE","PED_LOCATION_CODE","PED_OBEY_CODE","PED_TYPE_CODE","MOVEMENT_CODE","PERSON_TYPE","ALCOHOL_TEST_CODE","ALCOHOL_TESTTYPE_CODE","DRUG_TEST_CODE","DRUG_TESTRESULT_CODE","BAC_CODE","FAULT_FLAG","EQUIP_PROB_CODE","SAF_EQUIP_CODE","EJECT_CODE","DATE_OF_BIRTH","PERSON_ID","LICENSE_STATE_CODE","CLASS","CDL_FLAG","VEHICLE_ID","EMS_UNIT_LABEL"
"177","AC1110000H",1,2,0,1,88,2,NA,1,1,0,0,"11-23-2015","11:37:00","4C2","Y","N","AACOPD","UNK",3,0,3377,"CO","",0.31,"N","W SHADYSIDE RD",900,"F","N",3380,"CO","","EAST WEST SHADY SIDE RD",38.84674363,-76.52297258,1,0,1,"M",NA,1,NA,3,1,1,1,88,"P",0,NA,0,"",NA,"Y",NA,0,NA,"20-SEP-54","1ed73e6c-b5a8-4048-b297-60b465d96693","","","","",""
"178","AC1179000G",5.02,2,NA,NA,17,NA,NA,NA,NA,0,3,"03-04-2015","06:27:00","5C1","N","N","AACOPD","UNK",3,0,NA,"","",NA,"","",NA,"","",NA,"","","",39.13680949,-76.68524623,1,0,1,"M",1,4,NA,3,88,1,1,88,"P",0,NA,0,"",NA,"",NA,0,NA,"30-OCT-57","483addd1-6099-4b13-a2de-071a905ad8a6","MD","C","","","A"
"179","AC1179000K",3,2,NA,NA,17,NA,NA,NA,NA,0,6.01,"04-11-2015","01:21:00","5C1","N","N","AACOPD","UNK",3,0,NA,"","",NA,"","",NA,"","",NA,"","","",39.13614374,-76.68668389,1,1,1,"M",1,3,NA,3,88,0,1,88,"P",0,NA,0,"",NA,"",NA,0,NA,"23-APR-65","16e42a02-37e6-4866-a72e-a087de3ef197","MD","C","","","A"
"180","AC1179000M",1,2,NA,1,17,2,1,1,1,0,6.01,"04-28-2015","06:47:00","5C1","N","N","AACOPD","UNK",3,0,170,"MD","",3.82,"N","TELEGRAPH RD",100,"F","N",6029,"CO","","MORGAN STATION RD",39.13997999,-76.68490291,1,0,1,"F",1,2,NA,1,6,1,1,52,"P",0,NA,0,"",NA,"",NA,0,NA,"10-JUL-98","9111ba49-8125-4e2b-85dd-113aff207bd8","","","","",""
"181","AC1179000S",1,2,NA,1,17,2,1,1,1,0,6.01,"06-12-2015","06:21:00","5C3","N","N","AACOPD","UNK",3,0,1074,"CO","",0.65,"S","CHAPELGATE DR",20,"F","S",4003,"CO","","WICKELL RD",39.06521518,-76.70043315,1,0,1,"M",1,3,NA,3,6,1,1,52,"P",0,NA,0,"",NA,"",NA,25.88,NA,"01-JAN-54","16128ead-a775-4359-8589-2bf71ce35287","","","","","A"
"182","AC1187000Y",1,2,0,3,11,2,1,1,1,0,6.01,"08-04-2015","10:30:00","3D2","N","N","AACOPD","UNK",4,0,2468,"CO","",0.58,"W","CHESTNUT TREE DR",150,"F","E",2469,"CO","","SOUTHVIEW DR",39.04175292,-76.45325661,1,0,1,"M",NA,2,NA,1,6,3,2,51,"P",0,NA,0,"",NA,"Y",NA,21,NA,"28-SEP-08","93943da4-8079-4fc7-841b-439f0e423dbb","","","","","A"
"183","AC1192000P",1,2,NA,1,11,2,1,1,1,0,6.01,"07-01-2015","17:35:00","3D2","N","N","AACOPD","UNK",4,0,NA,"CO","",0.69,"N","BELLERIVE RD",40,"F","N",NA,"UU","","BELLE DORA CT",39.03841342,-76.46462453,1,0,1,"M",1,3,NA,1,6,0,2,53,"P",0,NA,0,"",NA,"",NA,1,NA,"02-JUN-07","b91e9f91-90b1-4ef4-881f-f40d656440c4","","","","",""
"184","AC1192000T",1,2,NA,NA,17,NA,NA,NA,NA,0,6.01,"09-26-2015","17:32:00","3D2","N","N","AACOPD","UNK",3,3,NA,"","",NA,"","",NA,"","",NA,"","","",39.06155756,-76.47642285,1,0,3,"M",1,4,NA,1,88,0,1,56,"P",0,NA,0,"",NA,"N",NA,0,NA,"03-AUG-79","ed89ff31-ab4f-4e21-8ce0-2794ae8a71f1","MD","","","","A"
"185","AC1192000T",1,2,NA,NA,17,NA,NA,NA,NA,0,6.01,"09-26-2015","17:32:00","3D2","N","N","AACOPD","UNK",3,3,NA,"","",NA,"","",NA,"","",NA,"","","",39.06155756,-76.47642285,1,0,3,"F",1,2,NA,1,88,0,1,56,"P",0,NA,0,"",NA,"N",NA,0,NA,"15-MAY-63","458ff6da-2309-45ca-b7d8-abf9c8f61d75","MD","","","",""
"186","AC1192000T",1,2,NA,NA,17,NA,NA,NA,NA,0,6.01,"09-26-2015","17:32:00","3D2","N","N","AACOPD","UNK",3,3,NA,"","",NA,"","",NA,"","",NA,"","","",39.06155756,-76.47642285,1,0,3,"F",NA,3,NA,1,88,0,1,56,"P",0,NA,0,"",NA,"N",NA,0,NA,"15-MAR-72","208df222-8bb8-4caf-841f-b16bb91a6952","MD","","","","B"
"187","AC11980002",3,2,0,2,7,2,1,1,1,0,6.01,"04-15-2016","05:30:00","3A2","Y","N","AACOPD","UNK",4,0,173,"MD","",4.51,"N","FORT SMALLWOOD RD",0,"F","N",4609,"CO","","ELIZABETHS LANDING WAY",39.14904084,-76.52291089,1,0,1,"M",NA,1,NA,2,5,2,2,53,"P",0,NA,0,"",NA,"N",NA,26.88,NA,"24-SEP-99","ced9616e-8d00-4eb3-931b-ac47ce002420","","","","",""
"188","AC1222003B",1,2,0,1,17,2,1,1,1,0,6.01,"08-29-2015","14:05:00","5E2","N","N","AACOPD","UNK",3,0,5501,"OP","",0.18,"E","ARUNDEL MILLS CIR",500,"F","E",5502,"OP","","MILLS DR",39.1545907,-76.7301727,1,0,1,"F",1,3,NA,3,88,0,1,56,"P",0,NA,0,"",NA,"N",NA,1,NA,"20-MAR-63","82dabf5c-bc59-464f-bf97-19542e9d435f","","","","",""
"189","AC1222004B",3,2,0,3,17,2,2,1,4,0,6.01,"01-16-2016","22:00:00","5D2","Y","N","AACOPD","UNK",3,0,3,"MD","",3.12,"N","ROBERT CRAIN HWY",0,"F","N",4458,"CO","","JOHNS HOPKINS RD",39.02980975,-76.68517381,1,0,1,"M",1,3,NA,3,5,2,1,51,"P",0,NA,0,"",NA,"N",NA,1,NA,"21-APR-94","ed4ff118-f17d-4cb7-84ab-93e6847c9196","","","","",""
"190","AC12220052",5.02,2,0,3,17,2,1,1,1,0,6.01,"03-22-2016","07:00:00","5D2","N","N","AACOPD","UNK",3,0,4458,"CO","",0.563,"W","JOHNS HOPKINS RD",0,"F","W",0,"UU","","CROSSOVER",39.02914508,-76.68406203,1,0,1,"M",1,3,NA,99,5,1,1,51,"P",0,NA,0,"",NA,"N",NA,1,NA,"02-DEC-92","8dd11aa5-de7d-49b5-9f5d-b70f50171dc6","","","","",""
"191","AC1222005K",1,2,NA,NA,17,NA,NA,NA,NA,0,6.01,"06-04-2016","17:35:00","5E2","N","N","AACOPD","UNK",3,0,NA,"","",NA,"","",NA,"","",NA,"","","",39.1541443,-76.72238257,1,0,1,"M",1,3,NA,3,88,0,1,54,"P",0,NA,0,"",NA,"N",NA,0,NA,"08-NOV-88","7608c1b7-ebba-400a-ad27-1b0e14a8d33b","","","","",""
"192","AC1222005X",1,2,0,1,17,2,NA,1,1,0,6.01,"08-13-2016","08:58:00","5D2","N","N","AACOPD","UNK",4,0,424,"MD","",5.878,"N","DAVIDSONVILLE RD",0,"F","N",0,"UU","","ENT TO SHOPPING CENTER",39.01925558,-76.58020288,1,0,1,"M",NA,3,NA,1,1,1,2,53,"P",0,NA,0,"",NA,"N",NA,21,NA,"15-OCT-59  00:00:00","ee7fdc76-1214-49be-bb62-d3ee6113c07a","","","","","A"
"193","AC1230001S",1,2,NA,NA,88,NA,NA,NA,NA,0,3,"03-13-2016","17:25:00","3C1","N","N","AACOPD","UNK",10,3,NA,"","",NA,"","",NA,"","",NA,"","","",39.1251098,-76.58518398,1,0,1,"F",1,1,NA,0,6,1,1,88,"P",0,NA,0,"",NA,"U",NA,1,NA,"13-JAN-50","f36173ce-ad86-45f4-80df-af0b1d5bfbc0","","","","",""
"194","AC12300026",3,2,0,1,88,2,1,1,4,0,0,"11/15/2016","17:30:00","2A2","N","N","AACOPD","UNK",3,0,2,"MD","",39.92,"N","GOV RITCHIE HWY",30,"F","S",160,"CO","","BON AIR AVE",39.22355795,-76.65502643,1,0,1,"M",99,4,NA,2,6,1,1,52,"P",99,0,0,"",NA,"Y",NA,0,NA,"22-Mar-66","97eee878-b61f-4677-9212-81803feb446a","","","","","A"
"195","AC12330005",3,2,0,2,11,2,1,1,1,0,6.01,"09-02-2016","21:45:00","2A1","Y","N","AACOPD","UNK",3,4,171,"MD","",0.82,"E","CHURCH ST",0,"F","E",339,"CO","","DISNEY AVE",39.22061861,-76.59955099,1,0,1,"M",9.88,3,NA,99,10.88,99,2,51,"P",0,NA,0,"",NA,"N",NA,99,NA,"11-JAN-92  00:00:00","daafca3c-efe2-46d7-8d7c-9c29fc70657e","","","","",""
"196","AC12330009",3,2,0,1,88,2,1,1,4,0,6.01,"12/1/2016","17:31:00","2A1","N","N","AACOPD","UNK",3,0,2,"MD","",40.38,"N","GOV RITCHIE HWY",200,"F","N",375,"CO","","16TH AVE",39.22096923,-76.61342333,1,1,1,"F",1,3,NA,2,6,1,1,52,"P",0,NA,0,"",NA,"Y",NA,0,NA,"17-Nov-98","64b8e9d2-c1d3-44e4-b586-192fd3b5cb45","","0","","","A"
"197","AC12460027",1,2,0,2,9,0,NA,1,2,0,0,"08-15-2015","11:53:00","3C3","Y","N","AACOPD","UNK",4,0,5625,"CO","",0.2,"E","LEELYN DR",0,"F","E",0,"UU","","ROUNDABOUT",39.07956097,-76.54544495,1,0,1,"M",1,2,NA,2,88,0,2,53,"P",0,NA,0,"",NA,"N",NA,21,NA,"10-AUG-71","7e1d2580-2cfe-426d-9bd2-865fa70b1dc3","MD","C","","","A"
"198","AC1246003F",1,2,0,2,11,2,1,0,3,0,6.01,"03-08-2016","17:27:00","3C3","N","N","AACOPD","UNK",4,0,648,"MD","D",3.34,"N","BALTO ANNAPOLIS BLVD",0,"F","N",4572,"CO","","BRANDYWINE AVE",39.0688673,-76.54414058,1,0,1,"F",1,3,NA,3,5,1,2,52,"P",0,NA,0,"",NA,"N",NA,21,NA,"25-OCT-48","43f20166-396f-45f3-9a7a-b992faeae98a","","","","",""
"199","AC1246003Q",1,2,0,2,11,2,1,1,3,0,0,"06-07-2016","16:21:00","3C2","Y","N","AACOPD","UNK",1,0,1447,"CO","",0.21,"N","LYNWOOD DR",0,"F","N",1448,"CO","","OLD PASTURE LA",39.08650387,-76.589505,1,0,1,"F",1,3,NA,3,5,88,2,51,"P",0,NA,0,"",NA,"Y",NA,21,NA,"07-FEB-05","0f32777e-1b3e-4a2b-9e58-75d091bc2f84","","","","","A"
"200","AC12490004",1,2,0,5.01,3,2,1,1,1,0,6.01,"6/2/2017","15:15:00","4C2","Y","N","AACOPD","UNK",1,3,468,"MD","",2.83,"N","MUDDY CREEK RD",0,"F","N",256,"MD","","DEALE CHURCHTON RD",38.81507607,-76.53898001,2,0,1,"F",1,3,NA,0,6,1,1,57,"P",0,NA,0,"",NA,"N",NA,0,NA,"17-Aug-87","74d2cddd-47e2-4c1d-a046-2e651b2a6b7e","","","","",""
"201","AC1281000D",3,2,NA,NA,0,NA,NA,NA,NA,0,0,"04-03-2016","01:41:00","5C1","N","N","AACOPD","UNK",3,0,NA,"","",NA,"","",NA,"","",NA,"","","",39.15914041,-76.68141603,1,0,1,"M",2,3,NA,2,88,0,1,88,"P",0,NA,0,"",NA,"U",NA,0,NA,"01-DEC-88","fcc4c71d-8249-4c54-9d76-1e4a9ed60756","","","","",""
"202","AC12830020",1,2,NA,NA,17,NA,NA,NA,NA,0,6.01,"05-31-2015","11:27:00","","N","N","AACOPD","UNK",3,0,NA,"","",NA,"","",NA,"","",NA,"","","",39.17189346,-76.6319561,1,0,1,"M",1,3,NA,1,9.05,1,1,56,"P",0,NA,0,"",NA,"",NA,1,NA,"21-FEB-72","8781c01e-987f-48b0-a707-168d640cdd0f","MD","c","","",""
"203","AC1283002V",1,2,NA,NA,17,NA,NA,NA,NA,0,3,"09-29-2015","16:56:00","","N","N","AACOPD","UNK",3,0,NA,"","",NA,"","",NA,"","",NA,"","","",39.1381948,-76.60008797,1,0,1,"M",0,3,NA,99,88,0,1,88,"P",0,NA,0,"",NA,"Y",NA,1,NA,"01-JAN-00","034d324a-01c4-424c-a2be-f69e1a23f16e","MD","C","","",""
"204","AC12830038",1,2,0,1,17,1,2,1,3,0,3,"11-29-2015","11:11:00","2D1","Y","N","AACOPD","UNK",3,0,698,"CO","",0.16,"W","AQUAHART RD",100,"F","W",677,"CO","","GREENWAY SE",39.15196172,-76.61822319,1,0,1,"M",1,3,NA,4,6,1,1,56,"P",0,NA,0,"",NA,"Y",NA,25.88,NA,"13-JUL-80","ec475056-3c78-49b9-91d7-ba6e8257d8e2","MD","c","","",""
"205","AC1283003B",4,2,0,2,17,2,NA,1,1,0,6.01,"12-10-2015","17:24:00","","Y","N","AACOPD","UNK",3,0,698,"CO","",0.35,"W","AQUAHART RD",0,"F","W",694,"CO","","OAKWOOD RD",39.15101324,-76.62021875,1,0,1,"F",1,3,NA,2,5,2,1,51,"P",0,NA,0,"",NA,"N",NA,1,NA,"20-NOV-02","a3b9dd22-d8f5-4615-a823-c00092226397","","","","",""
"206","AC1283004J",1,2,0,1,88,2,NA,1,3,0,6.01,"09-02-2016","14:39:00","3D1","N","N","AACOPD","UNK",3,0,2,"MD","",25.12,"N","GOV RITCHIE HWY",300,"F","S",2591,"CO","","ARNOLD RD",39.02977329,-76.50461018,1,0,1,"M",1,4,NA,3,6,1,1,52,"P",0,NA,0,"",NA,"Y",NA,1,NA,"12-SEP-88  00:00:00","3d75f38d-28da-4bf1-8d6c-12658299d5e3","MD","ID","","","A"
"207","AC1283004M",3,2,NA,NA,88,NA,NA,NA,NA,0,6.01,"10/15/2016","18:35:00","5.00E+02","N","N","AACOPD","UNK",3,0,NA,"","",NA,"","",NA,"","",NA,"","","",39.15700342,-76.7267561,1,0,1,"F",1,3,NA,2,88,1,1,88,"P",0,NA,0,"",NA,"N",NA,0,NA,"27-Jan-75","32aad143-799f-4b40-a42f-d62a69ed7497","MD","C","","","A"
"208","AC1283004N",3,2,NA,NA,88,NA,NA,NA,NA,0,6.01,"10/16/2016","19:01:00","5.00E+02","N","N","AACOPD","UNK",3,0,NA,"","",NA,"","",NA,"","",NA,"","","",39.15709181,-76.7267333,1,0,1,"F",1,2,NA,1,88,1,1,88,"P",0,NA,0,"",NA,"N",NA,1,NA,"5-Apr-41","aea4f454-dbb6-4b25-b610-c46523ae1530","MD","C","","",""
"209","AC1283004T",4,2,NA,1,88,1,1,1,4,0,3,"12/24/2016","19:13:00","2C2","N","N","AACOPD","UNK",3,0,NA,"","",36.99,"N","GOV RITCHIE HWY",300,"F","S",NA,"","","6TH AVE NE",39.17248608,-76.61889374,1,0,1,"M",2,5,NA,2,6,1,1,52,"P",0,NA,0,"",NA,"Y",NA,1,NA,"8-Mar-64","6404a57a-8ef0-4ecf-a6b5-d840d1919e2f","MD","C","","",""
"210","AC1285000W",1,2,NA,NA,17,NA,NA,NA,NA,0,6.01,"01-26-2016","15:59:00","2D3","N","N","AACOPD","UNK",4,0,NA,"","",NA,"","",NA,"","",NA,"","","",39.13523855,-76.58448592,1,1,1,"M",1,2,NA,2,88,1,2,88,"P",0,NA,0,"",NA,"Y",NA,1,NA,"15-JAN-01","2d3f0dd6-8c2d-48ac-88b5-020727e456ac","","","","","A"
"211","AC1287000D",3,2,0,1,17,2,1,1,1,0,6.01,"07-12-2016","00:42:00","2C2","N","N","AACOPD","UNK",3,0,433,"CO","",0,"E","7TH ST",500,"F","W",6106,"CO","","ANNAPOLIS DR",39.18010243,-76.59205556,1,0,1,"M",NA,3,NA,1,6,0,1,88,"P",0,NA,0,"",NA,"Y",NA,1,NA,"12-MAR-55  00:00:00","c408b580-99e6-4cee-a35b-631804136966","","","","","A"
"212","AC1299000Y",1,2,NA,NA,11,NA,NA,NA,NA,0,6.01,"02-11-2015","08:43:00","","N","N","AACOPD","UNK",3,0,NA,"","",NA,"","",NA,"","",NA,"","","",39.14121605,-76.59125278,1,0,1,"F",1,3,NA,2,6,0,1,51,"P",0,NA,0,"",NA,"",NA,1,NA,"19-FEB-86","a214bd77-fcc6-473a-9995-3424d1cf3283","","","","","A"
"213","AC1299001N",3,2,0,2,13,2,1,1,3,0,7.01,"11-17-2015","21:09:00","","Y","N","AACOPD","UNK",1,4,648,"MD","E",1.07,"N","BALTO ANNAPOLIS BLVD",0,"F","N",780,"CO","","MARLEY STATION RD",39.14790147,-76.59283876,1,0,1,"M",1,3,NA,2,4,3,2,54,"P",0,NA,0,"",NA,"Y",NA,1,NA,"02-NOV-01","55950893-1cf5-4e37-8121-65f458debd9c","","","","",""
"214","AC1299001Y",1,2,0,2,11,2,1,1,1,0,7.01,"02-27-2016","09:50:00","N2D3","Y","N","AACOPD","UNK",1,1,648,"MD","E",0.39,"N","BALTO ANNAPOLIS BLVD",0,"F","N",1531,"CO","","HARRIET DR",39.1391801,-76.58754408,1,0,1,"M",1,3,NA,2,1,1,7,51,"P",0,NA,0,"",NA,"Y",NA,1,NA,"06-OCT-60","4489da12-a6ee-422f-bcf8-388bb6ecb3f8","","","","","A"
"215","AC12990025",3,2,NA,NA,88,NA,NA,NA,NA,0,6.01,"08-13-2016","00:53:00","5E2","N","N","AACOPD","UNK",3,0,NA,"","",NA,"","",NA,"","",NA,"","","",39.15561823,-76.72683656,1,0,1,"F",2,2,NA,2,6,1,1,56,"P",0,NA,0,"",NA,"Y",NA,1,NA,"31-OCT-49  00:00:00","785f97ae-8c8d-4c8d-ae30-63d63ecffb94","MD","C","","",""
"216","AC12990027",6.02,2,0,2,11,2,1,1,3,0,6.01,"09-21-2016","19:52:00","2D2","Y","N","AACOPD","UNK",4,4,698,"CO","",0.16,"W","AQUAHART RD",0,"F","W",677,"CO","","GREENWAY SE",39.15252331,-76.61730722,1,0,1,"M",99,1,NA,3,6,3,2,52,"P",0,NA,0,"",NA,"Y",NA,1,NA,"01-JAN-00  00:00:00","5627fc90-204c-4e08-97df-108ff6daa2e5","","","","",""
"217","AC13000002",1,2,0,3,17,1,1,1,1,7,3,"6/19/2017","18:48:00","4B1","Y","N","AACOPD","UNK",9,16,2747,"CO","",1.04,"N","BEARDS POINT RD",20,"F","N",2749,"CO","","RIVA RD",38.94121739,-76.60195425,1,1,1,"F",NA,1,NA,0,0,0,88,0,"P",0,NA,0,"",NA,"N",NA,0,NA,"4-Jan-49","793d8dee-fa4c-4d89-a0d1-6b56d8030d8c","","","","",""
"218","AC13030009",3,2,NA,NA,17,NA,NA,NA,NA,0,6.01,"06-10-2015","01:55:00","2C1","N","N","AACOPD","UNK",3,0,NA,"","",NA,"","",NA,"","",NA,"","","",39.1735583,-76.61998183,1,0,1,"F",2,2,NA,99,88,0,1,88,"P",0,NA,0,"",NA,"",NA,1,NA,"02-NOV-80","76a297bd-c93c-4e6c-ac05-b337cba2d55f","MD","C","","","A"
"219","AC1303000L",7.88,2,0,9.04,17,2,NA,1,0,0,7.01,"11/4/2016","5:30:00","2C1","N","N","AACOPD","UNK",3,0,2,"MD","",36.04,"N","GOV RITCHIE HWY",30,"F","N",0,"UU","","ENT TO BUSINESS",39.15912482,-76.61924243,1,0,1,"M",1,2,NA,3,88,0,1,88,"P",0,NA,0,"",NA,"N",NA,0,NA,"20-Dec-80","1a31b042-0b4d-4c86-9173-599a6857af06","MD","C","","",""
"220","AC1316000S",3,2,0,2,88,2,NA,1,4,0,0,"06-22-2016","23:57:00","","N","N","AACOPD","UNK",3,3,6,"CO","",2.08,"W","W NURSERY RD",0,"F","W",10,"CO","","ANDOVER RD",39.2004739,-76.6821733,1,0,1,"M",NA,1,NA,0,1,0,1,53,"P",0,NA,0,"",NA,"N",NA,0,NA,"11-NOV-97","a6e6b4a4-8dda-4c49-bdc9-1943b7d57247","","","","","A"
"221","AC13160017",3,2,0,0,0,1,1,1,1,0,7.01,"5/20/2017","0:01:00","2B1","N","N","AACOPD","UNK",3,0,170,"MD","",9.09,"N","CAMP MEADE RD",500,"F","N",762,"MD","","ANDOVER RD",39.19667923,-76.65755368,1,0,1,"F",1,2,NA,3,1,1,1,53,"P",0,NA,0,"",NA,"N",NA,0,NA,"11-Jan-93","a376b978-8c9c-47bb-99e9-6d1952e9bc14","","","","","A"
"222","AC13200021",1,2,0,3,17,2,1,1,1,0,6.01,"09-20-2015","13:27:00","5C3","N","N","AACOPD","UNK",3,0,4645,"CO","",1.087,"E","ODENTON RD",20,"F","W",1091,"CO","","HOLIDAY ST",39.07929265,-76.68842023,1,0,1,"M",1,3,NA,3,1,1,2,51,"P",0,NA,0,"",NA,"N",NA,1,NA,"19-MAR-99","5bcb8e99-d10e-43f7-b64e-b89d858aebb1","","","","",""
"223","AC1320003H",3,2,0,3,17,1,NA,1,1,0,3,"5/24/2017","5:22:00","5A2","Y","N","AACOPD","UNK",4,0,4912,"CO","",2.53,"W","BROCK BRIDGE RD",25,"F","W",995,"CO","","WHISKEY BOTTOM RD",39.10871933,-76.82441032,1,0,1,"M",NA,3,NA,4,6,2,2,56,"P",0,NA,0,"",NA,"N",NA,25.88,NA,"4-May-61","adf9332b-c5ef-45a8-972d-48668af344bd","","","","","A"
"224","AC13210015",1,2,0,0,17,2,1,1,2,0,6.01,"10-31-2015","07:52:00","","N","N","AACOPD","UNK",3,0,450,"MD","",14.79,"E","GOV RITCHIE HWY",10,"F","E",2561,"CO","","BRICE RD",39.00060102,-76.4819313,1,0,1,"M",NA,2,NA,3,1,3,1,54,"P",0,NA,0,"",NA,"Y",NA,0,NA,"26-SEP-83","7fa9b63e-2c2c-4d71-87b2-4448d60a6208","MD","C","","",""
"225","AC1326000M",5.02,2,0,2,11,2,1,1,88,0,6.01,"08-02-2015","06:28:00","3C2","Y","N","AACOPD","UNK",1,0,5626,"CO","",0.14,"W","WEST CHESTNUT ST",0,"F","W",0,"UU","","B&A TRAIL",39.10743317,-76.5760687,1,0,1,"M",1,3,NA,3,5,1,2,51,"P",0,NA,0,"",NA,"Y",NA,21,NA,"27-MAY-49","bd169232-962e-4887-8665-5e52e9c9ad7c","MD","c","","","A"
"226","AC1333002X",1,2,NA,NA,17,NA,NA,NA,NA,0,6.01,"2/5/2017","14:57:00","5.00E+02","N","N","AACOPD","UNK",3,0,NA,"","",NA,"","",0,"","",NA,"","","",39.15839017,-76.72326552,1,0,1,"F",1,3,NA,1,6,1,1,52,"P",0,NA,0,"",NA,"N",NA,0,NA,"21-Apr-49","5f930ec8-6ed2-4c03-9e62-9915afaa6b47","","","","","A"
"227","AC13380015",1,2,NA,NA,88,NA,NA,NA,NA,0,6.01,"02-07-2015","12:57:00","5D1","N","N","AACOPD","UNK",3,0,NA,"","",NA,"","",NA,"","",NA,"","","",39.01739808,-76.69404575,1,0,1,"M",4,2,NA,3,88,1,1,88,"P",0,NA,0,"",NA,"",NA,1,NA,"15-NOV-29","0cadabf8-b03e-4bbb-b8fd-c29a44a564fc","","","","","A"
"228","AC1338001C",1,2,NA,8.04,17,2,1,1,1,5,6.01,"04-13-2015","15:47:00","5D3","N","N","AACOPD","UNK",9,0,3693,"CO","",0.14,"S","COACHWAY",175,"F","S",5724,"CO","","FOXGRAPE LA",39.01522353,-76.56102487,1,0,1,"M",NA,1,NA,0,0,0,88,0,"P",0,NA,0,"",NA,"",NA,0,NA,"09-APR-65","4bd89044-c45d-4ffc-bc9e-afc8efe9b4e7","","","","",""
"229","AC13530018",1,2,0,2,88,2,1,1,1,0,6.01,"11/10/2016","16:02:00","4B3","Y","N","AACOPD","UNK",4,0,3207,"CO","",0.19,"E","SELBY BLVD",0,"F","E",3210,"CO","","4TH AVE",38.90609897,-76.51735667,1,0,1,"M",1,3,NA,1,10.88,1,2,88,"P",0,NA,0,"",NA,"Y",NA,1,NA,"5-Oct-05","379df534-de42-4d01-9249-7865449517dd","","","","","A"
"230","AC13580017",1,2,0,88,88,2,1,1,88,0,6.01,"02-12-2016","11:18:00","2C2","N","N","AACOPD","UNK",3,3,2,"MD","",36.01,"N","GOV RITCHIE HWY",0,"F","S",670,"CO","","KUETHE RD",39.17052892,-76.61946735,1,0,1,"M",1,2,NA,1,88,99,1,88,"P",0,NA,0,"",NA,"U",NA,0,NA,"23-APR-63","f64e2496-da20-4269-9632-8e91de2c9685","MD","C","","",""
"231","AC13580019",1,2,0,1,88,2,NA,1,2,0,6.01,"03-21-2016","09:03:00","2C2","N","N","AACOPD","UNK",3,1,2,"MD","",37.75,"N","GOV RITCHIE HWY",200,"F","N",270,"MD","","FURNACE BRANCH RD",39.1833814,-76.6126178,1,0,1,"F",1,2,NA,2,1,0,1,53,"P",0,NA,0,"",NA,"N",NA,0,NA,"27-DEC-75","5781cd96-5f95-434f-97f9-6df2a166c150","","","","","A"
"232","AC1377000K",4,2,0,1,17,2,1,1,3,0,6.01,"04-26-2016","05:44:00","5D1","N","N","AACOPD","UNK",3,0,3,"MD","",2.65,"N","ROBERT CRAIN HWY",300,"F","N",6847,"CO","","CAPITAL RACEWAY RD",39.0256102,-76.6918702,1,0,1,"M",99,5,NA,3,6,1,1,99,"P",0,NA,0,"",NA,"Y",NA,0,NA,"16-JUL-55","328e522d-100a-4d69-9c9e-83215c6347b2","","","","","A"
"233","AC1386001C",1,2,0,0,88,2,1,1,1,0,6.01,"09-23-2015","17:51:00","","N","N","AACOPD","UNK",3,0,2009,"CO","",0.37,"W","WOODS RD",100,"F","E",585,"OP","","BEACRANE RD",39.11064944,-76.50494814,1,0,1,"M",1,2,NA,3,6,1,1,52,"P",0,NA,0,"",NA,"Y",NA,1,NA,"07-MAR-05","ce906d1c-0525-495a-8027-dc27df3107a4","","","","","A"
"234","AC13860021",1,2,0,0,88,2,1,1,1,0,6.01,"04-24-2016","18:24:00","3A2","N","N","AACOPD","UNK",3,0,5074,"CO","",0,"N","SALTWOOD GLEN",30,"F","N",0,"UU","","CUL DE SAC",39.13393323,-76.52732983,1,3,1,"M",1,3,NA,3,4,1,1,56,"P",0,NA,0,"",NA,"N",NA,1,NA,"24-DEC-77","4b6e8d38-529b-4b66-ba8c-8b405d122813","","","","",""
"235","AC13860025",1,2,0,0,88,2,NA,1,88,0,7.01,"06-04-2016","10:41:00","5E2","N","N","AACOPD","UNK",3,0,5501,"OP","",0.18,"E","ARUNDEL MILLS CIR",200,"F","E",5502,"OP","","MILLS DR",39.15335113,-76.72364205,1,1,1,"F",1,3,NA,1,88,0,1,88,"P",0,NA,0,"",NA,"Y",NA,1,NA,"28-JUN-64","e41833d8-ffe4-46df-95f2-cbd999a71d31","","","","","A"