"UNIQUE_ID","REPORT_NO","LIGHT_CODE","COUNTY_NO","MUNI_CODE","JUNCTION_CODE","COLLISION_TYPE_CODE","SURF_COND_CODE","LANE_CODE","RD_COND_CODE","RD_DIV_CODE","FIX_OBJ_CODE","WEATHER_CODE","ACC_DATE","ACC_TIME","LOC_CODE","SIGNAL_FLAG","C_M_ZONE_FLAG","AGENCY_CODE","AREA_CODE","HARM_EVENT_CODE1","HARM_EVENT_CODE2","RTE_NO","ROUTE_TYPE_CODE","RTE_SUFFIX","LOG_MILE","LOGMILE_DIR_FLAG","MAINROAD_NAME","DISTANCE","FEET_MILES_FLAG","DISTANCE_DIR_FLAG","REFERENCE_NO","REFERENCE_TYPE_CODE","REFERENCE_SUFFIX","REFERENCE_ROAD_NAME","LATITUDE","LONGITUDE","drv","occ","ped","SEX_CODE","CONDITION_CODE","INJ_SEVER_CODE","OCC_SEAT_POS_CODE","PED_VISIBLE_CODE","PED_LOCATION_CODE","PED_OBEY_CODE","PED_TYPE_CODE","MOVEMENT_CODE","PERSON_TYPE","ALCOHOL_TEST_CODE","ALCOHOL_TESTTYPE_CODE","DRUG_TEST_CODE","DRUG_TESTRESULT_CODE","BAC_CODE","FAULT_FLAG","EQUIP_PROB_CODE","SAF_EQUIP_CODE","EJECT_CODE","DATE_OF_BIRTH","PERSON_ID","LICENSE_STATE_CODE","CLASS","CDL_FLAG","VEHICLE_ID","EMS_UNIT_LABEL"
"470","AC1885000B",3,2,NA,0,17,1,1,1,1,18.88,3,"03-26-2015","22:36:00","002","N","N","AACOPD","UNK",9,9,1546,"CO","",0.68,"N","SOLLEY RD",100,"F","N",5750,"CO","","NATURE WALK LA",39.14087869,-76.56640291,1,0,2,"M",NA,1,NA,0,0,0,88,0,"P",0,NA,0,"",NA,"",NA,0,NA,"27-MAR-73","25bb2f9e-8f95-40ab-883b-cdc98a29f41d","","","","",""
"471","AC1885000B",3,2,NA,0,17,1,1,1,1,18.88,3,"03-26-2015","22:36:00","002","N","N","AACOPD","UNK",9,9,1546,"CO","",0.68,"N","SOLLEY RD",100,"F","N",5750,"CO","","NATURE WALK LA",39.14087869,-76.56640291,1,0,2,"M",0,1,NA,0,0,0,88,0,"P",0,NA,0,"",NA,"",NA,0,NA,"09-DEC-84","487282d5-9326-4285-abd0-1fbce1368e06","","","","",""
"472","AC1885000V",7.88,2,0,1,17,1,NA,1,0,7,3,"05-22-2016","04:41:00","2D1","N","N","AACOPD","UNK",9,0,641,"CO","",0.1,"N","3RD AVE SE",0,"F","N",674,"CO","","N ST SE",39.15968219,-76.62354469,1,0,1,"F",NA,1,NA,0,15.88,0,88,0,"P",0,NA,0,"",NA,"N",NA,0,NA,"03-APR-76","6ba55b38-c075-4c5b-b429-f02c8b208cde","","","","",""
"473","AC1886001Z",1,2,NA,NA,17,NA,NA,NA,NA,0,6.01,"08-24-2015","08:01:00","3C1","N","N","AACOPD","UNK",3,0,NA,"","",NA,"","",NA,"","",NA,"","","",39.1259155,-76.58989906,1,1,1,"M",1,3,NA,2,88,0,1,88,"P",0,NA,0,"",NA,"N",NA,1,NA,"19-MAR-96","5341e519-17e4-4b83-87e2-0fe7191a411a","MD","C","","","A"
"474","AC18860020",4,2,0,1,88,2,1,1,1,0,6.01,"09-04-2015","21:00:00","3C1","N","N","AACOPD","UNK",3,0,4261,"CO","",0.05,"S","210TH ST",100,"F","S",1619,"CO","","E SHORE RD",39.13841556,-76.54495597,1,0,1,"M",1,1,NA,2,6,1,1,53,"P",0,NA,0,"",NA,"U",NA,1,NA,"28-OCT-97","027880e3-4110-4eb1-8850-968d1fcc0b38","","","","",""
"475","AC18860024",4,2,0,1,17,2,1,1,1,0,6.01,"10-10-2015","20:05:00","3C1","N","N","AACOPD","UNK",4,0,6742,"CO","",0,"E","STONE HOLLOW CT",200,"F","E",3996,"CO","","APPALACHIAN DR",39.13373128,-76.55528568,1,0,1,"M",1,1,NA,2,4,0,2,53,"P",0,NA,0,"",NA,"Y",NA,1,NA,"17-JUN-02","45210a8b-03fb-4464-bb52-696a6fe42e53","","","","",""
"476","AC1886003C",1,2,0,3,17,2,1,1,1,0,7.01,"09-03-2016","09:59:00","3C1","Y","N","AACOPD","UNK",4,0,4505,"CO","",3.98,"N","JUMPERS HOLE RD",600,"F","N",2,"MD","","GOV RITCHIE HWY",39.12782145,-76.58871889,1,2,1,"F",1,3,NA,1,6,99,2,53,"P",0,NA,0,"",NA,"Y",NA,1,NA,"20-AUG-96  00:00:00","50f2892f-a33b-4341-bf9c-31d09d1eacbb","","","","","A"
"477","AC1887001D",3,2,0,2,88,2,1,1,1,0,6.01,"4/14/2017","23:16:00","2B3","Y","N","AACOPD","UNK",3,0,199,"CO","",0.97,"N","BROADVIEW BLVD",0,"F","N",562,"CO","","HOLLINS FERRY RD",39.18652335,-76.6425767,1,0,1,"M",1,3,NA,2,16.05,0,1,51,"P",0,NA,0,"",NA,"N",NA,1,NA,"7-Nov-83","ecf6200e-3e75-41c4-87b4-4f1ebc43b23b","MD","ID","","","A"
"478","AC1891001N",5.02,2,0,1,17,2,1,1,1,0,6.01,"03-17-2016","18:23:00","5C1","N","N","AACOPD","UNK",3,0,3656,"CO","",0.51,"S","PARKE WEST DR",100,"F","N",3658,"CO","","PARKLAND PL",39.1363569,-76.64551042,1,1,1,"F",1,3,NA,1,1,0,1,57,"P",0,NA,0,"",NA,"N",NA,1,NA,"15-NOV-69","0804933d-8ee2-409a-8517-54f697170ff1","MD","C","","","A"
"479","AC18950012",1,2,NA,1,17,2,3,1,0,4,0,"02-23-2015","13:45:00","3B1","N","N","AACOPD","UNK",9,3,3,"MD","BU",0.98,"N","CRAIN HWY",500,"F","N",3828,"CO","","CRAINMONT DR",39.13262353,-76.63699865,1,0,1,"M",NA,1,NA,99,1,0,1,53,"P",99,NA,99,"",NA,"",NA,0,NA,"01-JAN-00","08137c97-a858-4e07-ae4c-7070a12612cb","","","","",""
"480","AC18950018",1,2,NA,0,88,2,1,1,2,0,6.01,"06-25-2015","19:17:00","3B1","Y","N","AACOPD","UNK",4,0,NA,"MD","",5.58,"E","QUARTERFIELD RD",5,"F","E",NA,"RP","","RAMP 6 FR MD 174 EB TO MD 100 SB",39.15167884,-76.63512111,1,0,1,"M",1,3,NA,1,10.88,1,2,51,"P",0,NA,0,"",NA,"",NA,1,NA,"14-SEP-95","c2a1e824-a1cc-404f-9a09-c5708d7b7c6f","MD","","","",""
"481","AC1895001C",1,2,NA,NA,88,NA,NA,NA,NA,0,0,"07-31-2015","15:33:00","3B1","N","N","AACOPD","UNK",3,0,NA,"","",NA,"","",NA,"","",NA,"","","",39.14884999,-76.63780332,1,0,1,"F",NA,3,NA,3,88,1,1,88,"P",0,NA,0,"",NA,"N",NA,1,NA,"05-MAR-81","69cd7ebf-56a3-4944-acde-d23691c3de1f","","","","","A"
"482","AC1902000P",1,2,NA,NA,88,NA,NA,NA,NA,0,6.01,"02-27-2015","07:10:00","3B2","Y","N","AACOPD","UNK",3,0,NA,"","",NA,"","",NA,"","",NA,"","","",39.13743333,-76.62182333,1,0,1,"F",1,2,NA,3,5,1,1,51,"P",0,NA,0,"",NA,"",NA,0,NA,"12-APR-59","5a981782-8c91-42f0-bbe0-de2746c8632d","MD","c","","",""
"483","AC1906001N",4,2,0,1,88,2,1,1,1,0,6.01,"10-19-2015","06:45:00","4C1","N","N","AACOPD","UNK",3,0,2,"MD","",11.07,"N","SOLOMONS ISLAND RD",200,"F","S",3550,"CO","","HARWOOD RD",38.8637375,-76.61991835,1,0,1,"M",1,2,NA,4,88,88,6,59,"P",0,NA,0,"",NA,"N",NA,1,NA,"31-AUG-88","ed34caa6-fc9b-4509-a5fb-392d3247b0c7","","","","","A"
"484","AC1906001R",1,2,NA,NA,17,NA,NA,NA,NA,0,7.01,"11-07-2015","14:41:00","4A2","N","N","AACOPD","UNK",3,0,NA,"","",NA,"","",NA,"","",NA,"","","",38.974783,-76.5426,1,0,1,"F",1,2,NA,2,5,1,1,51,"P",0,NA,0,"",NA,"N",NA,1,NA,"21-SEP-90","c23b8e37-87a9-4ecf-abd3-166217d415b3","MA","c","","","A"
"485","AC1906001Z",3,2,0,2,17,2,1,1,1,0,6.01,"01-08-2016","19:50:00","4A2","Y","N","AACOPD","UNK",3,0,2749,"CO","",5.54,"E","RIVA RD",0,"F","E",2836,"CO","","FOREST DR",38.98122147,-76.54484801,1,0,1,"M",1,2,NA,2,9.05,3,1,51,"P",0,NA,0,"",NA,"Y",NA,1,NA,"02-AUG-63","664bfee9-8912-4dfb-8cde-ff149e0eb360","MD","C","","","A"
"486","AC1906003S",1,2,NA,NA,88,NA,NA,NA,NA,0,7.01,"1/17/2017","13:00:00","4A2","N","N","AACOPD","UNK",3,0,NA,"","",NA,"","",NA,"","",NA,"","","",38.98088787,-76.54022455,1,0,1,"M",1,3,NA,2,5,1,1,51,"P",0,NA,0,"",NA,"U",NA,1,NA,"20-Mar-37","88aa0453-d6cf-47f9-be86-57fc81a93968","","","","",""
"487","AC19090017",3,2,NA,1,2,2,1,1,1,0,6.01,"05-20-2015","20:38:00","002","N","N","AACOPD","UNK",4,4,4505,"CO","",4.63,"N","JUMPERS HOLE RD",400,"F","N",177,"MD","","MOUNTAIN RD",39.13219494,-76.58476532,1,0,1,"M",1,2,NA,2,6,1,2,52,"P",0,NA,0,"",NA,"",NA,1,NA,"13-JUN-82","d33e55ab-49a0-4066-9593-2d203ce23cf0","MD","","","","A"
"488","AC1909001G",1,2,0,1,17,2,NA,1,0,0,0,"10-10-2015","12:36:00","5D3","N","N","AACOPD","UNK",3,3,2619,"CO","",2.99,"N","CROWNSVILLE RD",1,"M","N",178,"MD","","GENERALS HWY",39.0261416,-76.60121482,1,0,2,"M",1,1,NA,4,14.88,1,1,56,"P",0,NA,0,"",NA,"N",NA,25.88,NA,"17-DEC-98","120de7cd-eeb3-43bd-be6e-c111a6b0f0f9","MD","","","",""
"489","AC1909001G",1,2,0,1,17,2,NA,1,0,0,0,"10-10-2015","12:36:00","5D3","N","N","AACOPD","UNK",3,3,2619,"CO","",2.99,"N","CROWNSVILLE RD",1,"M","N",178,"MD","","GENERALS HWY",39.0261416,-76.60121482,1,0,2,"M",1,1,NA,4,14.88,1,1,56,"P",0,NA,0,"",NA,"N",NA,25.88,NA,"08-APR-95","8ea17cdd-cc43-4fa0-ab93-9246f506f08f","MD","","","",""
"490","AC1909001S",1,2,NA,NA,17,NA,NA,NA,NA,0,6.01,"02-28-2016","16:05:00","2D3","N","N","AACOPD","UNK",3,3,NA,"","",NA,"","",NA,"","",NA,"","","",39.13633515,-76.58529639,1,0,1,"M",1,3,NA,2,6,1,7,88,"P",0,NA,0,"",NA,"U",NA,0,NA,"22-SEP-47","5f2c29b5-3daa-4e3e-84e5-4c13a5e246ab","MD","","","","A"
"491","AC1909001V",1,2,0,1,17,2,1,1,1,0,6.01,"04-05-2016","17:12:00","2D3","N","N","AACOPD","UNK",3,3,1586,"CO","",0.12,"S","WILLIAM CHAMBERS JR DR",50,"F","S",463,"OP","","DOGWOOD RD",39.15842601,-76.53579354,1,0,1,"M",1,3,NA,3,6,1,1,52,"P",0,NA,0,"",NA,"Y",NA,1,NA,"22-MAY-95","61aaeb35-7e49-4467-8974-e1aca6147063","FL","","","","A"
"492","AC19090027",1,2,0,2,11,2,2,1,3,0,6.01,"05-31-2016","16:03:00","2D3","Y","N","AACOPD","UNK",4,1,4505,"CO","",4.63,"N","JUMPERS HOLE RD",0,"F","N",648,"MD","E","BALTO ANNAPOLIS BLVD (AHEAD)",39.13398836,-76.58453465,1,0,1,"M",1,3,NA,3,1,3,2,51,"P",0,NA,0,"",NA,"Y",NA,1,NA,"29-NOV-94","b577ed03-ca1a-4a4c-8c5d-371b4698b313","MD","N/A","","","A"
"493","AC1909002K",3,2,NA,1,17,2,1,1,3,0,6.01,"12/15/2016","22:05:00","2B3","N","N","AACOPD","UNK",3,3,0,"MD","",5.21,"N","BALTO ANNAPOLIS BLVD",0,"F","S",NA,"","","CHRISTOS CT",39.18781981,-76.64235234,1,0,1,"M",1,3,NA,2,1,1,1,88,"P",0,NA,0,"",NA,"N",NA,0,NA,"14-Jan-76","7f6bb80a-2911-4d9e-8208-261ece80743b","MD","C","","","A"
"494","AC1910000R",4,2,NA,1,17,2,NA,1,1,0,6.01,"07-04-2015","00:45:00","5C1","N","N","AACOPD","UNK",3,0,NA,"CO","",0.26,"N","QUAIL DR",0,"U","N",NA,"CO","","COVINGTON AVE",39.13219302,-76.64441828,1,0,1,"M",1,2,NA,2,10.88,1,1,51,"P",0,NA,0,"",NA,"",NA,1,NA,"15-JAN-93","0244da78-8f6d-43d7-a572-c57006cf0f8b","MD","None","","","A"
"495","AC19100010",4,2,NA,NA,17,NA,NA,NA,NA,0,6.01,"12-04-2015","05:38:00","5A3","N","N","AACOPD","UNK",3,0,NA,"","",NA,"","",NA,"","",NA,"","","",39.16097432,-76.69885483,1,0,1,"M",1,1,NA,2,88,0,1,88,"P",0,NA,0,"",NA,"U",NA,1,NA,"07-APR-73","6b5019d7-86da-4f74-9a9d-36f43361cec9","MD","C","","",""
"496","AC19100014",3,16,13,2,17,2,NA,1,4,4,6.01,"04-06-2016","01:41:00","5D1","Y","N","AACOPD","UNK",3,16,73,"CO","",2.85,"E","MITCHELLVILLE RD",0,"F","E",197,"MD","","COLLINGTON RD",38.94407229,-76.72401488,1,0,1,"M",0,2,NA,1,88,0,88,88,"P",0,NA,0,"",NA,"N",NA,0,NA,"01-JAN-00","4f966e5d-c11a-4b61-8721-82071ca548ec","","","","",""
"497","AC19120013",1,2,NA,1,88,5,NA,5,88,0,7.01,"07-03-2015","07:41:00","3A4","N","N","AACOPD","UNK",3,0,NA,"MD","",6.15,"E","MOUNTAIN RD",0,"F","E",NA,"CO","","GARLAND RD",39.10759792,-76.49366328,1,0,1,"M",1,3,NA,0,14.88,0,1,52,"P",0,NA,0,"",NA,"",NA,0,NA,"16-OCT-62","dcc283dc-9e06-4d5e-bce8-2e68bb9fde4f","MD","","","","A"
"498","AC1916002H",3,2,0,2,88,2,1,1,4,0,6.01,"12-07-2015","19:26:00","02","Y","N","AACOPD","UNK",3,0,2,"MD","",36.99,"N","GOV RITCHIE HWY",0,"F","N",513,"CO","","6TH AVE NE",39.17191009,-76.61957502,1,1,1,"F",1,2,NA,2,5,1,1,51,"P",0,NA,0,"",NA,"Y",NA,1,NA,"13-SEP-62","2218594d-3515-4437-a161-28103979ccf9","","","","","A"
"499","AC1916003C",3,2,0,1,88,2,1,1,4,0,6.01,"03-26-2016","21:20:00","2C1","N","N","AACOPD","UNK",3,0,2,"MD","",36.66,"N","GOV RITCHIE HWY",350,"F","N",6568,"CO","","GEORGIA AVE NE",39.16681123,-76.62206411,1,0,1,"M",2,2,NA,2,6,1,1,52,"P",0,NA,0,"",NA,"Y",NA,1,NA,"15-JAN-62","67463659-26c2-4c88-95ac-2afb491ed32a","","","","","A"
"500","AC1916003R",1,2,0,1,88,2,2,1,1,0,0,"06-20-2016","15:05:00","2C1","N","N","AACOPD","UNK",3,0,656,"CO","",0.23,"E","GEORGIA AVE NW",50,"F","E",3,"MD","BU","CRAIN HWY",39.16796103,-76.62354057,1,0,1,"M",1,3,NA,2,6,99,1,52,"P",0,NA,0,"",NA,"Y",NA,1,NA,"02-JAN-54","d5cdc560-acbd-4707-b6d8-96438451f65c","","","","","A"
"501","AC1916003T",1,2,0,1,88,2,NA,1,4,0,6.01,"08-23-2016","09:47:00","2C1","N","N","AACOPD","UNK",3,3,2,"MD","",37.29,"N","GOV RITCHIE HWY",350,"F","S",512,"CO","","8TH AVE NE",39.17769107,-76.61649533,1,0,4,"F",1,2,NA,2,1,1,1,54,"P",0,NA,0,"",NA,"Y",NA,1,NA,"12-APR-87  00:00:00","474deef0-3685-4234-8308-ae3f5e7c9942","MD","C","","",""
"502","AC1916003T",1,2,0,1,88,2,NA,1,4,0,6.01,"08-23-2016","09:47:00","2C1","N","N","AACOPD","UNK",3,3,2,"MD","",37.29,"N","GOV RITCHIE HWY",350,"F","S",512,"CO","","8TH AVE NE",39.17769107,-76.61649533,1,0,4,"M",1,1,NA,2,1,1,1,54,"P",0,NA,0,"",NA,"N",NA,1,NA,"01-MAY-08  00:00:00","3bae28bc-9c38-4f4a-beed-9d80f319df96","","","","",""
"503","AC1916003T",1,2,0,1,88,2,NA,1,4,0,6.01,"08-23-2016","09:47:00","2C1","N","N","AACOPD","UNK",3,3,2,"MD","",37.29,"N","GOV RITCHIE HWY",350,"F","S",512,"CO","","8TH AVE NE",39.17769107,-76.61649533,1,0,4,"F",1,1,NA,2,1,1,1,54,"P",0,NA,0,"",NA,"N",NA,1,NA,"10-DEC-04  00:00:00","861757bd-aff1-4db6-8ef5-3eba1fcd5cec","","","","",""
"504","AC1916003T",1,2,0,1,88,2,NA,1,4,0,6.01,"08-23-2016","09:47:00","2C1","N","N","AACOPD","UNK",3,3,2,"MD","",37.29,"N","GOV RITCHIE HWY",350,"F","S",512,"CO","","8TH AVE NE",39.17769107,-76.61649533,1,0,4,"M",1,2,NA,2,1,1,1,54,"P",0,NA,0,"",NA,"N",NA,1,NA,"17-FEB-16  00:00:00","eeb102ed-63ea-4a8e-975e-bccc650dae8e","","","","",""
"505","AC1918001K",1,2,NA,NA,88,NA,NA,NA,NA,0,3,"08-20-2015","08:30:00","4B2","N","N","AACOPD","UNK",4,0,NA,"","",NA,"","",NA,"","",NA,"","","",38.94076885,-76.56303406,1,0,1,"M",1,1,NA,3,88,99,2,63.88,"P",0,NA,0,"",NA,"U",NA,1,NA,"29-JUN-84","a934858d-91b7-4126-9b40-22c8164e2c3e","SC","","","",""
"506","AC1918002K",3,2,0,2,88,2,4,1,4,0,6.01,"05-03-2016","21:37:00","4B2","Y","N","AACOPD","UNK",3,0,2,"MD","",17.21,"N","SOLOMONS ISLAND RD",0,"F","N",253,"MD","","MAYO RD",38.94110682,-76.56319499,1,1,1,"F",99,4,NA,2,6,1,1,52,"P",0,NA,0,"",NA,"Y",NA,0,NA,"28-JUN-91","a91efb1f-925b-45cf-adc1-28dd352401a8","MD","","","","A"
"507","AC1918002P",1,2,0,88,88,2,1,1,88,0,6.01,"07-06-2016","07:19:00","4B2","N","N","AACOPD","UNK",3,0,3082,"CO","",0.15,"E","BELMONT RD",0,"F","E",3080,"CO","","FAIRLEA DR",38.94024313,-76.54951572,1,0,1,"M",1,2,NA,4,6,0,88,88,"P",0,NA,0,"",NA,"N",NA,25.88,NA,"15-NOV-88  00:00:00","67980213-23c9-438a-bdbd-9ad78fb95635","MD","C","","",""
"508","AC1919001T",0,2,NA,1,88,3,NA,1,1,0,0,"03-20-2015","14:23:00","2D1","N","N","AACOPD","UNK",3,0,642,"CO","",0.18,"E","4TH AVE SW",0,"M","E",6563,"CO","","B ST SW",39.160755,-76.630467,1,0,1,"F",1,2,NA,0,0,1,1,88,"P",0,NA,0,"",NA,"",NA,0,NA,"21-APR-72","bae943c5-7cf9-42fd-8133-da4f4776e5e4","MD","c","","","A"
"509","AC1919002F",3,2,0,1,88,2,1,1,3,0,0,"10-23-2015","20:44:00","2C1","N","N","AACOPD","UNK",3,0,648,"MD","E",2.45,"N","BALTO ANNAPOLIS BLVD",NA,"M","N",728,"CO","","HARDING RD",39.159088,-76.611606,1,0,1,"M",0,2,NA,0,6,1,1,88,"P",0,NA,0,"",NA,"Y",NA,0,NA,"23-OCT-15","eddd8a9c-3f0e-497c-be2c-441b406fc3d1","","C","","",""
"510","AC1920000Z",1,2,0,3,88,0,NA,1,1,0,6.01,"07-29-2015","17:21:00","3D3","N","N","AACOPD","UNK",4,0,2420,"CO","",4.09,"E","COLLEGE PKWY",5,"F","E",2473,"CO","","GREEN HOLLY DR",39.03665032,-76.45634965,1,0,1,"M",0,1,NA,1,1,3,2,51,"P",0,NA,0,"",NA,"Y",NA,21,NA,"31-OCT-49","e1b27007-4adf-43ea-b253-711bf4fced3d","","","","",""
"511","AC19200019",1,2,0,0,17,2,1,1,1,0,6.01,"10-20-2015","16:46:00","4A2","N","N","AACOPD","UNK",4,0,2838,"CO","",0.34,"W","HARRY S TRUMAN PKWY",NA,"F","E",2749,"CO","","RIVA RD",38.97732654,-76.5536356,1,0,1,"F",0,2,NA,2,12.88,99,2,52,"P",0,NA,0,"",NA,"Y",NA,99,NA,"15-MAY-41","483745bc-1bb1-4874-ab1e-0583c3977716","","","","","A"
"512","AC19200022",1,2,0,3,17,2,1,1,1,0,6.01,"10/7/2016","13:29:00","","Y","Y","AACOPD","UNK",3,0,2837,"CO","",0.492,"S","WOMACK DR",NA,"M","S",4155,"CO","","ADMIRAL COCHRANE RD",38.9733435,-76.5470318,1,1,1,"M",NA,2,NA,4,88,88,88,88,"P",0,NA,0,"",NA,"U",NA,25.88,NA,"17-Jun-84","99d5dfae-0206-4300-8477-89b41a0c194c","MD","I","","","A"
"513","AC1921001L",3,2,0,2,17,2,1,1,5.01,0,6.01,"11-20-2015","21:05:00","3A1","N","N","AACOPD","UNK",3,0,173,"MD","",5.32,"N","FORT SMALLWOOD RD",0,"F","N",1715,"CO","","SOMERSET RD",39.15860071,-76.51786566,1,0,1,"M",2,3,NA,2,10.88,1,1,51,"P",0,NA,0,"",NA,"Y",NA,1,NA,"02-APR-70","a54017db-566f-4c49-9297-98d4c88613db","MD","C","","",""
"514","AC1921001X",1,2,0,1,17,2,1,1,5.01,0,6.01,"04-18-2016","07:40:00","3A2","N","N","AACOPD","UNK",3,0,177,"MD","",2.77,"E","MOUNTAIN RD",226,"F","E",1631,"CO","","OUTING AVE",39.12876192,-76.54803514,1,0,1,"F",1,3,NA,3,1,0,1,53,"P",0,NA,0,"",NA,"N",NA,1,NA,"25-APR-02","2b81edbe-7b5f-419f-953a-5f8ee5d4a517","","","","","A"
"515","AC19210022",1,2,0,1,17,2,1,1,1,0,6.01,"10/7/2016","16:15:00","3A2","N","N","AACOPD","UNK",3,0,1652,"CO","",0,"W","GLEN AVE",296,"F","W",1644,"CO","","EDGEWOOD RD",39.1448811,-76.54439807,1,0,1,"M",1,2,NA,2,1,1,1,56,"P",0,NA,0,"",NA,"U",NA,1,NA,"14-Aug-62","055bd550-71eb-4d9a-b674-2566c90c9b8d","MD","C","","",""
"516","AC1922000N",3,2,0,2,17,2,NA,1,1,0,7.01,"07-14-2015","04:09:00","5B1","Y","N","AACOPD","UNK",3,0,3982,"CO","",0.34,"W","SEVERN TREE BLVD",0,"F","W",5902,"CO","","SAGEBRUSH CT",39.13473735,-76.70835346,1,1,1,"F",1,3,NA,2,10.88,1,1,88,"P",0,NA,0,"",NA,"N",NA,0,NA,"04-JUL-95","ed6571c1-ed96-42d3-a18b-7aa78014ef57","","","","","A"
"517","AC1926000W",1,2,NA,NA,17,NA,NA,NA,NA,2,3,"01-03-2015","12:45:00","4A1","N","N","AACOPD","UNK",9,0,NA,"","",NA,"","",NA,"","",NA,"","","",38.98776813,-76.54925823,1,1,1,"F",1,3,NA,0,15.88,0,88,88,"P",0,NA,0,"",NA,"",NA,0,NA,"01-MAY-06","ba60090e-a7d6-43b1-a391-020bad85c863","","","","","C"
"518","AC1926003G",1,2,NA,NA,17,NA,NA,NA,NA,0,6.01,"12/14/2016","15:57:00","4C2","N","N","AACOPD","UNK",3,0,NA,"","",NA,"","",NA,"","",NA,"","","",38.92852573,-76.59196968,1,0,1,"M",1,2,NA,3,88,0,1,56,"P",0,NA,0,"",NA,"U",NA,0,NA,"30-Dec-75","ac69f3be-fe61-4ed2-a941-d4b8652d4532","MD","CDL","","",""
"519","AC1929000V",3,2,0,1,88,2,1,1,1,0,0,"09-12-2015","00:35:00","2C1","N","N","AACOPD","UNK",88,0,661,"CO","",0.51,"E","DELAWARE AVE",50,"F","W",666,"CO","","DORCHESTER RD",39.16064719,-76.6129446,1,0,1,"M",0,1,NA,0,0,0,88,0,"P",0,NA,0,"",NA,"N",NA,0,NA,"14-NOV-73","df40ff4d-1abc-4ee3-9593-1083191413ec","","","","",""
"520","AC1930001Q",3,2,NA,2,11,2,1,1,1,0,6.01,"03-07-2015","19:36:00","5C3","Y","N","AACOPD","UNK",4,0,1080,"CO","",0.08,"S","MAPLE RIDGE LA",0,"F","S",1081,"CO","","WILLIAMSBURG LA",39.07632619,-76.68979526,1,3,1,"M",1,1,NA,99,6,1,2,51,"P",0,NA,0,"",NA,"",NA,1,NA,"06-APR-98","ab607870-d0a9-4acb-ac8b-e6cc8e8ef8a3","","n/a","","",""
"521","AC1932000W",1,2,0,9.04,17,2,1,1,1,0,6.01,"10-06-2015","09:59:00","5A2","Y","N","AACOPD","UNK",3,0,996,"CO","",0.36,"N","RUSSETT GREEN E",100,"F","N",5586,"CO","","RIDGEMERE CROSSING",39.09937674,-76.80246949,1,0,1,"F",3,2,NA,3,5,2,1,51,"P",0,NA,0,"",NA,"N",NA,1,NA,"03-SEP-55","0af35fb6-f7fd-46b4-9b23-0cc0ef7ff368","MD","c","","","A"
"522","AC19330014",3,2,NA,1,11,2,1,1,1,0,6.01,"05-05-2015","20:50:00","2A1","N","N","AACOPD","UNK",4,0,369,"CO","",0.18,"E","E 11TH AVE",100,"F","E",67,"OP","","ALLEY 27",39.22420818,-76.61021948,1,0,1,"M",1,2,NA,3,6,1,2,52,"P",0,NA,0,"",NA,"",NA,1,NA,"27-JUL-07","3ec1feb7-8e23-44c0-a081-36a6523a0ca7","","","","","A"
"523","AC1933001H",3,2,NA,NA,11,NA,NA,NA,NA,0,0,"11-06-2015","03:36:00","5E2","N","N","AACOPD","UNK",6,0,NA,"","",NA,"","",NA,"","",NA,"","","",39.15763967,-76.72696787,1,0,1,"M",1,2,NA,4,88,0,7,88,"P",0,NA,0,"",NA,"Y",NA,25.88,NA,"01-MAY-77","87bd9ced-7a47-4180-8c82-51a3114da588","NC","c","","",""
"524","AC1933001Z",5.02,2,0,2,17,2,1,1,4,0,6.01,"10/25/2016","6:57:00","2D2","Y","N","AACOPD","UNK",3,0,2,"MD","",35.98,"N","GOV RITCHIE HWY",0,"F","N",6560,"CO","","5TH AVE SE",39.15822635,-76.61877036,1,0,2,"M",1,3,NA,3,6,88,1,62.88,"P",0,NA,0,"",NA,"U",NA,1,NA,"6-Feb-01","0d73f30f-a354-423d-9842-a56e487dfe41","","","","","A"
"525","AC1933001Z",5.02,2,0,2,17,2,1,1,4,0,6.01,"10/25/2016","6:57:00","2D2","Y","N","AACOPD","UNK",3,0,2,"MD","",35.98,"N","GOV RITCHIE HWY",0,"F","N",6560,"CO","","5TH AVE SE",39.15822635,-76.61877036,1,0,2,"M",1,3,NA,3,5,88,1,62.88,"P",0,NA,0,"",NA,"U",NA,1,NA,"14-Dec-99","cc182850-44f4-4057-a8b0-5cb615ca7c5d","","","","","A"
"526","AC19340010",1,2,0,1,17,2,1,1,1,0,6.01,"01-02-2016","15:05:00","5B1","N","N","AACOPD","UNK",3,0,5075,"OP","",1.325,"E","BLUE WATER BLVD",NA,"M","E",0,"UU","","BENOLI CT",39.10504503,-76.7019392,1,0,1,"M",99,2,NA,3,88,0,1,55,"P",0,NA,0,"",NA,"Y",NA,0,NA,"22-MAR-05","a8ab8eff-4ccb-472d-b96d-d32d20f6f76d","","","","","A"
"527","AC19380011",1,2,NA,1,8,88,1,1,4,88,6.01,"02-14-2015","08:54:00","5A3","N","N","AACOPD","UNK",1,1,100,"MD","",0.18,"E","NO NAME",90,"F","E",100,"MD","M","COCA COLA DR",39.1771167,-76.7389226,2,2,1,"M",1,3,NA,99,1,0,1,56,"P",0,NA,0,"",NA,"",NA,0,NA,"26-JUN-96","326f5587-3283-49ed-81ca-f83450fea2f6","MD","C","","","A"