"UNIQUE_ID","REPORT_NO","LIGHT_CODE","COUNTY_NO","MUNI_CODE","JUNCTION_CODE","COLLISION_TYPE_CODE","SURF_COND_CODE","LANE_CODE","RD_COND_CODE","RD_DIV_CODE","FIX_OBJ_CODE","WEATHER_CODE","ACC_DATE","ACC_TIME","LOC_CODE","SIGNAL_FLAG","C_M_ZONE_FLAG","AGENCY_CODE","AREA_CODE","HARM_EVENT_CODE1","HARM_EVENT_CODE2","RTE_NO","ROUTE_TYPE_CODE","RTE_SUFFIX","LOG_MILE","LOGMILE_DIR_FLAG","MAINROAD_NAME","DISTANCE","FEET_MILES_FLAG","DISTANCE_DIR_FLAG","REFERENCE_NO","REFERENCE_TYPE_CODE","REFERENCE_SUFFIX","REFERENCE_ROAD_NAME","LATITUDE","LONGITUDE","drv","occ","ped","SEX_CODE","CONDITION_CODE","INJ_SEVER_CODE","OCC_SEAT_POS_CODE","PED_VISIBLE_CODE","PED_LOCATION_CODE","PED_OBEY_CODE","PED_TYPE_CODE","MOVEMENT_CODE","PERSON_TYPE","ALCOHOL_TEST_CODE","ALCOHOL_TESTTYPE_CODE","DRUG_TEST_CODE","DRUG_TESTRESULT_CODE","BAC_CODE","FAULT_FLAG","EQUIP_PROB_CODE","SAF_EQUIP_CODE","EJECT_CODE","DATE_OF_BIRTH","PERSON_ID","LICENSE_STATE_CODE","CLASS","CDL_FLAG","VEHICLE_ID","EMS_UNIT_LABEL"
"763","AC2073000G",3,2,0,1,2,1,1,1,1,0,0,"09-12-2015","21:37:00","2A1","N","N","AACOPD","UNK",4,1,171,"MD","",0.06,"E","CHURCH ST",0,"F","E",320,"CO","","JOHNSON ST",39.21814061,-76.61256909,1,0,1,"M",1,1,NA,2,6,1,2,53,"P",0,NA,0,"",NA,"N",NA,1,NA,"17-FEB-00","c14fa2ac-f817-4e27-8405-d9c238fca0e2","","","","",""
"764","AC20730021",1,2,0,2,2,0,NA,1,4,0,0,"2/7/2017","10:16:00","2D2","Y","N","AACOPD","UNK",4,0,2,"MD","",35.59,"N","GOV RITCHIE HWY",0,"F","N",711,"CO","","FITZALLEN RD",39.15348868,-76.61495407,1,0,1,"M",1,1,NA,0,5,3,2,51,"P",0,NA,0,"",NA,"Y",NA,0,NA,"24-Aug-90","186d297b-01e5-46d7-b8d9-5390aa615c4b","MD","I","","",""
"765","AC20790002",1,2,NA,1,0,2,1,1,3,0,6.01,"05-28-2015","19:58:00","5A1","N","N","AACOPD","UNK",4,0,4912,"CO","",3.11,"W","BROCK BRIDGE RD",1,"M","W",198,"MD","","LAUREL FT MEADE RD",39.10174545,-76.81880002,1,0,1,"M",1,3,NA,2,88,0,2,53,"P",0,NA,0,"",NA,"",NA,0,NA,"14-MAR-93","146e0094-603d-4b49-ba64-66aa523407d3","MD","","","","A"
"766","AC2079000C",1,2,0,3,11,2,2,1,1,0,6.01,"07-22-2015","16:55:00","5C1","Y","N","AACOPD","UNK",1,0,176,"MD","",3.55,"E","DORSEY RD",5,"F","E",3973,"CO","","WB&A RD",39.16548863,-76.67351961,1,0,1,"M",1,3,NA,3,8,2,2,51,"P",0,NA,0,"",NA,"N",NA,21,NA,"22-JUL-54","bd76a7d8-77c0-42a1-9deb-0847d7a3d03f","MD","c","","","A"
"767","AC2079000N",0,2,0,2,17,99,NA,1,1,7,6.01,"09-15-2015","19:41:00","5C3","N","N","AACOPD","UNK",9,0,4645,"CO","",0.07,"E","ODENTON RD",0,"F","E",5497,"CO","","N PATUXENT RD",39.08628682,-76.70437574,1,0,1,"M",0,1,NA,99,15.88,0,88,0,"P",0,NA,0,"",NA,"N",NA,0,NA,"21-JUL-47","0286e43e-c23a-4e86-bc1e-c85013241385","MD","c","","",""
"768","AC20790023",1,2,0,3,11,2,2,1,4,0,6.01,"2/11/2017","12:21:00","5A1","Y","N","AACOPD","UNK",4,0,198,"MD","",0.83,"E","LAUREL FT MEADE RD",5,"F","E",975,"CO","","OLD LINE AVE",39.10077136,-76.82139516,1,0,1,"M",1,3,NA,99,9.05,0,2,51,"P",0,NA,0,"",NA,"N",NA,1,NA,"5-Jan-01","ddce6583-3a3a-4303-a786-8378001ff98d","","","","","A"
"769","AC20810009",1,2,0,2,11,2,1,1,1,0,6.01,"09-02-2015","10:19:00","5C3","Y","N","AACOPD","UNK",4,0,5496,"CO","",0.61,"N","PINEY ORCHARD PKWY",0,"F","N",5581,"CO","","STRAWBERRY LAKE WAY",39.06433993,-76.72278643,1,0,1,"M",1,3,NA,3,5,3,2,51,"P",0,NA,0,"",NA,"Y",NA,1,NA,"06-JUN-70","39b7f320-d52d-4859-97e1-9fa2e6adc7a8","MD","c","","","A"
"770","AC2084000R",4,2,NA,NA,17,NA,NA,NA,NA,0,3,"10-03-2015","19:15:00","4A2","N","N","AACOPD","UNK",3,0,NA,"","",NA,"","",NA,"","",NA,"","","",38.97385679,-76.54222012,1,0,1,"F",1,3,NA,3,88,0,1,56,"P",0,NA,0,"",NA,"N",NA,0,NA,"03-MAY-71","6dfcaf27-7911-42f9-b343-319d3d0b073c","MD","","","","A"
"771","AC2089001F",1,2,0,2,11,2,2,1,4,0,0,"6/3/2017","13:30:00","2D2","Y","N","AACOPD","UNK",3,0,2,"MD","",35.59,"N","GOV RITCHIE HWY",0,"F","N",698,"CO","","AQUAHART RD",39.15355823,-76.614477,1,1,1,"M",99,4,NA,2,9.05,3,1,51,"P",0,NA,0,"",NA,"Y",NA,1,NA,"3-Jan-90","c5d86d84-d6ee-4bdc-b10f-02008a3d5593","MD","C","","","A"
"772","AC20900007",6.02,2,0,2,0,2,1,1,4,0,0,"11-03-2015","16:42:00","5A1","Y","N","AACOPD","UNK",3,0,198,"MD","",1.69,"E","LAUREL FT MEADE RD",0,"F","E",996,"CO","","RUSSETT GREEN E",39.09836637,-76.80647385,1,0,1,"M",1,3,NA,2,6,3,1,51,"P",0,NA,0,"",NA,"Y",NA,1,NA,"03-NOV-56","cbd0cbec-1901-4deb-9fd0-ceba9563c8a9","MD","ID","","","A"
"773","AC2092000C",1,2,NA,NA,17,NA,NA,NA,NA,0,6.01,"12-06-2015","09:53:00","","N","N","AACOPD","UNK",3,0,NA,"","",NA,"","",NA,"","",NA,"","","",39.12673115,-76.5881449,1,0,1,"F",1,3,NA,1,88,1,1,88,"P",0,NA,0,"",NA,"N",NA,1,NA,"23-JAN-84","b4f735f0-38c9-43a7-901e-31a48b2d8c38","MD","","","",""
"774","AC20930005",1,2,NA,2,11,2,1,1,1,0,0,"07-03-2015","16:36:00","2A1","N","N","AACOPD","UNK",4,4,NA,"CO","",0.1,"E","E 11TH AVE",0,"F","E",NA,"CO","","1ST ST",39.22323833,-76.610615,1,4,1,"M",1,3,NA,3,10.88,1,2,51,"P",0,NA,0,"",NA,"",NA,1,NA,"29-OCT-99","a41bd4ff-7f06-446f-8840-6139175b2878","","","","","A"
"775","AC20930009",1,2,0,1,3,2,3,1,4,0,6.01,"09-03-2015","12:19:00","2C2","N","N","AACOPD","UNK",1,2,2,"MD","",37.75,"N","GOV RITCHIE HWY",300,"F","N",270,"MD","","FURNACE BRANCH RD",39.18279833,-76.61260333,1,0,1,"M",1,3,NA,3,88,0,1,59,"P",0,NA,0,"",NA,"N",NA,0,NA,"24-OCT-78","92c25926-4ed0-4de5-8db8-fbcca32bafb2","MD","CDL","","","B"
"776","AC2093000N",1,2,0,1,88,2,1,1,88,0,0,"12-24-2015","15:55:00","W5E2","N","N","AACOPD","UNK",88,3,5501,"OP","",0.57,"E","ARUNDEL MILLS CIR",50,"F","W",5504,"OP","","BASS PRO DR",39.15667896,-76.72245383,1,1,1,"F",1,3,NA,2,88,1,1,88,"P",0,NA,0,"",NA,"N",NA,0,NA,"05-MAR-96","bbe032e4-d49e-4560-8c64-445253c54c9d","MD","C","","","A"
"777","AC2094001S",4,2,0,1,88,1,1,0,1,88,6.01,"5/6/2017","21:05:00","2D3","N","N","AACOPD","UNK",1,0,648,"MD","E",0.52,"N","BALTO ANNAPOLIS BLVD",0,"F","N",417,"OP","","FAYWOOD DR",39.14081004,-76.58858746,1,0,1,"F",1,3,NA,2,5,0,1,51,"P",0,NA,0,"",NA,"N",NA,0,NA,"9-Oct-54","864010d3-3964-4c20-ba02-53c8acea5dae","MD","C","","","A"
"778","AC2095001J",1,2,0,88,3,2,NA,1,88,0,6.01,"08-07-2016","12:26:00","2B3","N","N","AACOPD","UNK",1,3,648,"MD","E",3.81,"N","BALTO ANNAPOLIS BLVD",100,"F","S",3616,"CO","","8TH AVE NW",39.17234545,-76.63252397,2,0,1,"M",NA,3,NA,0,2,0,1,56,"P",0,NA,0,"",NA,"N",NA,1,NA,"04-JUL-86  00:00:00","c24b792a-8973-4311-b2e7-f31b17639a85","","","","",""
"779","AC2097001R",1,2,NA,NA,88,NA,NA,NA,NA,0,6.01,"11/23/2016","13:33:00","3C3","N","N","AACOPD","UNK",1,3,NA,"","",NA,"","",NA,"","",NA,"","","",39.08534995,-76.55286983,1,0,1,"M",1,2,NA,3,4,1,1,52,"P",0,NA,0,"",NA,"Y",NA,1,NA,"2-Feb-37","a84a8544-59a0-4f59-93ab-8b8e95e2a22d","MD","C","","","A"
"780","AC2098001P",1,2,0,2,17,2,1,1,1,4,0,"08-20-2016","17:42:00","5C3","Y","N","AACOPD","UNK",1,0,2632,"CO","",0,"W","EVERGREEN RD",0,"F","W",3,"MD","","ROBERT CRAIN HWY",39.03406245,-76.68715773,1,0,2,"M",1,3,NA,1,3,1,1,63.88,"P",0,NA,0,"",NA,"N",NA,1,NA,"23-SEP-77  00:00:00","b81200bc-7757-4196-9114-3c12443c9930","","","","",""
"781","AC2098001P",1,2,0,2,17,2,1,1,1,4,0,"08-20-2016","17:42:00","5C3","Y","N","AACOPD","UNK",1,0,2632,"CO","",0,"W","EVERGREEN RD",0,"F","W",3,"MD","","ROBERT CRAIN HWY",39.03406245,-76.68715773,1,0,2,"F",1,2,NA,1,3,0,1,63.88,"P",0,NA,0,"",NA,"N",NA,0,NA,"06-JUN-10  00:00:00","a2226057-ac3a-4eef-bea1-40f02eb27857","","","","",""
"782","AC2100000M",3,2,0,1,88,2,1,1,1,0,6.01,"08-13-2016","20:00:00","3A2","Y","N","AACOPD","UNK",3,0,1644,"CO","",0.14,"N","EDGEWOOD RD",100,"F","S",481,"OP","","9TH ST",39.14237234,-76.53978467,1,0,1,"F",1,3,NA,3,1,1,1,54,"P",0,NA,0,"",NA,"N",NA,0,NA,"28-SEP-85  00:00:00","38d50810-831a-4575-a082-2d6dd77ca670","","","","",""
"783","AC21010004",1,2,0,1,17,2,1,1,3,0,6.01,"06-21-2016","10:17:00","2B1","N","N","AACOPD","UNK",3,0,17,"CO","",0.52,"N","HAMMONDS FERRY RD",5,"F","N",46,"CO","","HAWTHORNE RD",39.20329985,-76.65776566,1,0,1,"M",1,3,NA,1,1,0,1,53,"P",0,NA,0,"",NA,"N",NA,1,NA,"19-SEP-72","e60beefd-365d-4d20-bdd8-8e9bc35be33f","MD","","","","A"
"784","AC21020004",1,2,0,1,17,1,1,1,1,7,7.01,"05-09-2016","15:04:00","3C2","N","N","AACOPD","UNK",9,11,1417,"CO","",0.3,"W","OBRECHT RD",100,"F","W",1408,"CO","","SEVERN RD",39.11676792,-76.59543514,1,0,1,"M",0,1,NA,0,88,0,7,0,"P",0,NA,0,"",NA,"N",NA,0,NA,"28-AUG-67","a74cfa8e-6a5d-4d08-b320-61a88b28449d","","","","",""
"785","AC2102000H",1,2,0,1,17,0,1,0,3,0,6.01,"07-22-2016","14:52:00","3D2","N","N","AACOPD","UNK",6,0,2488,"CO","",1.09,"N","CAPE ST CLAIRE RD",300,"F","N",2458,"CO","","BROADVIEW DR",39.04677126,-76.43573239,1,0,1,"M",1,4,NA,2,6,88,7,88,"P",0,NA,0,"",NA,"Y",NA,1,NA,"10-JUN-03  00:00:00","ddd5ff1d-1b98-4312-a667-2cdea53be808","","","","","A"
"786","AC2102000K",1,2,0,2,17,0,1,1,3,0,0,"07-30-2016","14:21:00","3B2","N","N","AACOPD","UNK",6,0,4280,"CO","",1.02,"S","ELVATON RD",0,"F","S",1395,"CO","","SHETLANDS LA",39.12795461,-76.62047356,1,0,1,"M",0,1,NA,1,6,88,6,51,"P",0,NA,0,"",NA,"Y",NA,21,NA,"31-DEC-00  00:00:00","5de1f9fb-efa0-440a-8694-88b3d43def4d","","UNKNO","","",""
"787","AC2102001V",1,2,0,2,17,2,1,1,1,0,7.01,"4/30/2017","12:34:00","3C2","N","N","AACOPD","UNK",4,0,2099,"CO","",0.25,"W","EARLEIGH HEIGHTS RD W",0,"F","W",2088,"CO","","LIGHT STREET AVE",39.09764904,-76.56925276,1,0,1,"M",1,2,NA,4,9.05,2,2,51,"P",0,NA,0,"",NA,"Y",NA,21,NA,"11-Jul-53","878ded3d-a74d-4915-9384-707fc31fcca0","MD","C","","",""
"788","AC2103000D",1,2,NA,NA,88,NA,NA,NA,NA,0,6.01,"06-25-2016","13:50:00","5D2","N","N","AACOPD","UNK",3,0,NA,"","",NA,"","",NA,"","",NA,"","","",39.03746923,-76.6784064,1,1,1,"F",1,3,NA,1,88,1,1,52,"P",0,NA,0,"",NA,"N",NA,0,NA,"17-SEP-53","1edd6c0c-6b51-47ad-affd-8e2bae35922d","MD","C","","","A"
"789","AC2103001C",1,2,NA,NA,88,NA,NA,NA,NA,0,0,"11/22/2016","14:34:00","5B1","N","N","AACOPD","UNK",3,0,NA,"","",NA,"","",NA,"","",NA,"","","",39.09620441,-76.71984136,1,0,1,"M",1,3,NA,2,88,0,1,0,"P",0,NA,0,"",NA,"U",NA,0,NA,"10-Jul-81","76900d2b-39fc-4c8c-a5fa-7a609c965c23","MD","C","","","A"
"790","AC2103001Y",3,2,NA,NA,88,NA,NA,NA,NA,0,0,"3/17/2017","20:10:00","5C3","N","N","AACOPD","UNK",3,0,NA,"","",NA,"","",NA,"","",NA,"","","",39.03635493,-76.68074777,1,0,1,"M",1,3,NA,2,88,1,1,88,"P",0,NA,0,"",NA,"N",NA,0,NA,"26-Oct-89","4f435871-d6bd-491a-bab9-6322e0cc1811","MD","C","","","A"
"791","AC2104000C",1,2,0,1,88,2,NA,1,0,88,6.01,"06-02-2016","16:20:00","3B3","N","N","AACOPD","UNK",3,0,5461,"CO","",3.44,"N","VETERANS HWY",150,"F","S",1350,"CO","","OLD MILL RD",39.09389792,-76.6232872,1,0,1,"M",1,1,NA,1,14.88,1,1,59,"P",0,NA,0,"",NA,"U",NA,1,NA,"21-APR-71","985f557f-aeac-4687-b9fc-85a1634e831f","MD","A","","",""
"792","AC2104000K",6.02,2,0,1,88,2,NA,1,88,88,6.01,"08-31-2016","19:08:00","","N","N","AACOPD","UNK",3,0,2420,"CO","",1.7,"E","COLLEGE PKWY",NA,"M","E",5429,"CO","","LOCUST RIDGE LA",39.05749419,-76.52763963,1,0,2,"F",88,4,NA,3,6,1,1,88,"P",0,NA,0,"",NA,"N",NA,1,NA,"01-JUL-80  00:00:00","54b14e3f-7971-4699-9b5e-fcc3e0da47ae","","","","","A"
"793","AC2104000K",6.02,2,0,1,88,2,NA,1,88,88,6.01,"08-31-2016","19:08:00","","N","N","AACOPD","UNK",3,0,2420,"CO","",1.7,"E","COLLEGE PKWY",NA,"M","E",5429,"CO","","LOCUST RIDGE LA",39.05749419,-76.52763963,1,0,2,"M",1,2,NA,3,88,1,1,88,"P",0,NA,0,"",NA,"N",NA,0,NA,"14-JUN-14  00:00:00","aaae47a2-bbdd-4b4b-8ef4-cb76a869352d","","","","","A"
"794","AC2105000B",1,2,NA,NA,0,NA,NA,NA,NA,88,6.01,"06-25-2016","15:59:00","4B2","N","N","AACOPD","UNK",3,0,NA,"","",NA,"","",NA,"","",NA,"","","",38.92827592,-76.57301352,1,1,1,"M",NA,3,NA,0,5,1,1,88,"P",0,NA,0,"",NA,"N",NA,1,NA,"14-MAY-55","a9e1cdaf-4a55-467f-9672-256de03c4c00","","","","",""
"795","AC2108000F",4,2,0,1,17,2,1,1,1,0,6.01,"08-19-2016","22:59:00","4C3","N","N","AACOPD","UNK",3,0,256,"MD","",3.05,"E","DEALE CHURCHTON RD",100,"F","E",3464,"CO","","KINGFISHER RD",38.7876941,-76.55040354,1,0,1,"M",1,2,NA,1,4,1,1,53,"P",0,NA,0,"",NA,"N",NA,1,NA,"15-DEC-83  00:00:00","edddaf01-e283-4d02-b9bb-2e04eb1e437f","","","","",""
"796","AC2108000G",4,2,0,1,17,2,1,1,1,0,6.01,"08-19-2016","22:59:00","4C3","N","N","AACOPD","UNK",3,0,256,"MD","",3.05,"E","DEALE CHURCHTON RD",100,"F","E",3464,"CO","","KINGFISHER RD",38.78771292,-76.55037269,1,0,1,"F",1,2,NA,1,4,1,1,53,"P",0,NA,0,"",NA,"N",NA,1,NA,"15-DEC-83  00:00:00","9200dfbe-25c7-46be-acca-4ce02588b8bd","","","","",""
"797","AC2110000L",1,2,0,2,88,2,NA,1,4,88,6.01,"08-29-2016","18:18:00","4A1","Y","N","AACOPD","UNK",1,88,178,"MD","",0.34,"N","GENERALS HWY",0,"F","N",5824,"CO","","HOUSLEY RD",38.99103811,-76.54952377,2,0,1,"M",1,1,NA,1,3,0,1,56,"P",0,NA,0,"",NA,"N",NA,1,NA,"31-MAR-60  00:00:00","f1dbf27f-356c-4b5c-9631-94f0cfd2ed4b","MD","C","","",""
"798","AC2110000Q",1,2,NA,NA,17,NA,NA,NA,NA,88,6.01,"10/14/2016","9:52:00","4A1","N","N","AACOPD","UNK",10,0,NA,"","",NA,"","",NA,"","",NA,"","","",38.98538097,-76.55056715,1,0,1,"M",1,1,NA,0,2,0,88,88,"P",0,NA,0,"",NA,"N",NA,1,NA,"26-May-97","8d261a95-aa6a-4df1-8f7a-a6a0f2b231fb","MD","C","","",""
"799","AC2110000S",1,2,NA,NA,88,NA,NA,NA,NA,0,6.01,"11/7/2016","16:36:00","4A1","N","N","AACOPD","UNK",2,0,NA,"","",NA,"","",NA,"","",NA,"","","",38.99046168,-76.53778911,1,0,1,"M",1,1,NA,88,0,0,88,88,"P",0,NA,0,"",NA,"N",NA,0,NA,"19-Jan-73","63fef0ff-3a1e-48bf-94c6-6ae4e008b54e","MD","C","","",""
"800","AC2110001B",1,2,0,88,88,2,NA,1,88,0,7.01,"1/27/2017","14:08:00","4A2","N","N","AACOPD","UNK",3,0,2836,"CO","",0.185,"S","FOREST DR",100,"F","N",0,"UU","","ENT TO SHOPPING CENTER",38.97875895,-76.54399868,2,0,1,"F",1,2,NA,3,10.88,99,1,51,"P",1,NA,1,"",NA,"U",NA,1,NA,"13-Oct-91","c0073027-63af-49ee-b4f5-a95f7336feb6","MD","C","","","A"
"801","AC21110019",1,2,0,1,17,2,1,1,1,88,6.01,"2/28/2017","8:22:00","3A2","N","N","AACOPD","UNK",3,3,1674,"CO","",0,"W","WHARF DR",100,"F","W",1650,"CO","","STONEY CREEK DR",39.14828958,-76.52931082,1,0,1,"M",1,2,NA,3,1,0,1,88,"P",0,NA,0,"",NA,"N",NA,1,NA,"5-Nov-66","f1169b39-70a8-43e5-9ff9-5e41580b751b","","","","",""
"802","AC21110021",1,2,0,2,11,2,1,1,1,0,6.01,"6/16/2017","14:20:00","3C1","Y","N","AACOPD","UNK",4,4,3996,"CO","",0,"N","APPALACHIAN DR",0,"F","N",177,"MD","","MOUNTAIN RD",39.12994407,-76.55487182,1,0,1,"M",1,3,NA,3,6,0,2,54,"P",0,NA,0,"",NA,"U",NA,1,NA,"26-Dec-01","47e39117-1c64-4c6f-99de-128b680f0d7e","","","","","A"
"803","AC21110026",1,2,0,1,88,2,1,1,1,0,6.01,"6/30/2017","10:57:00","3A4","N","N","AACOPD","UNK",6,6,1952,"CO","",0,"S","HICKORY POINT RD",500,"F","S",177,"MD","","MOUNTAIN RD",39.10111767,-76.4654685,1,0,1,"M",1,1,NA,3,0,0,6,59,"P",0,NA,0,"",NA,"Y",NA,99,NA,"31-Jan-84","2693812b-3ec9-484a-a158-a04a51d811cc","MD","C","","",""
"804","AC2112000M",3,2,NA,NA,17,NA,NA,NA,NA,0,0,"12/12/2016","17:17:00","","N","N","AACOPD","UNK",3,3,NA,"","",NA,"","",NA,"","",NA,"","","",39.20239582,-76.6861161,1,0,1,"M",1,3,NA,2,88,1,1,52,"P",0,NA,0,"",NA,"U",NA,1,NA,"30-Mar-90","0de7d8bf-0c60-4c69-b47e-2fcec3efa5d5","MD","C","","","A"
"805","AC2112000Z",1,2,0,1,88,2,1,1,1,0,6.01,"5/4/2017","15:42:00","","N","N","AACOPD","UNK",3,3,776,"CO","",0,"E","COOPER RD",200,"F","W",777,"CO","","SCOTT AVE",39.14442345,-76.5951401,1,0,1,"M",1,2,NA,2,6,1,1,52,"P",0,NA,0,"",NA,"Y",NA,1,NA,"1-Mar-02","2c9fb76f-e7cd-46a5-9bb5-5705e27d481b","","","","","A"
"806","AC21140004",1,2,0,0,17,2,1,1,1,0,6.01,"04-30-2016","19:42:00","2A1","N","N","AACOPD","UNK",3,0,345,"CO","",0.2,"N","WASENA AVE",70,"F","S",343,"CO","","WOOD ST",39.22253127,-76.60205098,1,0,1,"F",1,3,NA,3,6,1,1,52,"P",0,NA,0,"",NA,"Y",NA,0,NA,"10-MAY-13","a735f4fc-1f23-4455-87e9-bcfc1f92e15d","","","","","A"
"807","AC2114000N",1,2,0,3,17,2,1,1,3,0,0,"08-16-2016","17:17:00","2A2","Y","N","AACOPD","UNK",3,0,302,"CO","",0.27,"S","HARRIS HEIGHTS AVE",0,"F","N",42,"OP","","S CHARTER RD",39.19838827,-76.61838412,1,0,1,"M",1,2,NA,3,10.88,1,1,51,"P",0,NA,0,"",NA,"Y",NA,1,NA,"15-JUN-88  00:00:00","18e636ba-b149-4694-9392-93d13d1378ef","MD","ID","","","A"
"808","AC2114001M",1,2,0,2,15,2,1,1,3,0,0,"6/16/2017","16:32:00","2B1","N","N","AACOPD","UNK",4,0,15,"CO","",0.26,"N","MUSIC LA",0,"F","N",17,"CO","","HAMMONDS FERRY RD",39.19886775,-76.65761278,1,0,1,"F",1,2,NA,1,9.05,0,2,51,"P",0,NA,0,"",NA,"Y",NA,0,NA,"24-Jul-81","5e3daaac-245d-4750-8ade-9bd9da1de0ff","MD","C","","","A"
"809","AC2118000L",1,2,0,1,88,2,1,1,1,0,6.01,"09-16-2016","17:50:00","2D1","N","N","AACOPD","UNK",3,0,620,"CO","",0.33,"W","WILSON BLVD",10,"F","W",626,"CO","","GLEN HEIGHTS AVE",39.15880167,-76.635495,1,0,1,"M",1,4,NA,0,88,1,1,55,"P",0,NA,0,"",NA,"Y",NA,0,NA,"26-JUL-07  00:00:00","c19bc1f3-1cf7-445e-9b61-9ef768334fa7","","","","","A"
"810","AC21190007",1,2,NA,NA,17,NA,NA,NA,NA,0,6.01,"06-05-2016","15:46:00","2C1","N","N","AACOPD","UNK",3,0,NA,"","",NA,"","",NA,"","",NA,"","","",39.16488763,-76.62313566,1,0,1,"M",1,2,NA,1,88,1,1,56,"P",0,NA,0,"",NA,"N",NA,0,NA,"03-AUG-95","e0db2475-788f-4237-b218-1bcc0cc125d2","","","","",""
"811","AC2120000Z",1,2,0,2,12,2,1,1,1,0,6.01,"2/7/2017","15:57:00","5D1","Y","N","AACOPD","UNK",4,0,424,"MD","",7.35,"N","DAVIDSONVILLE RD",0,"F","N",2637,"CO","","RIEDEL RD",39.0108007,-76.68163061,1,0,1,"M",99,3,NA,3,1,2,2,53,"P",0,NA,0,"",NA,"N",NA,21,NA,"22-Jul-74","0093416e-d7f9-4d29-89e6-d8ea6de5c7c6","MD","C","","","A"
"812","AC2122000H",4,2,NA,NA,17,NA,NA,NA,NA,0,6.01,"10/12/2016","21:17:00","2C1","N","N","AACOPD","UNK",3,0,NA,"","",NA,"","",NA,"","",NA,"","","",39.15790606,-76.62002429,1,0,1,"M",0,2,NA,1,0,1,1,56,"P",0,NA,0,"",NA,"N",NA,1,NA,"21-Sep-83","fd5f2790-9894-42d6-8ded-9d0c0458d349","","","","",""
"813","AC21240003",6.02,2,0,3,17,2,NA,1,4,0,0,"04-29-2016","19:45:00","5B1","N","N","AACOPD","UNK",3,0,6035,"CO","",0.43,"E","BLUE WATER BLVD",100,"F","E",6036,"CO","","REGIMENT WAY",39.066656,-76.714405,1,0,1,"M",1,3,NA,99,5,99,1,51,"P",0,NA,0,"",NA,"N",NA,99,NA,"09-FEB-73","4238223c-9c99-4b62-aa90-3f1a8385f6d0","MD","C","","",""
"814","AC21260006",1,2,0,9.04,11,2,1,1,4,0,6.01,"06-13-2016","18:02:00","5A1","N","N","AACOPD","UNK",4,0,198,"MD","",0.83,"E","LAUREL FT MEADE RD",NA,"M","W",975,"CO","","OLD LINE AVE",39.10069226,-76.82280064,1,0,1,"M",1,1,NA,3,5,1,2,51,"P",0,NA,0,"",NA,"N",NA,1,NA,"03-MAR-98","c32b626b-5bd9-4138-b3fb-4cf335c2c505","MD","LRNR","","",""
"815","AC2126000T",3,2,0,9.04,17,2,1,1,1,0,6.01,"12/5/2016","17:48:00","5C2","N","N","AACOPD","UNK",3,0,175,"MD","",2.272,"N","ANNAPOLIS RD",NA,"M","N",0,"UU","","ROUNDABOUT",39.0817116,-76.6882993,1,0,1,"M",1,2,NA,3,6,1,1,52,"P",0,NA,0,"",NA,"Y",NA,1,NA,"29-Jun-82","a8fd2add-fd59-441c-a09c-e3326f282989","MD","C","","","A"
"816","AC2126000Y",4,2,0,1,88,2,NA,1,1,0,6.01,"12/25/2016","20:10:00","5C3","N","N","AACOPD","UNK",1,0,1102,"CO","",0.19,"N","SALTOUN AVE",0,"F","N",1106,"CO","","ST ANDREWS LA",39.07700367,-76.6969166,1,0,1,"F",1,3,NA,3,4,1,1,57,"P",0,NA,0,"",NA,"N",NA,1,NA,"22-Oct-81","d95f976e-af17-4ce8-89f6-9a2c3689fc2f","MD","","","",""
"817","AC2126001B",1,2,0,1,17,1,1,1,1,0,7.01,"4/22/2017","11:18:00","5C3","N","N","AACOPD","UNK",4,4,1100,"CO","",0.15,"S","BRUCE AVE",0.1,"M","S",1105,"CO","","BALIOL LA",39.07759217,-76.69384003,1,0,2,"M",1,3,NA,3,1,1,2,56,"P",0,NA,0,"",NA,"N",NA,21,NA,"18-May-04","ca3fe94d-2947-44df-915c-e9eda1692ea8","","","","","B"
"818","AC2126001B",1,2,0,1,17,1,1,1,1,0,7.01,"4/22/2017","11:18:00","5C3","N","N","AACOPD","UNK",4,4,1100,"CO","",0.15,"S","BRUCE AVE",0.1,"M","S",1105,"CO","","BALIOL LA",39.07759217,-76.69384003,1,0,2,"M",1,4,NA,3,1,1,2,56,"P",0,NA,0,"",NA,"N",NA,21,NA,"27-Apr-04","85baf6dc-3bfb-4753-859e-4d05e02b1a8d","","","","","A"
"819","AC21270003",4,2,0,0,3,2,NA,1,2,0,7.01,"05-09-2016","21:29:00","4A1","N","N","AACOPD","UNK",1,0,70,"MD","",1.42,"N","ROWE BLVD",NA,"F","N",595,"RP","","RAMP 4 FR MD 70 NB TO US 50/IS 595 EB",38.99437408,-76.51261005,2,0,1,"M",99,1,NA,2,5,2,1,56,"P",0,NA,0,"",NA,"N",NA,1,NA,"08-JUN-55","49d91af5-b2b2-4aed-9379-752c45347bae","","","","",""
"820","AC21270005",3,2,NA,NA,88,NA,NA,NA,NA,88,3,"05-29-2016","20:30:00","4A1","N","N","AACOPD","UNK",3,0,NA,"","",NA,"","",NA,"","",NA,"","","",38.98707597,-76.55544877,1,0,1,"F",9.88,3,NA,99,10.88,0,1,51,"P",0,NA,0,"",NA,"N",NA,0,NA,"05-FEB-84","52093fb8-9de9-468a-bdf2-870facff2aff","","","","",""