"UNIQUE_ID","REPORT_NO","LIGHT_CODE","COUNTY_NO","MUNI_CODE","JUNCTION_CODE","COLLISION_TYPE_CODE","SURF_COND_CODE","LANE_CODE","RD_COND_CODE","RD_DIV_CODE","FIX_OBJ_CODE","WEATHER_CODE","ACC_DATE","ACC_TIME","LOC_CODE","SIGNAL_FLAG","C_M_ZONE_FLAG","AGENCY_CODE","AREA_CODE","HARM_EVENT_CODE1","HARM_EVENT_CODE2","RTE_NO","ROUTE_TYPE_CODE","RTE_SUFFIX","LOG_MILE","LOGMILE_DIR_FLAG","MAINROAD_NAME","DISTANCE","FEET_MILES_FLAG","DISTANCE_DIR_FLAG","REFERENCE_NO","REFERENCE_TYPE_CODE","REFERENCE_SUFFIX","REFERENCE_ROAD_NAME","LATITUDE","LONGITUDE","drv","occ","ped","SEX_CODE","CONDITION_CODE","INJ_SEVER_CODE","OCC_SEAT_POS_CODE","PED_VISIBLE_CODE","PED_LOCATION_CODE","PED_OBEY_CODE","PED_TYPE_CODE","MOVEMENT_CODE","PERSON_TYPE","ALCOHOL_TEST_CODE","ALCOHOL_TESTTYPE_CODE","DRUG_TEST_CODE","DRUG_TESTRESULT_CODE","BAC_CODE","FAULT_FLAG","EQUIP_PROB_CODE","SAF_EQUIP_CODE","EJECT_CODE","DATE_OF_BIRTH","PERSON_ID","LICENSE_STATE_CODE","CLASS","CDL_FLAG","VEHICLE_ID","EMS_UNIT_LABEL"
"936","ADE7460016",1,24,999,2,8,2,2,1,2,0,6.01,"08-27-2015","18:40:00","CAD#2586","N","N","BALTIMORE","UNK",4,0,1370,"MU","",1.37,"E","E MONUMENT ST",0,"F","E",1410,"MU","","N PATTERSON PARK AVE",39.2986719,-76.58515692,1,0,1,"M",1,3,NA,3,88,0,2,53,"P",0,NA,0,"",NA,"Y",NA,1,NA,"12-JAN-97","3987cd93-1d33-434a-bc89-a848f7c41a3b","","","","","A"
"937","ADE746001G",3,24,0,1,11,1,1,1,1,0,3,"10-02-2015","20:25:00","CAD#2012","N","N","BALTIMORE","UNK",3,0,129,"MD","",2.768,"N","PARK HEIGHTS AVE",100,"F","S",0,"UU","","COTTAGE AVE",39.32777463,-76.65764093,1,0,1,"M",99,4,NA,2,6,1,1,88,"P",0,NA,0,"",NA,"Y",NA,0,NA,"11-APR-75","0bea2ff6-84a2-417f-9f5d-f1541f216e05","MD","ID","","","A"
"938","ADE746001L",1,24,NA,1,17,2,1,1,1,0,6.01,"10-19-2015","12:30:00","CAD#1186","N","N","BALTIMORE","UNK",3,0,NA,"","",0,"","S. WOODYEAR AVENUE",100,"F","N",NA,"","","MCHENRY STREET",39.28525783,-76.63859725,1,0,1,"M",1,1,NA,3,6,1,1,53,"P",0,NA,0,"",NA,"U",NA,1,NA,"10-NOV-01","62314e5e-1829-448b-a666-5ad5302663d1","","","","",""
"939","ADE7460028",3,24,0,1,11,1,1,1,1,0,3,"02-09-2016","00:02:00","CAD#0004","N","N","BALTIMORE","UNK",3,0,1,"US","",1.45,"N","WILKENS AVE",200,"F","N",0,"UU","","HURLEY AVE",39.27662409,-76.66293561,1,2,1,"M",2,4,NA,2,6,1,1,52,"P",0,NA,0,"",NA,"Y",NA,1,NA,"29-JAN-67","14601853-b318-4f89-9b08-38a478485530","","","","","A"
"940","ADE746002T",1,24,999,2,11,2,1,1,2,0,6.01,"05-02-2016","16:46:00","CAD#2115","Y","N","BALTIMORE","UNK",3,0,1392,"MU","",0.771,"E","E PRATT ST",0,"F","E",0,"UU","","S EXETER ST",39.28793379,-76.60156935,1,0,1,"M",1,4,NA,3,5,1,1,51,"P",0,NA,0,"",NA,"N",NA,1,NA,"04-JUL-43","ad4c274d-7794-443e-909f-4a1cd9b45c29","","","","","A"
"941","ADE746002W",3,24,NA,1,88,1,3,1,2,0,3,"05-11-2016","21:30:00","CAD#2870","N","N","BALTIMORE","UNK",3,0,NA,"","",0,"","LIGHT STREET",50,"F","S",NA,"","","MERCER STREET",39.2883988,-76.61370635,1,0,1,"M",99,5,NA,3,6,0,1,88,"P",0,NA,0,"",NA,"Y",NA,1,NA,"28-SEP-56","2e63c944-04ab-4bd0-9801-144245212cbe","","","","","A"
"942","ADE8050002",1,24,NA,1,88,2,NA,1,1,0,7.01,"05-05-2016","14:45:00","CAD#1697","N","N","BALTIMORE","UNK",3,0,NA,"","",0,"","WEST COLD SPRING LANE",55,"F","W",NA,"","","PARK HGST",39.33947436,-76.66677922,1,2,1,"M",1,2,NA,3,6,1,1,52,"P",0,NA,0,"",NA,"Y",NA,1,NA,"16-AUG-65","5b83e639-16a5-415a-8f85-d82aa9cc3d81","","","","","A"
"943","ADE805000B",3,24,NA,3,17,2,1,1,2,88,6.01,"09-26-2016","19:15:00","CAD2392","N","N","BALTIMORE","UNK",3,0,NA,"","",0,"","5400 PARKS HGTS AVE",0,"F","E",NA,"","","3400 CLOVER",39.35049598,-76.68082729,1,0,1,"F",1,4,NA,3,0,1,1,88,"P",0,NA,0,"",NA,"N",NA,0,NA,"23-OCT-66  00:00:00","f024de63-8ddd-45d9-a08d-2f72e5eabf53","","","","","A"
"944","ADE878000H",1,24,999,0,17,2,1,1,1,0,6.01,"08-31-2015","14:52:00","2010","N","N","BALTIMORE","UNK",3,3,1920,"MU","",0.854,"E","EDMONDSON AVE",1,"F","E",0,"UU","","BRICE ST",39.29499377,-76.6497767,1,0,1,"M",1,2,NA,3,88,0,1,52,"P",0,NA,0,"",NA,"Y",NA,1,NA,"27-SEP-08","d05ccb62-ce27-42cf-bd78-1ecd483e6aac","","","","","A"
"945","ADE878000Q",1,24,999,3,5,2,NA,1,1,0,6.01,"01-18-2016","09:25:00","CAD#0711","N","N","BALTIMORE","UNK",2,3,1920,"MU","",0.04,"E","EDMONDSON AVE",20,"F","E",2030,"MU","","POPLAR GROVE ST",39.29440945,-76.66447788,3,6,1,"M",NA,2,NA,2,2,1,1,56,"P",0,NA,0,"",NA,"N",NA,0,NA,"07-MAR-61","99de1491-b491-4801-b458-e3f014716db3","","","","","E"
"946","ADE8780016",1,24,NA,2,17,2,1,1,88,0,6.01,"06-02-2016","20:07:00","CAD#3143","Y","N","BALTIMORE","UNK",4,4,NA,"","",0,"","HARLEM AVENUE",0,"F","S",NA,"","","PAYSON STREET",39.29633677,-76.64911821,1,0,1,"M",1,3,NA,2,6,1,2,51,"P",0,NA,0,"",NA,"Y",NA,1,NA,"28-JUL-06","a7328549-6131-4d94-a3c2-82a4489b9676","","","","","A"
"947","ADE8780018",1,24,NA,3,17,2,1,1,1,0,6.01,"07-06-2016","11:40:00","CAD#1297","Y","N","BALTIMORE","UNK",3,3,NA,"","",0,"","LANVALE",3,"F","E",NA,"","","MONROE",39.29754067,-76.64748207,1,0,1,"M",1,2,NA,2,3,1,1,51,"P",0,NA,0,"",NA,"Y",NA,1,NA,"17-DEC-59  00:00:00","df3b3596-b2f9-45f2-bb74-c230ebd4c5b0","MD","","","",""
"948","ADE8780023",3,24,NA,1,88,2,NA,1,1,0,6.01,"2/3/2017","18:11:00","CAD#2277","N","N","BALTIMORE","UNK",19,88,NA,"","",0,"","WHEELER",40,"F","N",NA,"","","RIGGS",39.30079318,-76.65510893,1,2,2,"M",NA,2,NA,99,6,0,1,56,"P",0,NA,0,"",NA,"N",NA,1,NA,"18-Sep-81","f0582bbb-22bd-4945-9576-3e99d94fcb91","","","","",""
"949","ADE8780023",3,24,NA,1,88,2,NA,1,1,0,6.01,"2/3/2017","18:11:00","CAD#2277","N","N","BALTIMORE","UNK",19,88,NA,"","",0,"","WHEELER",40,"F","N",NA,"","","RIGGS",39.30079318,-76.65510893,1,2,2,"M",NA,2,NA,2,6,0,1,56,"P",0,NA,0,"",NA,"N",NA,1,NA,"13-Oct-86","acab56bc-3ff9-4367-91a6-a1ec4a182b1d","","","","",""
"950","ADE8780029",3,24,NA,3,17,2,1,1,1,88,6.01,"3/17/2017","22:30:00","CAD#2230","Y","N","BALTIMORE","UNK",3,3,NA,"","",0,"","FULTON",15,"F","E",NA,"","","RAMSEY",39.28315269,-76.64477438,1,0,1,"M",NA,4,NA,3,3,0,1,56,"P",0,NA,0,"",NA,"N",NA,1,NA,"7-Mar-83","6e064511-b24f-4e8c-b56e-eb569b7a46e5","","","","",""
"951","ADE984000K",3,24,999,0,11,2,2,1,2,0,6.01,"11/1/2016","6:53:00","562","N","N","BALTIMORE","UNK",3,3,144,"MD","",0.18,"W","FREDERICK AVE (WB COUPLET)",25,"F","W",0,"UU","","S PAYSON ST",39.28615156,-76.64869979,1,0,1,"M",99,3,NA,0,6,0,1,52,"P",0,NA,0,"",NA,"Y",NA,1,NA,"17-Aug-59","8c6b46fb-4cd2-41d4-858c-8b8c505fb9c7","","","","","A"
"952","ADF051002B",3,24,NA,1,88,2,1,1,2,11,6.01,"04-10-2015","00:03:00","CAD#0010","N","N","BALTIMORE","UNK",2,3,NA,"","",NA,"","W LANVALE ST",15,"F","",NA,"","","ASHBURTON ST",39.29729091,-76.66182652,1,1,1,"F",1,3,NA,99,2,1,1,99,"P",0,NA,0,"",NA,"",NA,1,NA,"09-SEP-84","8e869d33-a923-4c62-8901-8f2a2b51e60c","","","","","A"
"953","ADF051002J",1,24,NA,2,17,2,1,1,1,0,6.01,"04-20-2015","13:00:00","CAD#1495","Y","N","BALTIMORE","UNK",3,0,4005,"MU","",0.325,"S","PENNSYLVANIA AVE",0,"F","S",1,"US","","NORTH AVE",39.3099093,-76.64233491,1,1,1,"M",1,2,NA,1,6,3,7,52,"P",0,NA,0,"",NA,"",NA,0,NA,"29-AUG-89","b52e8616-ce90-4902-9417-26e6fee3fcd2","","","","",""
"954","ADF051002M",1,24,NA,1,17,2,1,1,1,0,6.01,"04-28-2015","18:00:00","CAD#3550","Y","N","BALTIMORE","UNK",3,0,NA,"","",NA,"","W SARATOGA ST",20,"F","",NA,"","","N PULASKI ST",39.29193937,-76.65045664,1,0,1,"M",2,5,NA,3,6,99,1,88,"P",88,2,0,"",0.08,"",NA,0,NA,"21-AUG-65","9102aaee-b118-4086-a59e-3dc5f8e68bbf","","","","","A"
"955","ADF0510037",3,24,999,2,17,1,2,1,1,0,3,"09-29-2015","19:30:00","CAD#3002","Y","N","BALTIMORE","UNK",3,3,129,"MD","",6.742,"N","PARK HEIGHTS AVE",0,"F","N",2810,"MU","","SEVEN MILE LA",39.3680241,-76.70684069,1,0,2,"M",1,4,NA,2,5,2,1,51,"P",0,NA,0,"",NA,"N",NA,0,NA,"12-SEP-56","33a92669-ccd8-42ad-9416-28e647733cda","","","","","A"
"956","ADF0510037",3,24,999,2,17,1,2,1,1,0,3,"09-29-2015","19:30:00","CAD#3002","Y","N","BALTIMORE","UNK",3,3,129,"MD","",6.742,"N","PARK HEIGHTS AVE",0,"F","N",2810,"MU","","SEVEN MILE LA",39.3680241,-76.70684069,1,0,2,"M",1,3,NA,2,5,2,1,51,"P",0,NA,0,"",NA,"N",NA,0,NA,"29-MAY-88","66057c5c-a646-4c00-9e86-f031497f690f","","","","","B"
"957","ADF0510038",1,24,999,2,17,1,1,0,1,0,3,"10-01-2015","15:00:00","CAD#1807","Y","N","BALTIMORE","UNK",3,0,957,"MU","",0.731,"N","PARK AVE",0,"F","N",0,"UU","","RESERVOIR ST",39.31281776,-76.62807897,1,0,1,"F",1,2,NA,1,10.88,1,1,51,"P",0,NA,0,"",NA,"Y",NA,0,NA,"19-AUG-08","ead9ee5a-ec6f-4ee1-9480-aeb84bb66cbc","","","","","A"
"958","ADF051003D",3,24,999,1,17,2,2,1,1,0,6.01,"10-16-2015","18:15:00","CAD#2440","N","N","BALTIMORE","UNK",3,0,40,"US","",7.505,"E","PULASKI HWY",5,"F","E",0,"UU","","N EAST AVE",39.29556631,-76.57250226,1,0,2,"M",1,3,NA,3,6,1,88,51,"P",0,NA,0,"",NA,"Y",NA,1,NA,"20-AUG-14","baa0219e-29b0-4ccb-bcb6-dcabb9ba40a9","","","","","A"
"959","ADF051003D",3,24,999,1,17,2,2,1,1,0,6.01,"10-16-2015","18:15:00","CAD#2440","N","N","BALTIMORE","UNK",3,0,40,"US","",7.505,"E","PULASKI HWY",5,"F","E",0,"UU","","N EAST AVE",39.29556631,-76.57250226,1,0,2,"F",1,2,NA,3,6,1,1,51,"P",0,NA,0,"",NA,"Y",NA,1,NA,"18-JAN-79","7dff5a3e-fd21-406e-b666-86cfd0c25d3b","","","","","A"
"960","ADF051003L",1,24,999,1,17,2,NA,1,1,88,6.01,"11-07-2015","07:00:00","CAD#0745","N","N","BALTIMORE","UNK",3,3,1,"US","",8.41,"N","BELAIR RD",480,"F","N",0,"UU","","CLIFTMONT AVE",39.3187106,-76.57711029,1,0,2,"F",1,2,NA,1,2,1,1,56,"P",0,NA,0,"",NA,"N",NA,1,NA,"11-MAY-59","8ac9a4b8-a3d0-49bb-b2b5-e42931624d85","","","","","B"
"961","ADF051003L",1,24,999,1,17,2,NA,1,1,88,6.01,"11-07-2015","07:00:00","CAD#0745","N","N","BALTIMORE","UNK",3,3,1,"US","",8.41,"N","BELAIR RD",480,"F","N",0,"UU","","CLIFTMONT AVE",39.3187106,-76.57711029,1,0,2,"F",1,5,NA,1,2,1,1,56,"P",0,NA,0,"",NA,"N",NA,0,NA,"24-FEB-59","03528766-3edf-4d9d-ac7e-e101ab177da1","","","","","A"
"962","ADF051003Q",3,24,999,1,17,2,1,1,1,0,6.01,"12-03-2015","16:45:00","CAD#2186","N","N","BALTIMORE","UNK",3,0,1140,"MU","",1.48,"W","WOODBOURNE AVE",60,"F","E",0,"UU","","LOTHIAN AVE",39.35481542,-76.60289302,1,2,1,"M",1,5,NA,1,6,1,1,52,"P",0,NA,0,"",NA,"Y",NA,0,NA,"10-MAY-79","6685ca5b-533c-4bed-9a73-153b4985749e","","","","","A"
"963","ADF051003R",4,24,999,2,17,2,2,1,1,0,6.01,"11-17-2015","19:40:00","CAD#2863","Y","N","BALTIMORE","UNK",3,0,1,"US","",3.692,"N","FULTON AVE (NB COUPLET)",0,"F","N",4200,"MU","","MOSHER ST",39.29999882,-76.64575472,1,0,1,"F",2,5,NA,2,10.88,3,1,51,"P",2,2,0,"",0.04,"Y",NA,1,NA,"12-SEP-53","8b500c89-08b2-41b6-8f7f-56a323f74467","","","","","A"
"964","ADF051004H",1,24,999,1,17,1,1,1,2,0,7.01,"04-12-2016","10:00:00","CAD#0864","Y","N","BALTIMORE","UNK",3,0,40,"US","",2.07,"E","EDMONDSON AVE",5,"F","W",4460,"MU","","N HILTON ST",39.29411468,-76.67291746,1,0,3,"M",1,3,NA,3,6,3,1,52,"P",0,NA,0,"",NA,"Y",NA,0,NA,"25-JUN-07","bbbf5374-a6b6-4eac-9bbf-2a3a86b931c7","","","","","A"
"965","ADF051004H",1,24,999,1,17,1,1,1,2,0,7.01,"04-12-2016","10:00:00","CAD#0864","Y","N","BALTIMORE","UNK",3,0,40,"US","",2.07,"E","EDMONDSON AVE",5,"F","W",4460,"MU","","N HILTON ST",39.29411468,-76.67291746,1,0,3,"F",1,3,NA,3,6,3,1,52,"P",0,NA,0,"",NA,"Y",NA,0,NA,"09-DEC-80","4d74c81b-1816-4d51-b91b-335c23964d5a","","","","","A"
"966","ADF051004H",1,24,999,1,17,1,1,1,2,0,7.01,"04-12-2016","10:00:00","CAD#0864","Y","N","BALTIMORE","UNK",3,0,40,"US","",2.07,"E","EDMONDSON AVE",5,"F","W",4460,"MU","","N HILTON ST",39.29411468,-76.67291746,1,0,3,"M",1,4,NA,3,6,3,1,52,"P",0,NA,0,"",NA,"Y",NA,0,NA,"14-APR-09","af59e2f8-6caa-4e9c-a97d-dd21b1d664cc","","","","","B"
"967","ADF051004M",1,24,999,9.04,17,2,1,1,2,0,6.01,"05-12-2016","17:00:00","CAD#2321","Y","N","BALTIMORE","UNK",4,0,140,"MD","",3.5,"N","REISTERSTOWN RD",15,"F","S",2840,"MU","","HAYWARD AVE",39.34474218,-76.68593153,1,0,1,"M",1,1,NA,1,88,0,2,51,"P",0,NA,0,"",NA,"N",NA,1,NA,"26-FEB-62","b9dfb39a-08da-408d-a859-605629edfe0d","","","","",""
"968","ADF051004P",3,24,NA,1,7,2,1,1,1,0,6.01,"05-31-2016","03:27:00","CAD#0300","N","N","BALTIMORE","UNK",1,3,NA,"","",0,"","ELARTON COURT",60,"F","N",NA,"","","900 HONAKER COURT",39.22792535,-76.59985811,1,0,1,"M",1,4,NA,2,6,1,1,99,"P",0,NA,0,"",NA,"N",NA,0,NA,"13-APR-96","54f22ef7-b1e0-407b-9615-720336835f4e","","","","","A"
"969","ADF051005D",1,24,999,1,17,2,2,1,2,0,6.01,"3/13/2017","11:24:00","CAD#1019","N","N","BALTIMORE","UNK",3,0,40,"US","",3.237,"E","MULBERRY ST",80,"F","W",0,"UU","","N SMALLWOOD ST",39.29300061,-76.65333867,1,0,1,"M",9.88,4,NA,3,3,1,1,52,"P",0,NA,0,"",NA,"Y",NA,0,NA,"31-Oct-67","9e404977-45e1-4b3e-9675-ae3251cd6053","","","","","A"
"970","ADF061000J",1,24,NA,NA,6,NA,NA,NA,NA,0,0,"05-31-2015","13:00:00","CAD#1282","N","N","BALTIMORE","UNK",2,3,NA,"","",NA,"","",NA,"","",NA,"","","",39.34965804,-76.60992444,2,1,1,"F",1,3,NA,1,88,1,1,56,"P",0,NA,0,"",NA,"",NA,0,NA,"09-NOV-74","1cf54839-8e09-476a-9784-6a9267b8eaa2","","","","",""
"971","ADF061000M",1,24,999,2,17,2,1,1,1,0,6.01,"10-06-2015","11:40:00","CAD#1168","Y","N","BALTIMORE","UNK",3,0,45,"MD","",2.06,"N","YORK RD",0,"F","N",6151,"MU","","E 43RD ST",39.34106025,-76.60959184,1,0,1,"M",1,3,NA,2,5,1,1,51,"P",0,NA,0,"",NA,"N",NA,0,NA,"15-SEP-84","0892d657-4cb4-43b3-a7cc-b5849e2b244d","","","","",""
"972","ADF061000V",3,24,999,1,88,2,1,1,1,0,6.01,"2/2/2017","20:23:00","CAD#2764","N","N","BALTIMORE","UNK",3,0,45,"MD","",2.42,"N","YORK RD",75,"F","S",2105,"MU","","E COLD SPRING LA",39.34597014,-76.60960525,1,1,1,"M",2,2,NA,2,6,1,1,52,"P",0,NA,0,"",NA,"Y",NA,0,NA,"3-Feb-83","31c1a17b-422c-4793-81a1-e1d9fd08d18b","","","","","A"
"973","ADF0670002",1,24,999,3,88,2,1,1,2,0,6.01,"05-24-2016","12:00:00","1310","Y","N","BALTIMORE","UNK",3,0,2,"MD","",1.58,"S","LIGHT ST (SB COUPLET)",10,"F","S",0,"UU","","E REDWOOD ST",39.28888042,-76.61222845,1,0,1,"M",1,3,NA,0,5,2,1,51,"P",0,NA,0,"",NA,"N",NA,1,NA,"01-MAR-89","e892e1c4-76df-4936-9062-55c2b1725c2d","MD","","","",""
"974","ADF0670003",1,24,999,2,6,2,4,1,2,4,6.01,"05-30-2016","19:50:00","2419","Y","N","BALTIMORE","UNK",1,3,1392,"MU","",0.14,"E","E PRATT ST",0,"F","E",2,"MD","","CALVERT ST (NB COUPLET)",39.28658181,-76.61211915,2,2,2,"F",1,2,NA,0,3,0,1,56,"P",0,NA,0,"",NA,"N",NA,1,NA,"31-OCT-73","4007cb1d-52e1-4722-99ed-4ccbb95a2aff","","","","","B"
"975","ADF0670003",1,24,999,2,6,2,4,1,2,4,6.01,"05-30-2016","19:50:00","2419","Y","N","BALTIMORE","UNK",1,3,1392,"MU","",0.14,"E","E PRATT ST",0,"F","E",2,"MD","","CALVERT ST (NB COUPLET)",39.28658181,-76.61211915,2,2,2,"M",1,2,NA,0,3,0,1,56,"P",0,NA,0,"",NA,"N",NA,1,NA,"19-NOV-91","ac9b2b7a-49da-492c-ac9f-10837c2bb2b9","","","","","A"
"976","ADF0670004",1,24,999,2,0,2,3,1,2,0,6.01,"06-10-2016","19:01:00","2677","Y","N","BALTIMORE","UNK",3,0,1392,"MU","",0.259,"E","E PRATT ST",0,"F","E",0,"UU","","COMMERCE ST",39.28666329,-76.60994321,1,0,1,"F",0,4,NA,1,5,2,1,51,"P",0,NA,0,"",NA,"N",NA,1,NA,"23-AUG-97","5cabed14-8e58-41b0-b22e-1f8876f68a67","","","","","A"
"977","ADF0670005",3,24,999,0,11,2,1,1,2,0,6.01,"05-26-2016","21:48:00","3309","Y","N","BALTIMORE","UNK",4,0,2,"MD","",4,"N","LIGHT ST",0,"F","N",1392,"MU","","E PRATT ST",39.28607474,-76.61240011,1,0,1,"M",1,2,NA,2,5,3,2,51,"P",0,NA,0,"",NA,"Y",NA,1,NA,"06-FEB-97","9de19a89-5985-4053-ad5f-3b8f233e5246","","","","","A"
"978","ADF0670007",1,24,999,1,0,2,2,1,2,0,6.01,"08-20-2016","10:05:00","1067","N","N","BALTIMORE","UNK",3,0,1480,"MU","",0,"E","GAY ST",200,"F","E",1392,"MU","","E PRATT ST",39.2867235,-76.60797715,1,0,1,"F",1,2,NA,1,6,0,1,52,"P",0,NA,0,"",NA,"Y",NA,1,NA,"23-SEP-50  00:00:00","5aab62c9-3699-433e-aa3d-643820a1223a","NJ","","","","A"
"979","ADF094000C",1,24,NA,1,88,2,1,1,1,0,6.01,"04-29-2015","10:00:00","CAD#0811","N","N","BALTIMORE","UNK",3,0,NA,"","",NA,"","400BLK E-25TH",200,"F","",NA,"","","2500 GREENMOUNT AVE",39.3181636,-76.60980105,1,0,1,"M",1,3,NA,1,3,0,1,53,"P",0,NA,0,"",NA,"",NA,0,NA,"14-NOV-68","4e050f57-ad21-4239-9d33-9a0e6043828a","","","","","A"
"980","ADF094000L",3,24,NA,0,99,2,NA,1,0,0,6.01,"07-15-2015","00:55:00","CAD#0081","N","N","BALTIMORE","UNK",1,0,NA,"","",0,"","2500 HOWARD ST",400,"F","W",NA,"","","2600 HUNTINGTON ST",39.31866162,-76.61955357,1,0,1,"M",0,1,NA,0,88,0,88,0,"P",0,NA,0,"",NA,"N",NA,0,NA,"01-JAN-00","09b1ec21-1e60-4abf-ae09-ae606ab80b06","","","","",""
"981","ADF094000R",3,24,NA,1,88,1,3,1,2,5,3,"10-29-2015","05:20:00","CAD#0296","N","N","BALTIMORE","UNK",1,9,NA,"","",0,"","I 83 6.8 MILE MARKER",1,"M","N",NA,"","","2100 W-COLD SPRING LANE",39.33819754,-76.64695501,2,0,1,"F",0,1,NA,0,0,0,88,0,"P",0,NA,0,"",NA,"N",NA,0,NA,"02-JAN-70","b944a4bd-04af-4128-913b-282018524c8c","","","","",""
"982","ADF0940011",3,24,NA,1,3,2,1,1,1,0,6.01,"04-07-2016","23:19:00","CAD#3123","Y","N","BALTIMORE","UNK",1,0,NA,"","",0,"","5900 ROLAND AVE",5,"F","W",NA,"","","800 W-LAKE AVE",39.36935947,-76.63420111,2,4,1,"F",0,1,NA,0,0,0,88,0,"P",0,NA,0,"",NA,"N",NA,0,NA,"01-JAN-70","4894c2f3-97cf-4420-bb8c-9fe893c0887a","","","","",""
"983","ADF0940016",3,24,NA,1,17,2,2,1,4,23.03,6.01,"05-26-2016","04:00:00","","Y","N","BALTIMORE","UNK",16,0,NA,"","",0,"","1100 W-NORTHERN PKWY",30,"F","E",NA,"","","5500 FALLS RD",39.36132507,-76.64676189,1,0,1,"F",0,1,NA,0,0,0,88,0,"P",0,NA,0,"",NA,"N",NA,0,NA,"10-OCT-80","3efa3964-86e5-4ece-9c2c-92b35b36511c","","","","",""
"984","ADF1040013",1,24,999,1,17,1,2,1,2,0,3,"05-23-2016","15:40:00","CAD#1811","N","N","BALTIMORE","UNK",3,0,2,"MD","",5.12,"N","CALVERT ST (NB COUPLET)",10,"F","N",1351,"MU","","E CHASE ST",39.30274315,-76.61326379,1,0,1,"F",1,3,NA,3,6,1,1,56,"P",0,NA,0,"",NA,"N",NA,0,NA,"21-SEP-71","81248abd-639f-4891-858c-20f2b46d2f7b","","","","","A"
"985","ADF115000Z",1,24,NA,2,11,2,1,1,1,0,0,"2/4/2017","10:30:00","CAD#0951","Y","N","BALTIMORE","UNK",3,3,NA,"","",0,"","5300 FREDERRICK AVE ",0,"F","E",NA,"","","200 NORTH BEND RD",39.28329387,-76.70643568,1,0,1,"F",NA,3,NA,3,5,2,1,51,"P",0,NA,0,"",NA,"N",NA,0,NA,"27-Apr-48","2c1c993c-1e00-40f9-86e2-8d50846b59dd","","","","",""
"986","ADF1370003",3,24,NA,1,0,2,1,0,2,0,6.01,"05-16-2015","02:30:00","CAD#0611","N","N","BALTIMORE","UNK",3,0,NA,"","",NA,"","4600 KERNWOOD AVE.",10,"F","",NA,"","","300 E. COLDSPRING LN.",39.34585917,-76.61068887,1,0,1,"M",99,3,NA,99,6,1,1,52,"P",0,NA,0,"",NA,"",NA,0,NA,"01-DEC-93","9f64a241-bc98-4da9-957a-7b6bc7ac44db","","","","",""
"987","ADF137000F",1,24,NA,1,0,2,1,1,3,0,6.01,"06-18-2015","18:29:00","CAD#2278","N","N","BALTIMORE","UNK",3,1,NA,"","",NA,"","300 BLK. E. 27TH ST.",10,"F","",NA,"","","2700 BARCLAY ST.",39.32087566,-76.61114149,1,0,1,"F",1,3,NA,1,5,1,1,51,"P",0,NA,0,"",NA,"",NA,1,NA,"17-JUN-03","2bc7261a-c73b-47bc-9705-8109082c5358","","","","","A"
"988","ADF1820006",1,24,999,2,11,2,3,1,3,0,6.01,"1/25/2017","7:44:00","CAD507","Y","N","BALTIMORE","UNK",4,1,26,"MD","",2.6,"E","LIBERTY HEIGHTS AVE",0,"F","E",2050,"MU","","N DUKELAND ST",39.32276802,-76.66661695,2,0,1,"M",0,4,NA,99,9.05,88,2,51,"P",0,NA,0,"",NA,"Y",NA,21,NA,"22-Oct-87","6fa0782e-9423-4cb7-b9f9-af9275c8f8e3","","","","","A"
"989","ADF2210004",3,24,NA,1,88,1,1,1,1,0,0,"05-11-2016","22:30:00","CAD#2950","N","N","BALTIMORE","UNK",3,0,NA,"","",0,"","3800 FALLS ROAD",25,"F","S",NA,"","","1100 MORLING AVENUE",39.33431195,-76.63590163,1,0,1,"M",1,4,NA,88,6,0,1,52,"P",0,NA,0,"",NA,"N",NA,0,NA,"28-JAN-53","c9665ab6-cf2b-4378-ab08-b235747dacf4","","","","","A"
"990","ADF228001C",3,24,999,1,17,2,1,1,1,0,6.01,"07-15-2016","22:35:00","","N","N","BALTIMORE","UNK",4,0,2880,"MU","",1.43,"N","N HILTON ST",25,"F","S",2875,"MU","","SEQUOIA AVE",39.32906098,-76.66900814,1,1,1,"M",99,2,NA,99,88,0,2,88,"P",0,NA,0,"",NA,"Y",NA,99,NA,"15-JUL-16  00:00:00","761bcf6d-5db5-436d-9c4e-2fd64d5432db","","","","",""
"991","ADF246000H",3,24,NA,1,0,2,1,1,2,88,6.01,"08-22-2016","03:00:00","0488","Y","N","BALTIMORE","UNK",3,0,NA,"","",0,"","YORK ROAD",10,"F","W",NA,"","","WOODBOURNE AVENUE",39.35545809,-76.60983592,1,0,1,"F",3,1,NA,0,2,99,1,0,"P",0,NA,0,"",NA,"N",NA,0,NA,"18-SEP-55  00:00:00","c2a8feaa-fa80-40a1-88f6-3bfcaf35573e","","","","","A"
"992","ADF2790001",3,24,999,1,1,1,4,1,2,0,3,"10-02-2015","21:00:00","3121","N","N","BALTIMORE","UNK",3,0,1392,"MU","",0.436,"E","E PRATT ST",25,"F","E",0,"UU","","MARKET PL",39.28674426,-76.60689354,1,0,1,"F",1,3,NA,1,6,3,1,52,"P",0,NA,0,"",NA,"Y",NA,1,NA,"14-JUL-84","0ffbe346-b74a-4a5f-8ef8-4b4639d9186c","DC","","","","A"