"UNIQUE_ID","REPORT_NO","LIGHT_CODE","COUNTY_NO","MUNI_CODE","JUNCTION_CODE","COLLISION_TYPE_CODE","SURF_COND_CODE","LANE_CODE","RD_COND_CODE","RD_DIV_CODE","FIX_OBJ_CODE","WEATHER_CODE","ACC_DATE","ACC_TIME","LOC_CODE","SIGNAL_FLAG","C_M_ZONE_FLAG","AGENCY_CODE","AREA_CODE","HARM_EVENT_CODE1","HARM_EVENT_CODE2","RTE_NO","ROUTE_TYPE_CODE","RTE_SUFFIX","LOG_MILE","LOGMILE_DIR_FLAG","MAINROAD_NAME","DISTANCE","FEET_MILES_FLAG","DISTANCE_DIR_FLAG","REFERENCE_NO","REFERENCE_TYPE_CODE","REFERENCE_SUFFIX","REFERENCE_ROAD_NAME","LATITUDE","LONGITUDE","drv","occ","ped","SEX_CODE","CONDITION_CODE","INJ_SEVER_CODE","OCC_SEAT_POS_CODE","PED_VISIBLE_CODE","PED_LOCATION_CODE","PED_OBEY_CODE","PED_TYPE_CODE","MOVEMENT_CODE","PERSON_TYPE","ALCOHOL_TEST_CODE","ALCOHOL_TESTTYPE_CODE","DRUG_TEST_CODE","DRUG_TESTRESULT_CODE","BAC_CODE","FAULT_FLAG","EQUIP_PROB_CODE","SAF_EQUIP_CODE","EJECT_CODE","DATE_OF_BIRTH","PERSON_ID","LICENSE_STATE_CODE","CLASS","CDL_FLAG","VEHICLE_ID","EMS_UNIT_LABEL"
"993","ADF2790003",1,24,999,2,12,2,1,1,2,0,0,"02-04-2016","13:44:00","1653","Y","N","BALTIMORE","UNK",4,0,1390,"MU","",1.385,"W","E LOMBARD ST",0,"F","W",0,"UU","","COMMERCE ST",39.28852128,-76.61016047,1,0,1,"M",1,3,NA,0,6,3,2,51,"P",0,NA,0,"",NA,"U",NA,1,NA,"03-JAN-97","e1fa66c2-d2d3-4308-b5bd-fcfc6e6ca731","MD","","","","A"
"994","ADF3020005",1,24,NA,NA,17,NA,NA,NA,NA,0,0,"02-06-2016","16:23:00","1954","N","N","BALTIMORE","UNK",0,0,NA,"","",NA,"","",NA,"","",NA,"","","",39.27431418,-76.62746072,1,0,1,"M",1,3,NA,3,88,1,1,99,"P",0,NA,0,"",NA,"Y",NA,0,NA,"12-JAN-58","b5c92dde-a93c-413d-b316-5ad38d881e5d","","","","",""
"995","ADF3020008",1,24,NA,NA,17,NA,NA,NA,NA,0,6.01,"01-30-2016","14:30:00","1733","N","N","BALTIMORE","UNK",3,3,NA,"","",NA,"","",NA,"","",NA,"","","",39.27829445,-76.62429571,1,0,1,"F",1,3,NA,99,15.88,1,1,56,"P",0,NA,0,"",NA,"U",NA,0,NA,"12-JUN-63","616dc8cc-f9f7-45b8-9369-ea2a14362d7a","","","","",""
"996","ADF302000B",3,24,NA,NA,17,NA,NA,NA,NA,88,6.01,"02-27-2016","20:54:00","2758","N","N","BALTIMORE","UNK",3,19,NA,"","",NA,"","",NA,"","",NA,"","","",39.27345248,-76.62785769,1,0,1,"M",NA,3,NA,2,88,1,1,88,"P",0,NA,0,"",NA,"N",NA,0,NA,"11-APR-73","8ead8e8a-b830-4484-93ca-4b34a743c7b2","","","","","A"
"997","ADF302000L",3,24,999,2,88,2,1,1,4,0,6.01,"06-10-2016","20:03:00","2908","Y","N","BALTIMORE","UNK",3,0,4300,"MU","",0,"N","BAYARD ST",0,"F","N",295,"MD","","RUSSELL ST",39.27336631,-76.62859932,1,0,1,"M",1,3,NA,4,5,0,1,59,"P",0,NA,0,"",NA,"N",NA,25.88,NA,"31-AUG-63","1a84c3f6-776a-451c-ad6b-3eb765b10ee3","","","","",""
"998","ADF329000D",3,24,999,2,88,2,1,1,2,0,6.01,"1/25/2017","18:29:00","2479","Y","N","BALTIMORE","UNK",4,0,1711,"MU","",0.43,"S","CATHEDRAL ST",0,"F","S",1790,"MU","","CENTRE ST",39.29627346,-76.61692902,1,0,1,"F",1,3,NA,1,9.05,2,2,54,"P",0,NA,0,"",NA,"N",NA,21,NA,"21-May-88","9ea9572e-0896-413e-bc29-8b3c905400ec","","","","",""
"999","ADF342000D",3,24,NA,10.04,17,2,NA,1,1,7,6.01,"02-28-2016","13:30:00","1225","N","N","BALTIMORE","UNK",9,0,NA,"","",0,"","ROKEBY",50,"F","S",NA,"","","KEVIN",39.29824017,-76.68978453,1,0,1,"M",0,1,NA,0,88,0,88,0,"P",0,NA,0,"",NA,"N",NA,0,NA,"22-DEC-76","6515d8fe-ae10-4339-8cc0-1112ad87eeb0","","","","",""
"1000","ADF4080006",1,24,999,3,11,2,1,1,2,2,6.01,"09-14-2015","16:50:00","2088","Y","N","BALTIMORE","UNK",1,9,1025,"MU","",0.325,"S","N WOLFE ST",0,"F","S",0,"UU","","E LAFAYETTE AVE",39.31075939,-76.59165859,2,1,1,"M",NA,1,NA,0,0,0,88,0,"P",0,NA,0,"",NA,"N",NA,0,NA,"08-JAN-75","66d99831-caf7-4c6e-86bb-be01116af978","","","","",""
"1001","ADF408000X",1,24,NA,2,17,2,1,1,1,0,6.01,"08-19-2016","15:00:00","CAD 1781","Y","N","BALTIMORE","UNK",3,0,NA,"","",0,"","1800 N. GAY ST",0,"F","S",NA,"","","2300 E. NORTH AVE.",39.31252751,-76.58415109,1,1,1,"M",1,1,NA,2,6,3,1,52,"P",0,NA,0,"",NA,"Y",NA,0,NA,"30-JUN-88  00:00:00","4560b1ec-cb02-49da-a4e5-61a58afa7ba3","MD","ID","","",""
"1002","ADF4190008",1,24,NA,2,88,1,1,1,2,0,3,"4/22/2017","9:15:00","CAD#0791","Y","N","BALTIMORE","UNK",4,0,NA,"","",0,"","2200 MARYLAND AVE",0,"F","N",NA,"","","UNIT BLOCK WEST 22ND STREET",39.31418715,-76.61810718,1,0,1,"F",1,3,NA,3,5,0,2,51,"P",0,NA,0,"",NA,"Y",NA,21,NA,"31-Oct-89","1d7311e3-60f0-4974-a458-1d230115a375","","","","","A"
"1003","ADF4360002",1,24,NA,2,17,2,1,1,1,0,6.01,"05-05-2015","07:30:00","CAD#487","Y","Y","BALTIMORE","UNK",3,0,NA,"","",NA,"","ALICEANNA ST",0,"F","",NA,"","","PRESIDENT ST",39.2830302,-76.60248801,1,0,1,"M",1,3,NA,4,10.88,0,88,59,"P",0,NA,0,"",NA,"",NA,25.88,NA,"02-AUG-78","3c2a6892-a3f0-4369-abe3-2a6069ba2c5d","","","","","A"
"1004","ADF4510007",1,24,NA,NA,17,NA,NA,NA,NA,0,6.01,"02-08-2015","14:50:00","1561","N","N","BALTIMORE","UNK",3,0,NA,"","",NA,"","",NA,"","",NA,"","","",39.33240694,-76.6415403,1,0,1,"M",1,3,NA,3,88,0,88,55,"P",0,NA,0,"",NA,"",NA,1,NA,"19-SEP-01","ce3080ae-79ab-42f1-baa2-77841f64af17","","","","","A"
"1005","ADF451001H",1,24,NA,0,8,2,1,1,1,0,7.01,"06-26-2015","12:30:00","CAD#1123","N","N","BALTIMORE","UNK",4,0,NA,"","",NA,"","3000 BLK EAST DR",50,"F","",NA,"","","MANSION HOUSE DR",39.31948489,-76.63997456,1,1,1,"M",0,3,NA,3,6,0,2,52,"P",0,NA,0,"",NA,"",NA,21,NA,"04-AUG-98","da80786a-9a4d-4340-a4b1-d6cf216634cc","","","","","A"
"1006","ADF4510027",1,24,999,0,17,2,1,1,1,0,6.01,"12-03-2015","07:45:00","CAD#0581","N","N","BALTIMORE","UNK",3,0,2740,"MU","",0.062,"E","W 36TH ST",25,"F","W",0,"UU","","HICKORY AVE",39.33106152,-76.63388193,1,0,1,"M",0,4,NA,2,6,0,1,56,"P",0,NA,0,"",NA,"Y",NA,1,NA,"21-AUG-69","904a528b-3c0f-443a-9d72-49a6e54befdf","","","","","A"
"1007","ADF5000008",3,24,999,2,11,2,1,1,1,0,6.01,"07-19-2015","00:30:00","CAD 520","Y","N","BALTIMORE","UNK",4,0,1900,"MU","",1.066,"E","W LAFAYETTE AVE",0,"F","E",1,"US","","MONROE ST (SB COUPLET)",39.29869992,-76.64759472,1,0,2,"M",1,3,NA,3,5,99,2,51,"P",0,NA,0,"",NA,"U",NA,1,NA,"04-FEB-96","24274885-09dc-4a30-9d0a-cdc5dd99c608","","","","",""
"1008","ADF5000008",3,24,999,2,11,2,1,1,1,0,6.01,"07-19-2015","00:30:00","CAD 520","Y","N","BALTIMORE","UNK",4,0,1900,"MU","",1.066,"E","W LAFAYETTE AVE",0,"F","E",1,"US","","MONROE ST (SB COUPLET)",39.29869992,-76.64759472,1,0,2,"F",1,3,NA,3,5,0,2,51,"P",0,NA,0,"",NA,"N",NA,1,NA,"26-SEP-98","c5d647a8-37be-4543-9432-e8f3882a9bbe","","","","",""
"1009","ADF500000C",3,24,NA,2,11,2,1,1,1,0,6.01,"07-28-2015","02:25:00","CAD 0269","N","N","BALTIMORE","UNK",3,0,NA,"","",0,"","S HANOVER ST",0,"F","S",NA,"","","W RANDALL ST",39.27149671,-76.61516145,1,0,1,"F",2,4,NA,2,6,0,1,51,"P",0,NA,0,"",NA,"N",NA,0,NA,"18-OCT-91","a4115e04-b422-481a-a72c-a37685d180c9","","","","","A"
"1010","ADF504000H",3,24,NA,NA,11,NA,NA,NA,NA,0,6.01,"03-22-2015","02:01:00","CAD0324","N","N","BALTIMORE","UNK",1,3,NA,"","",NA,"","",NA,"","",NA,"","","",39.29462844,-76.62226796,2,1,1,"M",99,1,NA,99,0,0,1,56,"P",0,NA,0,"",NA,"",NA,0,NA,"16-MAY-87","8a63927d-c335-49c5-b212-6fb527b28c23","MD","","","",""
"1011","ADF5240002",1,24,NA,3,17,2,1,1,1,0,6.01,"04-09-2015","14:22:00","CAD 1395","Y","N","BALTIMORE","UNK",3,0,NA,"","",NA,"","S. CHARLES ST",5,"F","",NA,"","","CROSS ST",39.27687477,-76.61433265,1,1,1,"M",1,2,NA,2,5,99,1,51,"P",0,NA,0,"",NA,"",NA,0,NA,"10-JAN-64","fffdbc52-4140-4b10-9718-56c2cb281812","MD","ID","","","A"
"1012","ADF5490003",1,24,NA,3,2,1,2,1,4,0,6.01,"04-17-2015","06:45:00","704448","Y","N","BALTIMORE","UNK",1,0,40,"US","",6.53,"E","ORLEANS ST",0,"F","E",1025,"MU","","N WOLFE ST",39.29515153,-76.59208775,1,1,1,"F",0,1,NA,0,9.05,0,1,54,"P",0,NA,0,"",NA,"",NA,0,NA,"15-MAY-94","6639ec90-3e0e-453f-9ad5-aa2fd066849f","","","","",""
"1013","ADF5490007",1,24,NA,2,11,1,1,1,1,0,3,"06-05-2015","07:20:00","486","Y","N","BALTIMORE","UNK",1,0,40,"US","",6.84,"E","ORLEANS ST",0,"F","E",1410,"MU","","N PATTERSON PARK AVE",39.29538401,-76.58487797,2,0,1,"M",0,1,NA,0,2,0,1,56,"P",0,NA,0,"",NA,"N",NA,0,NA,"21-DEC-73","2aee1077-983f-4d78-b24f-bbfb908e551a","MD","","","",""
"1014","ADF549000B",3,24,999,2,7,2,1,1,4,0,0,"09-12-2015","03:00:00","342","N","N","BALTIMORE","UNK",1,1,40,"US","",6.198,"E","ORLEANS ST",0,"F","E",4252,"MU","","N CAROLINE ST",39.29498547,-76.59762383,1,0,1,"M",1,1,NA,0,3,0,1,56,"P",0,NA,0,"",NA,"N",NA,0,NA,"15-OCT-88","85e29f02-2a27-4e89-b712-550a49f16a33","","","","",""
"1015","ADF549000C",3,24,999,0,88,0,NA,1,2,4,0,"09-28-2015","02:30:00","187","N","N","BALTIMORE","UNK",9,0,1087,"MU","",0,"N","N WASHINGTON ST",50,"F","N",1085,"MU","","S WASHINGTON ST (BACK)",39.2950851,-76.58951283,1,0,1,"M",0,1,NA,4,2,0,88,56,"P",0,NA,0,"",NA,"N",NA,0,NA,"10-MAY-86","dcbe97cd-047f-47a1-aa05-b5612acf993c","","","","",""
"1016","ADF549000V",5.02,24,999,2,17,1,1,1,1,0,3,"02-23-2016","06:45:00","421","Y","N","BALTIMORE","UNK",3,0,1370,"MU","",1.68,"E","E MONUMENT ST",0,"F","E",2955,"MU","","N LAKEWOOD AVE",39.29888777,-76.57947063,1,0,1,"M",0,1,NA,2,99,99,1,53,"P",0,NA,0,"",NA,"U",NA,0,NA,"17-MAY-00","a5e93696-58ea-45a3-a2a8-8cd1fe28a53d","","","","","A"
"1017","ADF557000F",3,24,999,3,88,2,NA,1,1,0,6.01,"2/8/2017","5:22:00","","Y","N","BALTIMORE","UNK",3,0,2290,"MU","",0.82,"N","N ATHOL AVE",30,"F","N",144,"MD","","FREDERICK RD",39.28157484,-76.68846488,1,0,1,"F",NA,2,NA,2,4,0,1,52,"P",0,NA,0,"",NA,"Y",NA,0,NA,"13-Jan-58","39592182-f21a-4661-b867-ad61ab2cdb19","","","","",""
"1018","ADF602000H",3,24,NA,1,17,2,2,1,2,0,6.01,"06-06-2015","20:45:00","CAD#2918","N","N","BALTIMORE","UNK",3,1,NA,"","",NA,"","1100 BLK OF DRUID HILL AVENUE",3,"F","",NA,"","","400 BLK OF W HUFFMAN STREET",39.30041542,-76.62661314,1,0,1,"F",88,3,NA,3,88,1,1,88,"P",0,NA,0,"",NA,"",NA,0,NA,"20-MAY-04","17c6b09b-81a9-4e30-8b22-c19e8c2d5d4d","","","","","B"
"1019","ADF602000N",1,24,NA,2,17,2,1,1,1,0,6.01,"08-18-2015","14:10:00","CAD#2317","Y","N","BALTIMORE","UNK",3,1,NA,"","",0,"","500 BLK OF LAURENS STREET",0,"F","W",NA,"","","1800 BLK OF PENNSYLVANIA AVENUE",39.30430081,-76.63566828,1,0,1,"M",1,3,NA,3,5,2,1,51,"P",0,NA,0,"",NA,"N",NA,1,NA,"11-FEB-84","9a11ca42-da81-498c-91b8-c7a83c4dc547","","","","",""
"1020","ADF630000J",1,24,999,2,11,2,2,1,2,0,7.01,"5/30/2017","9:18:00","792","Y","N","BALTIMORE","UNK",1,0,1500,"MU","",0.1,"N","GREENMOUNT AVE",0,"F","N",1360,"MU","","E MADISON ST",39.29893551,-76.60660118,1,0,1,"M",1,1,NA,3,6,3,2,51,"P",0,NA,0,"",NA,"Y",NA,1,NA,"16-Aug-90","d60e9a42-fc1d-4190-9b49-b8c6d337606b","","","","","A"
"1021","ADF630000K",1,24,999,2,11,2,1,1,1,0,7.01,"5/30/2017","10:41:00","996","N","N","BALTIMORE","UNK",4,0,4252,"MU","",0.628,"N","N CAROLINE ST",0,"F","N",0,"UU","","ASHLAND AVE",39.30037183,-76.59773111,1,0,1,"M",1,1,NA,99,10.88,99,2,51,"P",0,NA,0,"",NA,"U",NA,1,NA,"23-Oct-95","3c15ccdc-561a-4fe0-840f-739a218c4f9e","","","","","A"
"1022","ADF6480007",1,24,NA,3,88,2,NA,1,1,0,6.01,"6/6/2017","17:25:00","2352","Y","N","BALTIMORE","UNK",3,1,NA,"","",0,"","400 S PATERSON PK AVE",0,"F","S",NA,"","","2300 BLK EASTERN AVE",39.28599482,-76.58429727,1,0,1,"M",1,2,NA,3,9.05,99,1,51,"P",0,NA,0,"",NA,"N",NA,0,NA,"6-Apr-79","9775125e-f583-4106-a00c-f5c3e2c5d8d6","","","","",""
"1023","ADF648000B",1,24,NA,2,11,2,1,1,1,0,6.01,"6/12/2017","18:45:00","2541","Y","N","BALTIMORE","UNK",1,3,NA,"","",0,"","2400 E FAIRMONT AVE",0,"F","W",NA,"","","100 E PATERSON PK AVE",39.29300725,-76.58472911,1,0,1,"M",99,4,NA,1,9.05,99,2,99,"P",0,NA,0,"",NA,"U",NA,99,NA,"17-Sep-88","b08030b2-7e7d-460b-883d-32f5d4ee91c8","","","","",""
"1024","ADF648000C",1,24,NA,2,9,2,1,1,1,0,6.01,"6/21/2017","16:10:00","","Y","N","BALTIMORE","UNK",3,1,NA,"","",0,"","1800 ORLEANS ST",0,"F","E",NA,"","","300 N WOLF ST",39.29530098,-76.59064606,1,0,1,"M",0,3,NA,3,5,2,1,51,"P",0,NA,0,"",NA,"N",NA,0,NA,"5-Aug-90","9464c558-26ad-428a-a667-228ec3564286","TN","C","","",""
"1025","ADF686000H",1,24,NA,88,88,2,1,0,0,0,6.01,"05-04-2015","08:50:00","CAD 0678","N","N","BALTIMORE","UNK",3,0,1680,"MU","",1.32,"W","E FAYETTE ST",200,"F","W",1445,"MU","","N BROADWAY",39.29402231,-76.59232378,1,0,2,"F",1,2,NA,2,88,0,1,63.88,"P",0,NA,0,"",NA,"",NA,0,NA,"16-JAN-93","50be7b42-7ea0-4502-918b-2251d458bb9d","","","","",""
"1026","ADF686000H",1,24,NA,88,88,2,1,0,0,0,6.01,"05-04-2015","08:50:00","CAD 0678","N","N","BALTIMORE","UNK",3,0,1680,"MU","",1.32,"W","E FAYETTE ST",200,"F","W",1445,"MU","","N BROADWAY",39.29402231,-76.59232378,1,0,2,"M",1,1,NA,88,3,0,1,63.88,"P",0,NA,0,"",NA,"",NA,0,NA,"23-NOV-10","c121a675-216a-482c-a4c2-ea0d6eba30cc","","","","",""
"1027","ADF6860016",3,24,999,0,17,2,1,1,2,0,7.01,"11-19-2015","00:05:00","CAD30037","N","N","BALTIMORE","UNK",3,0,40,"US","",6.53,"E","ORLEANS ST",25,"M","W",1025,"MU","","N WOLFE ST",39.29575764,-76.59174442,1,0,1,"F",1,3,NA,99,88,0,1,88,"P",0,NA,0,"",NA,"U",NA,0,NA,"12-JAN-61","a79bd3ac-4fc2-4005-beda-4d747df738bb","MD","","","",""
"1028","ADF686001G",3,24,999,0,17,2,1,1,1,0,7.01,"11/11/2016","22:20:00","CAD 2875","N","N","BALTIMORE","UNK",3,0,1410,"MU","",1.29,"S","N PATTERSON PARK AVE",10,"F","N",40,"US","","ORLEANS ST",39.29554799,-76.58493966,1,0,1,"F",3,3,NA,2,5,99,1,51,"P",0,NA,0,"",NA,"U",NA,0,NA,"17-Dec-82","d6fa344d-4c9e-44ba-8a97-0df0ba1ec373","","","","","A"
"1029","ADF736001C",3,24,NA,0,88,2,NA,1,1,0,6.01,"08-05-2016","00:09:00","3600","Y","N","BALTIMORE","UNK",4,0,NA,"","",0,"","4400 PIMLICO RD",10,"F","N",NA,"","","2500 W COLDSPRING LA",39.34034147,-76.66517794,1,0,1,"F",1,2,NA,2,3,0,2,0,"P",0,NA,0,"",NA,"N",NA,0,NA,"25-AUG-93  00:00:00","77c93baf-45ed-47ea-b20e-7b32842cd329","","","","",""
"1030","ADF736001V",3,24,NA,1,88,2,1,1,88,0,7.01,"2/18/2017","19:07:00","CAD#2327","N","N","BALTIMORE","UNK",3,0,NA,"","",0,"","5600 THE ALAMEDA ",10,"F","N",NA,"","","1100 E BELVEDERE AVE",39.3581096,-76.59498453,1,2,1,"M",1,3,NA,2,88,0,1,88,"P",0,NA,0,"",NA,"Y",NA,0,NA,"1-Aug-63","2db1a587-425f-4018-be80-51b4ff4aa8ee","","","","","A"
"1031","ADF7660009",1,24,999,1,88,2,1,1,3,0,6.01,"6/29/2017","14:20:00","1619","N","Y","BALTIMORE","UNK",3,0,1410,"MU","",0.74,"S","N PATTERSON PARK AVE",100,"F","S",1350,"MU","","CHASE ST",39.30369685,-76.58545867,1,0,1,"M",1,2,NA,3,6,1,1,53,"P",0,NA,0,"",NA,"Y",NA,1,NA,"13-Aug-69","0db01f7c-c092-4198-814c-015fbcfcad35","","","","",""
"1032","ADF784003F",1,24,999,1,17,2,1,1,1,0,6.01,"01-28-2016","13:55:00","CAD#1550","N","N","BALTIMORE","UNK",3,0,144,"MD","",2.944,"E","FREDERICK AVE",NA,"F","W",0,"UU","","TYRONNE ST",39.28242712,-76.65748134,1,0,1,"M",3,3,NA,2,6,0,1,52,"P",0,NA,88,"P",NA,"Y",NA,1,NA,"20-FEB-83","7e16875d-1652-4a08-9954-2034aee939e6","","","","","A"
"1033","ADF784003S",1,24,999,1,17,1,NA,1,2,0,3,"04-23-2016","07:50:00","CAD#935","N","N","BALTIMORE","UNK",3,0,2,"MD","",4.69,"N","CALVERT ST (NB COUPLET)",NA,"F","S",1790,"MU","","CENTRE ST",39.2962224,-76.6128467,1,0,1,"M",1,2,NA,3,1,0,1,88,"P",0,NA,0,"",NA,"Y",NA,1,NA,"25-APR-70","2a8b2407-86bc-4aa1-8ffa-eb83a1bbbbc2","","","","",""
"1034","ADF784004R",3,24,0,2,17,2,1,1,2,0,6.01,"09-25-2016","03:30:00","CAD#418","N","N","BALTIMORE","UNK",3,0,1,"US","",9.01,"S","MONROE ST (SB COUPLET)",0,"F","S",0,"UU","","W LEXINGTON ST",39.2906961,-76.64706096,1,0,1,"M",2,4,NA,3,6,1,1,51,"P",88,2,0,"",0.09,"Y",NA,1,NA,"07-MAY-67  00:00:00","dfe7f43e-e1f7-49a2-aec4-1fe61b5bc85b","","","","","A"
"1035","ADF7840059",3,24,999,3,17,2,NA,1,4,0,6.01,"1/27/2017","20:18:00","CAD#2720","Y","N","BALTIMORE","UNK",3,0,151,"MD","",3.22,"N","ERDMAN AVE",NA,"F","N",1,"US","","BELAIR RD",39.32151451,-76.57353893,1,0,1,"M",1,2,NA,3,9.05,2,1,51,"P",0,NA,0,"",NA,"N",NA,1,NA,"10-Jan-69","1555dee8-d345-4683-9d82-df174987d0d2","","","","",""
"1036","ADF784005B",3,24,999,1,17,2,2,1,2,0,6.01,"1/28/2017","2:15:00","CAD#0298","N","N","BALTIMORE","UNK",3,0,2,"MD","",4,"N","CALVERT ST (NB COUPLET)",NA,"F","N",1392,"MU","","E PRATT ST",39.28672834,-76.6120863,1,0,1,"M",2,3,NA,2,6,3,1,52,"P",0,NA,0,"",NA,"Y",NA,1,NA,"26-Apr-62","50b8f275-c803-4fe1-b4f4-59a6f9645b0b","","","","","A"
"1037","ADF784005K",3,24,NA,1,17,2,1,1,1,0,6.01,"2/19/2017","23:05:00","CAD#2970","N","N","BALTIMORE","UNK",3,0,NA,"","",0,"","LAURENS STREET",46.2,"F","W",NA,"","","N. CAREY STREET",39.30338759,-76.63918331,1,1,1,"F",1,4,NA,1,6,3,1,52,"P",0,NA,0,"",NA,"N",NA,1,NA,"20-Jun-88","3b8405cb-7ece-4771-8d7d-6169747dd227","","","","","A"
"1038","ADF784005R",1,24,NA,1,17,2,1,1,1,0,6.01,"4/13/2017","14:29:00","CAD#1647","N","N","BALTIMORE","UNK",3,0,NA,"","",0,"","N. NONTFORD AVE",111.7,"F","S",NA,"","","E. CHASE ST",39.30400251,-76.58405453,1,2,1,"M",1,2,NA,2,6,1,1,56,"P",0,NA,0,"",NA,"Y",NA,1,NA,"24-Jan-00","c841f3eb-3d89-46ee-b336-d8c52527b919","","","","","A"
"1039","ADF784005Y",3,24,999,3,17,2,3,1,2,0,6.01,"4/2/2017","23:32:00","CAD#2705","Y","N","BALTIMORE","UNK",3,0,40,"US","",4.79,"W","FRANKLIN ST (WB COUPLET)",5,"F","W",2,"MD","","ST PAUL PL (SB COUPLET)",39.29521698,-76.61439165,1,9,1,"M",2,4,NA,2,5,3,1,51,"P",3,2,3,"P",0.24,"Y",NA,1,NA,"12-Jan-73","8e991568-8ce2-4f6f-9bb2-974d7413b1b7","","","","","A"
"1040","ADF796001Q",1,24,NA,1,88,2,1,1,1,0,6.01,"03-18-2015","14:30:00","CAD#1547","N","N","BALTIMORE","UNK",3,0,NA,"","",NA,"","CHERRY HILL RD",20,"F","",NA,"","","SEABURY RD",39.25046059,-76.62190586,1,1,1,"M",1,3,NA,3,6,1,1,52,"P",0,NA,0,"",NA,"",NA,0,NA,"07-DEC-06","7a9f95bc-0134-4e04-a022-088be1dffd12","","","","","A"
"1041","ADF7960028",1,24,NA,1,88,2,1,1,1,0,6.01,"08-16-2015","09:00:00","CAD#0729","N","N","BALTIMORE","UNK",3,0,NA,"","",0,"","SANFORD PL",150,"F","E",NA,"","","PENNSYLVANIA AVE",39.30921433,-76.64059013,1,0,1,"M",1,3,NA,2,4,0,1,52,"P",0,NA,0,"",NA,"Y",NA,0,NA,"01-OCT-87","d2b5a056-4d68-4a86-8be0-5d49d1cd9756","PA","C","","","A"
"1042","ADF7960030",3,24,999,1,7,2,3,1,4,0,6.01,"01-30-2016","06:00:00","CAD#0695","N","N","BALTIMORE","UNK",3,0,1022,"MU","",2.21,"N","W NORTHERN PKWY",130,"F","N",0,"UU","","WINNER AVE",39.35471561,-76.68002397,1,0,1,"F",1,5,NA,3,4,1,1,53,"P",0,NA,0,"",NA,"Y",NA,1,NA,"10-JUL-69","d86a307b-1135-4729-a383-9ad65a064557","MD","ID","","",""
"1043","ADF796003G",1,24,999,3,88,2,1,1,5.01,0,6.01,"05-24-2016","10:56:00","CAD#0563","Y","N","BALTIMORE","UNK",3,0,2170,"MU","",0.202,"S","BELVEDERE AVE",10,"F","N",0,"UU","","LANIER AVE",39.3532213,-76.66517258,1,0,1,"F",1,3,NA,3,6,1,1,51,"P",0,NA,0,"",NA,"Y",NA,0,NA,"28-JUN-49","1961b14f-9201-4d06-b0a1-7e2c5792fe74","MD","C","","","A"
"1044","ADF796003Y",3,24,999,3,11,2,2,1,4,0,6.01,"07-05-2016","22:20:00","CAD#3229","Y","N","BALTIMORE","UNK",3,0,6020,"MU","",1.16,"N","MARTIN LUTHER KING JR BLVD",5,"F","S",1395,"MU","","W LOMBARD ST",39.28700138,-76.62805885,1,0,1,"M",2,5,NA,2,9.05,3,1,51,"P",88,3,0,"",0.26,"Y",NA,0,NA,"03-APR-56  00:00:00","8bebe268-bd4a-470f-a7d4-c12e316d385b","","","","","A"
"1045","ADF7960040",1,24,NA,1,88,2,1,1,1,0,6.01,"08-15-2016","13:20:00","CAD#1384","N","N","BALTIMORE","UNK",3,0,NA,"","",0,"","N CHESTER ST",30,"F","S",NA,"","","E CHASE ST",39.30328046,-76.5880765,1,0,1,"M",2,5,NA,3,4,1,1,56,"P",88,2,88,"P",0.1,"Y",NA,1,NA,"12-FEB-62  00:00:00","ddd5ed1c-3789-49fe-b5bc-0c66aaa84526","MD","","","","A"
"1046","ADF796004D",1,24,NA,1,11,2,1,1,2,0,6.01,"09-25-2016","18:23:00","CAD#2121","N","N","BALTIMORE","UNK",3,0,NA,"","",0,"","KENYON AVE",500,"F","E",NA,"","","KAVON AVE",39.32386203,-76.56724513,1,0,1,"M",1,3,NA,3,6,1,1,52,"P",0,NA,0,"",NA,"Y",NA,0,NA,"24-FEB-09  00:00:00","732b437b-551a-4dd8-9ee2-cb4841c6d445","","","","","A"
"1047","ADF804001D",3,24,NA,1,17,2,NA,0,1,19.01,0,"12-04-2015","18:15:00","CAD#2291","N","N","BALTIMORE","UNK",14,3,NA,"","",0,"","N CAREY STERR",30,"F","N",NA,"","","CUMBERLAND STREET",39.30830221,-76.64210558,1,0,1,"M",1,4,NA,0,1,1,1,55,"P",0,NA,0,"",NA,"Y",NA,1,NA,"03-FEB-98","db71ac14-4401-4d5a-8704-a5cbb3874c7f","MD","","","","A"
"1048","ADF804001Q",1,24,NA,2,17,2,2,1,1,0,6.01,"02-22-2016","08:42:00","CAD#0663","Y","Y","BALTIMORE","UNK",3,3,NA,"","",0,"","PENNSYLVANIA AVE",0,"F","N",NA,"","","CUMBERLAND ST",39.30936479,-76.64163351,1,0,1,"M",1,3,NA,2,5,2,1,51,"P",0,NA,0,"",NA,"N",NA,0,NA,"07-JUL-62","08a761d4-849b-4fe4-99a4-876b657f8429","","","","","A"
"1049","ADF804002H",1,24,NA,2,8,2,1,1,1,0,6.01,"06-07-2016","10:45:00","CAD#1096","Y","N","BALTIMORE","UNK",4,4,NA,"","",0,"","900 CALHOUN ST",0,"F","N",NA,"","","1400 W LAFAYETTE ST",39.29903306,-76.64014891,1,0,1,"M",1,2,NA,1,5,99,2,53,"P",0,NA,0,"",NA,"N",NA,1,NA,"12-OCT-58","5e39db4c-7d66-4928-bcf5-5593151aff0e","MD","","","",""