"UNIQUE_ID","REPORT_NO","LIGHT_CODE","COUNTY_NO","MUNI_CODE","JUNCTION_CODE","COLLISION_TYPE_CODE","SURF_COND_CODE","LANE_CODE","RD_COND_CODE","RD_DIV_CODE","FIX_OBJ_CODE","WEATHER_CODE","ACC_DATE","ACC_TIME","LOC_CODE","SIGNAL_FLAG","C_M_ZONE_FLAG","AGENCY_CODE","AREA_CODE","HARM_EVENT_CODE1","HARM_EVENT_CODE2","RTE_NO","ROUTE_TYPE_CODE","RTE_SUFFIX","LOG_MILE","LOGMILE_DIR_FLAG","MAINROAD_NAME","DISTANCE","FEET_MILES_FLAG","DISTANCE_DIR_FLAG","REFERENCE_NO","REFERENCE_TYPE_CODE","REFERENCE_SUFFIX","REFERENCE_ROAD_NAME","LATITUDE","LONGITUDE","drv","occ","ped","SEX_CODE","CONDITION_CODE","INJ_SEVER_CODE","OCC_SEAT_POS_CODE","PED_VISIBLE_CODE","PED_LOCATION_CODE","PED_OBEY_CODE","PED_TYPE_CODE","MOVEMENT_CODE","PERSON_TYPE","ALCOHOL_TEST_CODE","ALCOHOL_TESTTYPE_CODE","DRUG_TEST_CODE","DRUG_TESTRESULT_CODE","BAC_CODE","FAULT_FLAG","EQUIP_PROB_CODE","SAF_EQUIP_CODE","EJECT_CODE","DATE_OF_BIRTH","PERSON_ID","LICENSE_STATE_CODE","CLASS","CDL_FLAG","VEHICLE_ID","EMS_UNIT_LABEL"
"1163","ADG546001J",1,24,NA,0,9,2,1,1,4,0,6.01,"10-14-2015","09:02:00","CAD#0590","N","Y","BALTIMORE","UNK",4,0,NA,"","",0,"","ROLAND",0,"F","N",NA,"","","OAKDALE",39.34699273,-76.63575411,1,0,1,"M",NA,3,NA,1,6,1,2,53,"P",0,NA,0,"",NA,"Y",NA,1,NA,"27-NOV-69","1c5161a1-2202-4050-8efe-200d0bb73b55","","","","","A"
"1164","ADG546001Z",1,24,NA,NA,88,NA,NA,NA,NA,0,7.01,"01-19-2016","09:00:00","CAD#","N","N","BALTIMORE","UNK",3,0,NA,"","",NA,"","",NA,"","",NA,"","","",39.34459594,-76.64046273,1,0,1,"F",NA,3,NA,3,88,1,1,88,"P",0,NA,0,"",NA,"N",NA,1,NA,"16-JUL-64","e8eac7c0-ad22-42a2-b077-c06efbb34867","","","","",""
"1165","ADG546002N",1,24,NA,NA,17,NA,NA,NA,NA,0,6.01,"04-02-2016","14:14:00","CAD#1631","N","N","BALTIMORE","UNK",3,0,NA,"","",NA,"","",NA,"","",NA,"","","",39.33846411,-76.63553149,1,1,1,"M",NA,2,NA,2,88,1,1,88,"P",0,NA,0,"",NA,"Y",NA,1,NA,"10-JAN-53","c962bba1-6278-42bc-be04-ee00ed8c0d66","","","","",""
"1166","ADG5460037",1,24,NA,2,17,2,NA,1,1,0,6.01,"06-03-2016","18:30:00","CAD#2607","Y","N","BALTIMORE","UNK",3,0,NA,"","",0,"","GREENMOUNT ",0,"F","N",NA,"","","25TH ST",39.31817917,-76.60935447,1,0,1,"M",NA,3,NA,1,1,88,1,88,"P",0,NA,0,"",NA,"Y",NA,1,NA,"30-OCT-84","405d3d37-7c55-4a03-b68b-11ab7101403f","","","","",""
"1167","ADG546003S",3,24,NA,1,17,2,1,1,4,0,6.01,"08-12-2016","20:30:00","CAD#2802","N","N","BALTIMORE","UNK",3,0,NA,"","",0,"","NORTHERN ",0,"F","W",NA,"","","ROLAND",39.36190261,-76.63096905,1,0,1,"M",3,3,NA,0,6,1,1,88,"P",0,NA,0,"",NA,"Y",NA,1,NA,"09-DEC-82  00:00:00","f1cf629e-683b-4f73-9e95-200b0f229544","","","","",""
"1168","ADG5460044",6.02,24,NA,1,88,1,1,1,1,0,3,"11/29/2016","16:30:00","CAD#1995","N","N","BALTIMORE","UNK",3,0,NA,"","",0,"","ELLERSLIE",0,"F","S",NA,"","","PARKWYRTH",39.33521232,-76.60509914,1,0,1,"M",NA,3,NA,3,6,1,1,56,"P",0,NA,0,"",NA,"N",NA,1,NA,"19-Oct-94","ebbb6398-ccea-472a-9b89-995906d4c32e","","","","",""
"1169","ADG5570023",3,24,NA,NA,17,NA,NA,NA,NA,0,3,"4/22/2017","5:20:00","543","N","N","BALTIMORE","UNK",3,0,NA,"","",NA,"","",NA,"","",NA,"","","",39.29317747,-76.62324965,1,1,1,"M",1,3,NA,1,88,0,1,54,"P",0,NA,0,"",NA,"N",NA,1,NA,"2-Dec-65","ba4bd2c8-4c6d-4986-bbba-df944795874d","","","","","A"
"1170","ADG5720002",3,24,999,1,17,2,1,1,1,0,6.01,"12/18/2016","2:40:00","CAD 298","N","N","BALTIMORE","UNK",3,0,4270,"MU","",0.3,"S","THAMES ST",20,"F","N",0,"UU","","S BOND ST",39.28137345,-76.59415573,1,0,1,"M",2,3,NA,99,88,1,1,88,"P",0,NA,0,"",NA,"Y",NA,0,NA,"28-Apr-84","23303ddc-2333-4666-9d26-e2e60609b95b","","","","",""
"1171","ADG582000P",1,24,NA,NA,88,NA,NA,NA,NA,0,3,"04-07-2016","17:45:00","CAD#2176","N","N","BALTIMORE","UNK",3,0,NA,"","",NA,"","",NA,"","",NA,"","","",39.28800541,-76.54744774,1,0,1,"M",1,2,NA,1,88,0,1,88,"P",0,NA,0,"",NA,"N",NA,0,NA,"06-AUG-77","ff8ed30a-f6cc-470d-82b8-3535844f46e3","","","","",""
"1172","ADG5840006",1,24,NA,2,11,2,NA,1,2,0,6.01,"06-16-2015","09:45:00","","N","N","BALTIMORE","UNK",4,0,1392,"MU","",0.34,"E","E PRATT ST",0,"F","E",1480,"MU","","GAY ST",39.28656157,-76.60946578,1,0,1,"M",1,2,NA,1,8,1,2,51,"P",0,NA,0,"",NA,"",NA,1,NA,"13-AUG-91","095afafa-72f0-4e88-8fcd-4ff9d5e52f52","RI","","","","A"
"1173","ADG584000G",1,24,999,88,11,2,2,1,2,0,6.01,"07-22-2016","19:45:00","2569","Y","N","BALTIMORE","UNK",3,0,2,"MD","",4,"N","LIGHT ST",100,"F","S",1392,"MU","","E PRATT ST",39.28593669,-76.61258787,1,0,1,"M",1,2,NA,1,5,3,1,51,"P",0,NA,0,"",NA,"Y",NA,0,NA,"20-OCT-98  00:00:00","c7ba8dbd-e09e-4f1e-ae2d-9000983397de","","","","","A"
"1174","ADG5870001",1,24,999,2,2,2,1,1,1,0,6.01,"08-28-2015","17:08:00","2287","N","N","BALTIMORE","UNK",4,0,1651,"MU","",0.106,"W","W OSTEND ST",0,"F","W",0,"UU","","CLARKSON ST",39.27464899,-76.61621153,1,0,1,"M",0,3,NA,1,6,0,2,53,"P",0,NA,0,"",NA,"N",NA,21,NA,"23-JUN-56","2b790ca0-8d0e-458d-99c4-893b25963bcb","","","","","A"
"1175","ADG6110001",3,24,999,2,6,1,2,1,2,0,3,"11-09-2015","21:50:00","","Y","N","BALTIMORE","UNK",3,0,2,"MD","",4,"N","LIGHT ST",0,"F","N",1392,"MU","","E PRATT ST",39.28638303,-76.61196828,1,1,1,"F",0,3,NA,2,6,3,1,52,"P",0,NA,0,"",NA,"Y",NA,1,NA,"14-APR-81","df1d1a49-0cf5-44c4-b8c5-118046dba596","","","","","A"
"1176","ADG625000H",3,24,999,2,11,1,1,0,4,0,3,"10-02-2015","00:10:00","CAD 85","Y","N","BALTIMORE","UNK",0,0,1390,"MU","",0.49,"W","E LOMBARD ST",0,"F","W",1440,"MU","","S BROADWAY",39.29033563,-76.59361124,1,0,1,"M",1,1,NA,3,4,88,2,54,"P",0,NA,0,"",NA,"Y",NA,21,NA,"18-JAN-73","fbec2ea3-b3b7-461b-919e-974dee547f95","MD","","","",""
"1177","ADG632001D",1,24,999,1,5,2,1,1,4,0,6.01,"08-03-2016","17:07:00","CAD#1930","Y","N","BALTIMORE","UNK",3,2,500,"MU","",1.56,"W","E 33RD ST",5,"F","E",1510,"MU","","ST PAUL ST",39.3280983,-76.61586285,1,0,1,"F",NA,1,NA,1,2,2,1,51,"P",0,NA,0,"",NA,"N",NA,99,NA,"25-AUG-93  00:00:00","8d020dde-fa28-4a32-9329-6324b15c7229","","","","",""
"1178","ADG632001F",1,24,999,1,3,2,1,1,1,88,6.01,"08-09-2016","16:56:00","CAD#2027","N","N","BALTIMORE","UNK",3,3,45,"MD","",0.47,"N","GREENMOUNT AVE",5,"F","S",4650,"MU","","E 25TH ST",39.3180557,-76.60968304,1,0,1,"F",NA,2,NA,2,6,3,1,56,"P",0,NA,0,"",NA,"Y",NA,0,NA,"03-DEC-81  00:00:00","56fd1c56-5575-4da8-a461-bb3535c08146","","","","",""
"1179","ADG632001Q",1,24,999,1,5,2,1,1,3,0,6.01,"10/4/2016","18:24:00","CAD#2433","Y","N","BALTIMORE","UNK",3,3,4650,"MU","",0.41,"E","E 25TH ST",5,"F","E",45,"MD","","GREENMOUNT AVE",39.31841261,-76.609447,1,0,1,"F",NA,3,NA,3,9.05,99,1,51,"P",99,NA,0,"",NA,"N",NA,0,NA,"24-Jun-55","13b6928b-0723-49ce-aad9-eac41b53459b","","","","",""
"1180","ADG632001R",6.02,24,999,1,5,2,NA,1,3,88,6.01,"10/8/2016","19:20:00","CAD#2486","Y","N","BALTIMORE","UNK",3,3,1703,"MU","",1.89,"N","N HOWARD ST",5,"F","N",4037,"MU","","W 24TH ST",39.31644543,-76.61966085,1,0,1,"F",NA,3,NA,3,5,88,1,51,"P",0,NA,0,"",NA,"N",NA,99,NA,"2-Apr-67","d9cb02b8-de8b-4eba-ab36-b6314696880e","","","","",""
"1181","ADG632001Y",1,24,999,1,5,2,1,1,2,0,6.01,"11/4/2016","9:20:00","CAD#0824","Y","N","BALTIMORE","UNK",3,3,1611,"MU","",0.7,"E","W 28TH ST",5,"F","E",2230,"MU","","REMINGTON AVE",39.32139233,-76.62107706,1,0,1,"F",NA,4,NA,1,3,2,1,51,"P",0,NA,0,"",NA,"N",NA,0,NA,"6-Sep-89","42b5ba01-ef69-4104-8e39-13adc69fb696","","","","",""
"1182","ADG6320027",1,24,999,1,3,2,2,0,1,0,6.01,"2/24/2017","16:26:00","CAD#2083","Y","N","BALTIMORE","UNK",3,3,45,"MD","",0.47,"N","GREENMOUNT AVE",5,"F","N",4650,"MU","","E 25TH ST",39.3179893,-76.60947919,1,0,1,"M",NA,4,NA,3,2,99,1,51,"P",0,NA,0,"",NA,"N",NA,99,NA,"17-Aug-00","127a6299-1d7b-49d9-ba8c-b2505de6ed6e","","","","",""
"1183","ADG6320029",3,24,999,1,5,1,1,1,2,0,3,"3/7/2017","20:06:00","CAD#2676","N","N","BALTIMORE","UNK",3,3,139,"MD","",0.58,"N","N CHARLES ST",5,"F","N",0,"UU","","E 26TH ST",39.31949993,-76.6170752,1,0,2,"F",NA,3,NA,3,6,1,1,51,"P",0,NA,0,"",NA,"N",NA,99,NA,"7-May-82","0e1be864-0e11-46b6-87f3-7df99ca7c74f","","","","",""
"1184","ADG6320029",3,24,999,1,5,1,1,1,2,0,3,"3/7/2017","20:06:00","CAD#2676","N","N","BALTIMORE","UNK",3,3,139,"MD","",0.58,"N","N CHARLES ST",5,"F","N",0,"UU","","E 26TH ST",39.31949993,-76.6170752,1,0,2,"F",NA,2,NA,99,6,1,1,52,"P",0,NA,0,"",NA,"N",NA,99,NA,"19-Oct-83","9b4676b9-85f3-44a2-bf2e-268d126280bc","","","","",""
"1185","ADG644000D",1,24,NA,2,11,2,1,1,1,0,6.01,"08-02-2016","18:00:00","CAD#2368","N","N","BALTIMORE","UNK",4,1,NA,"","",0,"","200 E 27TH STREET",0,"F","E",NA,"","","2700 ST PAUL STREET",39.32067957,-76.61601573,1,0,1,"M",1,2,NA,3,10.88,1,2,54,"P",0,NA,0,"",NA,"Y",NA,1,NA,"22-JUL-98  00:00:00","ae4a04e3-1165-4244-a717-fb93f27e5136","","","","","A"
"1186","ADG6440011",1,24,NA,1,17,1,2,1,2,2,3,"2/12/2017","12:34:00","CAD#1097","N","N","BALTIMORE","UNK",1,1,NA,"","",0,"","500 BLOCK W 29TH STREET",50,"F","S",NA,"","","3100 SCISSON STREET",39.32081963,-76.62500381,1,0,1,"F",0,1,NA,99,3,0,88,0,"P",0,NA,0,"",NA,"N",NA,0,NA,"5-May-58","29e497c2-85d1-4d6a-bdc6-24363236f5bc","","","","",""
"1187","ADG6440012",1,24,NA,1,17,2,1,1,1,0,6.01,"2/24/2017","14:47:00","CAD#1740","N","N","BALTIMORE","UNK",3,3,NA,"","",0,"","3000 BLK GREENMPONT AVE",20,"F","N",NA,"","","400  BLK E 31ST STREET",39.3247122,-76.60942554,1,0,1,"F",1,4,NA,0,6,1,1,52,"P",0,NA,0,"",NA,"Y",NA,0,NA,"15-Jun-57","d9dd7c5e-0916-4b16-b451-e8c48a3d3fa2","","","","","C"
"1188","ADG6460002",3,24,999,1,88,2,1,1,3,0,6.01,"07-09-2015","21:25:00","CAD#3164","N","N","BALTIMORE","UNK",3,0,25,"MD","",2.09,"N","FALLS RD",50,"F","N",2740,"MU","","W 36TH ST",39.33152573,-76.63507819,1,0,1,"M",1,2,NA,99,11.05,99,1,51,"P",0,NA,0,"",NA,"U",NA,0,NA,"30-NOV-12","ed09a385-820f-49ad-b21b-42eb6d6e011a","","","","","A"
"1189","ADG647002H",1,24,NA,0,14,2,1,1,0,0,6.01,"5/17/2017","18:21:00","CAD#2533","N","N","BALTIMORE","UNK",3,3,NA,"","",0,"","2600 BLK GARRISON BLVD. ",15,"F","S",NA,"","","3500 BATEMAN AVEL ",39.31820511,-76.67690724,1,0,1,"M",NA,1,NA,99,6,0,88,53,"P",0,NA,0,"",NA,"Y",NA,0,NA,"3-Apr-62","a1b39efc-59c7-4266-b4a1-8e9e0610f862","","","","",""
"1190","ADG6480020",3,24,999,1,88,2,1,1,3,0,7.01,"08-01-2016","20:35:00","CAD2923","N","N","BALTIMORE","UNK",3,0,3040,"MU","",0.09,"E","BOSTON ST",50,"F","W",0,"UU","","VANLILL ST",39.28419489,-76.58626467,1,0,1,"M",0,1,NA,1,6,1,1,53,"P",0,NA,0,"",NA,"N",NA,0,NA,"31-JAN-66  00:00:00","497eb65d-433c-4496-a763-03692bab165b","","","","",""
"1191","ADG6480026",88,24,NA,0,88,1,NA,1,0,0,3,"09-28-2016","13:00:00","1371","N","N","BALTIMORE","UNK",3,0,NA,"","",0,"","TRIBUTARY ST.",200,"F","W",NA,"","","PORTAL ST.",39.26924871,-76.52994499,1,0,1,"M",1,2,NA,1,0,0,1,53,"P",0,NA,0,"",NA,"U",NA,0,NA,"14-NOV-56  00:00:00","0f821d13-60c7-4d03-a884-54628af02c2f","","","","",""
"1192","ADG648002H",3,24,NA,1,88,2,NA,1,3,0,7.01,"1/6/2017","18:10:00","CAD#2080","Y","N","BALTIMORE","UNK",2,3,NA,"","",0,"","DILLON ST",15,"F","E",NA,"","","S. EAST AVE",39.28134543,-76.57111824,1,0,1,"F",1,1,NA,1,2,88,1,57,"P",0,NA,0,"",NA,"N",NA,1,NA,"5-May-58","93ee8ede-c6ce-44b2-9867-3b748f9c7b79","","","","",""
"1193","ADG648002V",1,24,999,88,88,2,NA,1,0,0,6.01,"3/24/2017","14:08:00","CAD1373","N","N","BALTIMORE","UNK",3,0,3040,"MU","",1.22,"E","BOSTON ST",50,"F","E",5856,"MU","","BAYLIS ST",39.27747018,-76.56718478,1,0,1,"M",NA,2,NA,1,88,88,1,56,"P",0,NA,0,"",NA,"Y",NA,1,NA,"6-Jul-84","4d7bc363-7a52-4422-abee-96a267f7edae","","","","",""
"1194","ADG6830001",1,24,NA,2,11,2,2,1,4,88,6.01,"05-22-2015","17:08:00","CAD#2012","Y","N","BALTIMORE","UNK",3,0,NA,"","",NA,"","2200 W. NORTH AVE",0,"F","",NA,"","","1800 N. BENTALOU ST",39.30953081,-76.6539824,1,0,1,"M",1,2,NA,3,6,3,1,54,"P",0,NA,0,"",NA,"",NA,0,NA,"30-OCT-95","8bf49935-3450-42b1-bfe0-cf6ebb2c4991","","","","","A"
"1195","ADG683000R",3,24,NA,3,88,2,NA,1,3,0,6.01,"1/10/2017","20:18:00","2526","Y","N","BALTIMORE","UNK",3,0,NA,"","",0,"","300 WASHINGTON ST",0,"U","U",NA,"","","2000 ORLEANS ST.",39.29531863,-76.58938542,1,0,1,"M",1,2,NA,3,9.05,99,1,51,"P",0,NA,0,"",NA,"U",NA,0,NA,"25-Mar-91","581aa0ff-1e34-4bc1-b63a-930607f4d3f3","MD","","","","A"
"1196","ADG6840020",1,24,NA,NA,88,NA,NA,NA,NA,0,6.01,"02-12-2016","09:56:00","CAD 0764","N","N","BALTIMORE","UNK",1,3,NA,"","",NA,"","",NA,"","",NA,"","","",39.35637996,-76.70471504,1,0,1,"F",1,1,NA,3,5,99,1,51,"P",0,NA,0,"",NA,"U",NA,1,NA,"18-OCT-89","3be62d4c-ff87-467b-84b9-0da36c33db10","MD","UNK","","",""
"1197","ADG6840029",1,24,NA,88,88,2,1,1,2,0,6.01,"04-21-2016","14:46:00","CAD 1955","N","N","BALTIMORE","UNK",5,1,NA,"","",0,"","3900 PINKNEY RD",50,"F","E",NA,"","","6000 HOPETON AVE",39.35445948,-76.69522941,1,0,1,"M",NA,1,NA,3,6,3,2,53,"P",0,NA,0,"",NA,"Y",NA,21,NA,"18-NOV-09","07e3d6c3-9ff6-42ac-aea0-ef75637e004b","","","","",""
"1198","ADG6840034",88,24,NA,2,88,2,2,1,3,0,6.01,"07-18-2016","19:38:00","CAD 2362","Y","N","BALTIMORE","UNK",1,3,NA,"","",0,"","6800 PARK HEIGHTS AVE",0,"F","E",NA,"","","3700 FALLSTAFF RD",39.36493232,-76.70293674,1,0,1,"M",1,3,NA,3,5,3,1,51,"P",0,NA,0,"",NA,"Y",NA,1,NA,"14-AUG-99  00:00:00","962da9f8-f455-4555-852c-ef2223e43aa3","XX","","","","A"
"1199","ADG684003J",1,24,NA,3,11,2,1,1,2,0,6.01,"08-23-2016","19:34:00","CAD 2635","N","N","BALTIMORE","UNK",4,4,NA,"","",0,"","6800 REISTERSTOWN RD",50,"F","W",NA,"","","4100 LABYRINTH RD",39.36036075,-76.70766145,1,0,1,"M",NA,1,NA,3,5,1,2,51,"P",0,NA,0,"",NA,"N",NA,1,NA,"23-APR-96  00:00:00","a07f5ebc-d400-4a86-a7ec-cd3a731e2e77","MD","","","",""
"1200","ADG6840044",1,24,NA,NA,88,NA,NA,NA,NA,0,7.01,"11/16/2016","12:28:00","CAD 1228","N","N","BALTIMORE","UNK",3,1,NA,"","",NA,"","",NA,"","",NA,"","","",39.35961314,-76.70846343,1,0,1,"F",1,4,NA,3,6,1,1,52,"P",0,NA,0,"",NA,"U",NA,1,NA,"5-Jul-36","cd4f68ea-9979-4823-9f02-df7b8b9fd4c9","MD","CX","","",""
"1201","ADG684004M",3,24,NA,3,88,2,2,1,3,0,6.01,"2/9/2017","18:50:00","CAD2463","N","N","BALTIMORE","UNK",3,1,NA,"","",0,"","5500 PARK HEIGHTS AVE",50,"F","S",NA,"","","3500 WEST ROGERS AVE",39.35184413,-76.6835162,1,0,1,"M",1,2,NA,2,6,0,1,52,"P",0,NA,0,"",NA,"Y",NA,1,NA,"9-May-73","1cc6c819-7fab-4f18-b287-6c30efecee55","MD","C","","",""
"1202","ADG6840050",1,24,NA,1,88,2,1,1,3,0,6.01,"5/9/2017","12:50:00","CAD 1237","N","N","BALTIMORE","UNK",1,3,NA,"","",0,"","3800 LIBERTY HEIGHTS AVE",50,"F","N",NA,"","","3400 GARRISON BLVD",39.31997096,-76.65062428,1,0,2,"F",NA,1,NA,4,2,1,88,88,"P",99,NA,0,"",NA,"N",NA,1,NA,"21-Mar-16","e4ebe440-7a30-4ae4-9251-771c00b50764","","","","",""
"1203","ADG6840050",1,24,NA,1,88,2,1,1,3,0,6.01,"5/9/2017","12:50:00","CAD 1237","N","N","BALTIMORE","UNK",1,3,NA,"","",0,"","3800 LIBERTY HEIGHTS AVE",50,"F","N",NA,"","","3400 GARRISON BLVD",39.31997096,-76.65062428,1,0,2,"F",NA,1,NA,4,2,1,1,57,"P",0,NA,0,"",NA,"Y",NA,1,NA,"20-Jun-59","97a76d01-9667-457d-b725-d67dd7ff4c1a","MD","ID","","",""
"1204","ADG723000H",0,24,999,1,17,2,1,1,0,2,6.01,"11-21-2015","06:05:00","585","N","N","BALTIMORE","UNK",9,3,1281,"MU","",1.26,"W","WASHINGTON BLVD",200,"F","W",43,"MU","","S MONROE ST",39.27557036,-76.64176226,1,1,1,"M",NA,2,NA,3,15.88,1,1,56,"P",0,NA,0,"",NA,"N",NA,1,NA,"10-NOV-66","08702c07-fac2-47b8-aac3-5b968cf7734e","","","","","A"
"1205","ADG723000N",3,24,NA,2,11,1,1,1,2,88,3,"05-24-2016","01:14:00","0114","Y","N","BALTIMORE","UNK",1,9,NA,"","",0,"","S FULTON AVE",0,"F","N",NA,"","","MCHENRY ST",39.28433191,-76.64491653,2,0,1,"M",NA,1,NA,0,2,0,1,56,"P",0,NA,0,"",NA,"N",NA,0,NA,"02-JAN-90","3028f724-0cd4-4de3-b1ba-060e80c64bd7","","","","",""
"1206","ADG723000S",3,24,NA,2,11,2,1,1,1,0,6.01,"08-27-2016","22:41:00","3225","Y","N","BALTIMORE","UNK",1,0,NA,"","",0,"","HOLLINS ST",0,"F","W",NA,"","","CAREY ST",39.28753728,-76.63811445,2,2,1,"M",NA,1,NA,99,3,1,1,56,"P",0,NA,0,"",NA,"N",NA,0,NA,"01-JAN-80  00:00:00","0a34a1ab-6f3d-4e94-97ec-71b18d28a72b","","","","",""
"1207","ADG730000S",1,24,NA,2,88,2,1,1,0,88,6.01,"08-17-2016","19:30:00","2361","N","N","BALTIMORE","UNK",1,10,NA,"","",0,"","900BEVAN ST",0,"F","W",NA,"","","001 HAMBURG ST",39.27773386,-76.61628664,1,1,1,"M",1,1,NA,3,88,0,6,51,"P",0,NA,0,"",NA,"N",NA,88,NA,"06-JUL-64  00:00:00","8d6da82b-b92e-4721-8c8a-c55213a7b4ce","","","","",""
"1208","ADG730000W",1,24,NA,2,17,2,NA,1,0,0,6.01,"11/10/2016","13:29:00","1381","Y","N","BALTIMORE","UNK",1,3,NA,"","",0,"","400 W PRATT ST",0,"F","E",NA,"","","200 S PACA ST",39.28630207,-76.62213251,1,0,1,"F",1,2,NA,99,5,2,1,51,"P",0,NA,0,"",NA,"N",NA,1,NA,"16-Dec-53","bfd23a40-1e16-4376-be81-a19027ba063f","","","","","A"
"1209","ADG730000Z",1,24,NA,1,4,2,1,1,88,88,6.01,"12/31/2016","9:12:00","709","N","N","BALTIMORE","UNK",88,0,NA,"","",0,"","1100 CHARLES ST ",0,"U","S",NA,"","","001 CROSS ST ",39.27687428,-76.61439836,1,0,1,"M",2,2,NA,0,2,2,1,56,"P",0,NA,0,"",NA,"N",NA,0,NA,"14-Apr-55","89bfb008-84ca-462f-8f54-2d68dcacf0a9","","","","","A"
"1210","ADG7380017",1,24,999,1,17,0,NA,1,0,0,0,"1/18/2017","8:35:00","CAD#0578","N","N","BALTIMORE","UNK",3,0,961,"MU","",0.202,"E","HAMILTON AVE",100,"F","E",0,"UU","","FAIROAKS AVE",39.34779856,-76.58522666,1,0,1,"M",NA,2,NA,2,3,1,1,88,"P",0,NA,0,"",NA,"Y",NA,1,NA,"5-Jan-89","b0824845-900b-45ab-b8c2-1b79c2ef0f8a","MD","C","","","A"
"1211","ADG7430003",1,24,NA,5.01,88,1,NA,88,2,5,3,"06-27-2015","18:00:00","CAD#2166","N","N","BALTIMORE","UNK",1,2,83,"IS","",4.74,"N","JONES FALLS EXPWY",0,"F","N",2100,"MU","","W COLD SPRING LA",39.36132818,-76.6503346,2,2,1,"M",1,3,NA,0,1,0,88,56,"P",0,NA,0,"",NA,"N",NA,0,NA,"25-JUL-90","41d4e86f-311a-4f92-9289-b58614b68bfa","","","","","C"
"1212","ADG743000S",1,24,NA,2,88,2,1,1,1,0,0,"12/5/2016","11:45:00","CAD#1023","Y","N","BALTIMORE","UNK",3,0,NA,"","",0,"","3600 KESWICK RD",0,"F","S",NA,"","","800 W. 36TH STREET",39.33126017,-76.62802264,1,0,1,"F",NA,4,NA,3,10.88,1,1,51,"P",0,NA,0,"",NA,"U",NA,0,NA,"15-Feb-50","5cf9599d-e0d8-459b-9bed-3e64d6fbc8d7","","","","",""
"1213","ADG7430011",1,24,NA,1,11,2,1,1,2,0,0,"4/28/2017","17:39:00","CAD#2527","N","N","BALTIMORE","UNK",4,0,NA,"","",0,"","2600 QUANTICO AVE",0,"U","W",NA,"",""," 4200 PIMLICO RD.",39.33762395,-76.66223958,1,0,1,"M",NA,3,NA,3,6,1,2,52,"P",0,NA,0,"",NA,"Y",NA,1,NA,"28-Apr-08","7c69c102-7112-4c12-92a9-86ce8201d812","","","","","A"
"1214","ADG7470019",3,24,999,1,88,1,1,1,88,0,7.01,"1/15/2017","3:05:00","368","Y","N","BALTIMORE","UNK",3,0,1570,"MU","",0.516,"N","S CHARLES ST",3,"F","N",0,"UU","","E WEST ST",39.27576346,-76.61423072,1,0,1,"M",1,3,NA,2,5,1,1,88,"P",0,NA,0,"",NA,"N",NA,99,NA,"30-Oct-63","82848597-6cb7-486e-9688-2a262b20ed2a","","","","","A"
"1215","ADG7500002",1,24,NA,3,11,2,1,1,1,0,6.01,"01-15-2015","13:35:00","1445","N","N","BALTIMORE","UNK",3,0,1870,"MU","",0,"S","N CAREY ST",5,"F","S",1,"US","","NORTH AVE",39.3099687,-76.64369144,1,0,1,"M",1,2,NA,1,6,1,1,52,"P",0,NA,0,"",NA,"",NA,0,NA,"15-JUN-58","dd4a7515-11a3-4951-acff-54dc57f099fd","MD","","","","A"
"1216","ADG7720007",1,24,999,2,11,2,2,1,3,0,6.01,"05-23-2016","10:00:00","2117","Y","N","BALTIMORE","UNK",3,0,4005,"MU","",0.867,"S","PENNSYLVANIA AVE",0,"F","S",0,"UU","","LAURENS ST",39.30429251,-76.63553685,1,0,1,"F",1,3,NA,99,5,2,1,51,"P",0,NA,0,"",NA,"N",NA,0,NA,"19-DEC-57","7b35c41e-fd8f-4ab4-b704-f72e2cd2d9c2","","","","",""
"1217","ADG7720009",1,24,999,1,11,2,2,1,0,0,6.01,"3/22/2017","15:05:00","","N","N","BALTIMORE","UNK",3,3,1750,"MU","",0.265,"N","N EUTAW ST",2,"F","N",0,"UU","","LEXINGTON MARKET SUBWAY STATION",39.29204614,-76.62109852,1,0,1,"M",1,1,NA,3,6,88,1,54,"P",0,NA,0,"",NA,"Y",NA,0,NA,"16-Sep-60","09c98141-86d1-481c-811a-52c7e60a74c3","","","","",""
"1218","ADG7910005",1,24,NA,1,17,2,3,1,4,0,6.01,"03-31-2015","15:10:00","CAD#1781","Y","N","BALTIMORE","UNK",3,0,40,"US","",6.067,"E","ORLEANS ST",2,"F","E",1425,"MU","","N CENTRAL AVE",39.29485262,-76.59994125,1,0,2,"M",1,3,NA,3,6,3,1,52,"P",0,NA,0,"",NA,"",NA,0,NA,"07-JAN-12","8721f2b3-2ce5-4876-9745-86b631ab57ae","","","","",""
"1219","ADG7910005",1,24,NA,1,17,2,3,1,4,0,6.01,"03-31-2015","15:10:00","CAD#1781","Y","N","BALTIMORE","UNK",3,0,40,"US","",6.067,"E","ORLEANS ST",2,"F","E",1425,"MU","","N CENTRAL AVE",39.29485262,-76.59994125,1,0,2,"M",1,3,NA,2,10.88,3,1,52,"P",0,NA,0,"",NA,"",NA,0,NA,"08-SEP-88","5b0aeb80-b795-43c5-9383-d586c1637563","","","","",""