"UNIQUE_ID","REPORT_NO","LIGHT_CODE","COUNTY_NO","MUNI_CODE","JUNCTION_CODE","COLLISION_TYPE_CODE","SURF_COND_CODE","LANE_CODE","RD_COND_CODE","RD_DIV_CODE","FIX_OBJ_CODE","WEATHER_CODE","ACC_DATE","ACC_TIME","LOC_CODE","SIGNAL_FLAG","C_M_ZONE_FLAG","AGENCY_CODE","AREA_CODE","HARM_EVENT_CODE1","HARM_EVENT_CODE2","RTE_NO","ROUTE_TYPE_CODE","RTE_SUFFIX","LOG_MILE","LOGMILE_DIR_FLAG","MAINROAD_NAME","DISTANCE","FEET_MILES_FLAG","DISTANCE_DIR_FLAG","REFERENCE_NO","REFERENCE_TYPE_CODE","REFERENCE_SUFFIX","REFERENCE_ROAD_NAME","LATITUDE","LONGITUDE","drv","occ","ped","SEX_CODE","CONDITION_CODE","INJ_SEVER_CODE","OCC_SEAT_POS_CODE","PED_VISIBLE_CODE","PED_LOCATION_CODE","PED_OBEY_CODE","PED_TYPE_CODE","MOVEMENT_CODE","PERSON_TYPE","ALCOHOL_TEST_CODE","ALCOHOL_TESTTYPE_CODE","DRUG_TEST_CODE","DRUG_TESTRESULT_CODE","BAC_CODE","FAULT_FLAG","EQUIP_PROB_CODE","SAF_EQUIP_CODE","EJECT_CODE","DATE_OF_BIRTH","PERSON_ID","LICENSE_STATE_CODE","CLASS","CDL_FLAG","VEHICLE_ID","EMS_UNIT_LABEL"
"1220","ADG791000V",1,24,NA,10.04,17,2,NA,1,88,0,6.01,"08-10-2016","18:45:00","CAD#2428","N","N","BALTIMORE","UNK",5,0,NA,"","",0,"","LAURENS STREET ",10,"F","S",NA,"","","STODDARD ALLEY",39.30617287,-76.63303971,1,0,1,"M",3,1,NA,3,4,88,2,0,"P",0,NA,0,"",NA,"Y",NA,1,NA,"24-DEC-71  00:00:00","96efde14-889b-4da9-bcec-b90e7a1f2ba9","","","","",""
"1221","ADG859000L",5.02,24,NA,2,88,2,1,1,3,0,6.01,"10-06-2015","06:47:00","420","Y","N","BALTIMORE","UNK",3,0,NA,"","",0,"","800 COOKS LANE ",0,"F","N",NA,"","","4900 BRIAR CLIFF RD",39.2947862,-76.70499802,1,0,1,"F",1,2,NA,0,5,2,1,51,"P",0,NA,0,"",NA,"N",NA,0,NA,"02-APR-64","78fd520b-3bc9-4e79-9ed9-5aac6915763a","","","","","A"
"1222","ADG8780003",1,24,999,1,17,2,1,1,4,4,6.01,"06-07-2016","14:21:00","1770","N","N","BALTIMORE","UNK",3,3,2210,"MU","",0.744,"W","W NORTH AVE",NA,"F","W",0,"UU","","ASHBURTON ST",39.30921536,-76.66184664,1,0,1,"M",0,3,NA,0,3,0,1,88,"P",0,NA,0,"",NA,"N",NA,1,NA,"18-OCT-66","2d184b43-937b-4fe2-b5f8-cd0003b9064c","MD","","","","A"
"1223","ADG883000N",1,24,999,2,7,2,1,1,2,0,6.01,"01-02-2016","16:45:00","1665","Y","N","BALTIMORE","UNK",4,0,1360,"MU","",1.84,"W","E MADISON ST",0,"F","W",1357,"MU","","ENSOR ST",39.29902787,-76.60386398,1,0,2,"F",1,3,NA,99,88,0,2,51,"P",0,NA,0,"",NA,"N",NA,1,NA,"09-SEP-00","49ec1e81-a2fe-4810-a38b-416658f51980","","","","","A"
"1224","ADG883000N",1,24,999,2,7,2,1,1,2,0,6.01,"01-02-2016","16:45:00","1665","Y","N","BALTIMORE","UNK",4,0,1360,"MU","",1.84,"W","E MADISON ST",0,"F","W",1357,"MU","","ENSOR ST",39.29902787,-76.60386398,1,0,2,"M",1,3,NA,0,88,0,2,51,"P",0,NA,0,"",NA,"Y",NA,1,NA,"21-NOV-98","27bba3c7-48ee-4edd-ab51-f463e41ddf89","","","","","A"
"1225","ADG888000F",1,24,NA,1,3,2,2,1,3,88,6.01,"03-07-2015","15:45:00","","N","N","BALTIMORE","UNK",3,0,6166,"MU","",0.15,"E","W LEXINGTON ST",20,"F","E",295,"MD","","GREENE ST (SB COUPLET)",39.2913279,-76.62446737,1,0,1,"F",NA,2,NA,3,2,0,1,0,"P",0,NA,0,"",NA,"",NA,25.88,NA,"07-JUL-61","85d36dd2-2976-430a-b278-30d0b091f393","","","","",""
"1226","ADG888000N",1,24,NA,1,11,2,1,1,2,88,0,"04-22-2015","08:00:00","20489","N","N","BALTIMORE","UNK",4,0,1665,"MU","",0.49,"E","E BALTIMORE ST",0,"F","E",1383,"MU","","PRESIDENT ST",39.2897876,-76.60613179,1,0,1,"M",NA,3,NA,0,5,3,2,51,"P",0,NA,0,"",NA,"",NA,1,NA,"31-JAN-96","2f67f699-3a41-4875-a856-ec66ba146974","","","","",""
"1227","ADG888001R",3,24,999,88,88,2,1,1,2,0,6.01,"12-16-2015","21:15:00","3060","Y","N","BALTIMORE","UNK",3,0,6020,"MU","",1.54,"N","MARTIN LUTHER KING JR BLVD",35,"F","N",1695,"MU","","W SARATOGA ST",39.2912293,-76.62748083,1,0,1,"M",NA,2,NA,2,5,3,1,52,"P",0,NA,0,"",NA,"Y",NA,1,NA,"16-DEC-79","80b5a9e0-ada3-4800-88be-5c16da77811f","MD","","","","A"
"1228","ADG888001T",88,24,999,2,12,2,2,1,2,0,6.01,"02-20-2016","17:56:00","2116","Y","N","BALTIMORE","UNK",1,0,1681,"MU","",0.66,"W","W FAYETTE ST",0,"F","W",6020,"MU","","MARTIN LUTHER KING JR BLVD",39.29014361,-76.62746072,2,1,1,"F",NA,1,NA,0,0,0,88,0,"P",0,NA,0,"",NA,"N",NA,0,NA,"06-AUG-84","61b4eb42-5cd6-4d0c-b614-26a20ec4e486","","","","",""
"1229","ADG8880028",1,24,999,2,0,2,2,1,2,0,6.01,"6/2/2017","8:30:00","728","Y","N","BALTIMORE","UNK",3,0,2,"MD","",4,"N","CALVERT ST (NB COUPLET)",0,"F","N",1392,"MU","","E PRATT ST",39.28663111,-76.61213726,1,0,1,"F",NA,4,NA,3,9.05,3,1,51,"P",0,NA,0,"",NA,"N",NA,1,NA,"16-Dec-82","e45b1ec6-acac-4bcb-83fc-70ecb0e75c05","","","","","A"
"1230","ADG888002D",1,24,999,2,15,2,NA,1,4,0,6.01,"6/26/2017","18:17:00","2256","Y","N","BALTIMORE","UNK",4,0,957,"MU","",0.38,"N","PARK AVE",0,"F","N",4210,"MU","","MCMECHEN ST",39.30840183,-76.62604854,1,0,1,"M",NA,2,NA,3,6,0,2,51,"P",0,NA,0,"",NA,"N",NA,1,NA,"28-Jan-97","daee9d43-7a5a-4596-8c18-856b13a5de06","","","","",""
"1231","ADG8960003",3,24,NA,NA,17,NA,NA,NA,NA,88,7.01,"02-04-2015","18:20:00","488","N","N","BALTIMORE","UNK",9,0,NA,"","",NA,"","",NA,"","",NA,"","","",39.27341095,-76.62751436,1,0,1,"U",0,1,NA,0,0,0,88,0,"P",0,NA,0,"",NA,"",NA,0,NA,"04-FEB-15","af4e5584-d5a7-47b4-acbd-98d90295536b","","","","",""
"1232","ADG896000R",1,24,999,3,3,1,3,1,2,0,3,"5/13/2017","15:19:00","CAD#1593","Y","N","BALTIMORE","UNK",4,0,4065,"MU","",0.5,"S","MT ROYAL TERR",20,"F","N",1,"US","","NORTH AVE",39.31096692,-76.62522912,1,1,1,"F",0,1,NA,99,6,0,2,52,"P",0,NA,0,"",NA,"Y",NA,1,NA,"13-May-17","dd0884b6-8853-40ec-8542-f8be20b65c8f","","","","",""
"1233","ADG896000S",1,24,999,2,9,2,1,1,2,0,6.01,"6/7/2017","17:40:00","CAD#2243","Y","N","BALTIMORE","UNK",4,0,1580,"MU","",0.08,"S","HANOVER ST",0,"F","S",1391,"MU","","W PRATT ST",39.28645777,-76.61619008,1,0,1,"M",1,3,NA,1,1,0,2,53,"P",0,NA,0,"",NA,"N",NA,21,NA,"24-Mar-66","99332f4f-58d2-4e41-bfdb-738de6a04822","IA","","","","A"
"1234","ADG900000D",3,24,999,2,11,2,1,1,2,0,6.01,"1/2/2017","18:00:00","1639","N","N","BALTIMORE","UNK",3,3,1685,"MU","",0,"W","PULASKI HWY",0,"F","W",2970,"MU","","N ELLWOOD AVE",39.29559989,-76.57255054,1,0,1,"F",1,4,NA,99,10.88,1,1,51,"P",0,NA,0,"",NA,"N",NA,1,NA,"26-Aug-65","e6c1829d-c231-4820-865a-4c3a85e0093a","","","","","A"
"1235","ADG9020009",1,24,NA,2,88,1,1,1,2,0,7.01,"05-16-2015","19:30:00","CAD#2230","N","N","BALTIMORE","UNK",3,0,NA,"","",NA,"","2500 OSWEGO AVE",0,"F","",NA,"","","4000 DERBY MANOR",39.33718519,-76.65881574,1,0,1,"M",1,3,NA,3,10.88,1,2,51,"P",0,NA,0,"",NA,"",NA,0,NA,"06-MAR-05","321002ea-edf7-4f92-83b4-00dca015c394","","","","","A"
"1236","ADG902000L",3,24,999,3,88,2,1,1,4,0,6.01,"10-31-2015","21:30:00","CAD2938","N","N","BALTIMORE","UNK",3,0,1161,"MU","",1.38,"E","E LAKE AVE",50,"F","E",2600,"MU","","NORTHWOOD DR",39.36713038,-76.60072446,1,0,1,"F",1,3,NA,2,6,1,1,52,"P",0,NA,0,"",NA,"Y",NA,0,NA,"14-JUL-95","0456e0c5-0d81-4a3b-9243-1be874252434","","","","","A"
"1237","ADG9140007",1,24,NA,1,88,2,1,1,1,88,6.01,"06-20-2015","16:08:00","CAD#1955","N","N","BALTIMORE","UNK",3,3,150,"MD","",1.1,"E","EASTERN AVE",10,"F","E",1340,"MU","","EASTERN AVE",39.28551941,-76.59200191,1,0,1,"M",1,2,NA,3,6,0,1,52,"P",0,NA,0,"",NA,"",NA,0,NA,"19-JUL-64","0fb23141-c39d-4ea4-83bc-b6639441862e","MD","C","","",""
"1238","ADG914000G",3,24,NA,1,0,2,1,1,3,88,6.01,"01-06-2016","22:06:00","CAD2717","N","N","BALTIMORE","UNK",3,3,NA,"","",0,"","ORLEANS ST",120,"F","W",NA,"","","BROADWAY",39.29461391,-76.59368634,1,0,1,"M",2,3,NA,2,0,99,1,99,"P",0,NA,0,"",NA,"U",NA,0,NA,"05-APR-64","3af404bf-7271-43be-bda0-6aba63d4ea12","","","","","A"
"1239","ADG914001C",1,24,NA,3,0,2,1,1,2,99,6.01,"08-25-2016","16:00:00","CAD#1924","Y","N","BALTIMORE","UNK",15,3,NA,"","",0,"","UNIT LLOYD ST",0,"F","N",NA,"","","1000 WATSON ST",39.2902526,-76.601336,1,0,1,"F",1,2,NA,0,9.05,0,1,53,"P",0,NA,0,"",NA,"N",NA,0,NA,"29-JUL-94  00:00:00","a641a108-b8d0-4861-a08a-2128fe0cb3c0","US","UNK","","",""
"1240","ADG9140024",0,24,NA,0,0,2,1,1,2,0,7.01,"4/7/2017","8:12:00","CAD#410","N","N","BALTIMORE","UNK",4,4,NA,"","",0,"","100 PRESIDENT",2,"F","W",NA,"","","800 E LOMBARD",39.28812685,-76.60489798,1,0,1,"M",0,1,NA,1,3,0,2,63.88,"P",0,NA,0,"",NA,"N",NA,21,NA,"27-Jun-68","4f619255-ea20-4a57-84fc-bb903a328c75","MD","C","","",""
"1241","ADG914002G",1,24,NA,1,11,2,1,1,1,0,7.01,"5/30/2017","14:14:00","CAD#1583","N","N","BALTIMORE","UNK",1,1,NA,"","",0,"","900 E BALTIMORE",10,"F","S",NA,"","","UNIT EEXTER ST",39.29040206,-76.60313845,2,0,1,"M",1,1,NA,1,3,0,1,54,"P",0,NA,0,"",NA,"N",NA,0,NA,"6-Jan-68","e1384b07-373a-49e6-a87f-bbf980b34ec0","MD","UNK","","","A"
"1242","ADG914002Q",1,24,NA,3,0,2,1,1,2,0,6.01,"6/29/2017","18:24:00","CAD#2415","Y","N","BALTIMORE","UNK",3,3,NA,"","",0,"","1000 EASTERN AVE",0,"F","N",NA,"","","500 EXETER ST",39.28520385,-76.60034895,1,0,1,"M",1,2,NA,1,5,0,1,0,"P",0,NA,0,"",NA,"N",NA,0,NA,"31-Dec-63","136eea4e-05cd-4526-a8fc-2bdbc388bbca","MD","C","","","A"
"1243","ADG915000X",88,24,NA,1,88,2,1,1,3,0,7.01,"6/9/2017","12:03:00","2570","N","N","BALTIMORE","UNK",3,3,NA,"","",0,"","600 CHERRY HILL RD",0,"U","W",NA,"","","TERRA FIRMA RD",39.2497922,-76.62340119,1,0,1,"F",NA,2,NA,99,6,99,1,52,"P",0,NA,0,"",NA,"U",NA,0,NA,"15-Nov-04","26836043-bb98-4380-aaed-307bc7d0612c","","","","","A"
"1244","ADG9200007",3,24,999,1,88,2,1,1,3,0,6.01,"04-26-2016","20:05:00","CAD#3026","Y","N","BALTIMORE","UNK",4,0,1695,"MU","",0.09,"W","W SARATOGA ST",10,"F","W",1712,"MU","","LIBERTY ST",39.2930696,-76.61643684,1,0,1,"M",1,2,NA,2,88,99,2,88,"P",0,NA,0,"",NA,"U",NA,88,NA,"28-MAR-82","e1a97ca7-1f96-4a43-a189-067cfe7fd3cf","MD","C","","",""
"1245","ADG920000X",1,24,999,2,17,2,1,1,2,0,6.01,"10/14/2016","7:30:00","CAD#1991","Y","N","BALTIMORE","UNK",4,0,1,"US","",4.708,"N","NORTH AVE",0,"F","N",0,"UU","","DIVISION ST",39.31007219,-76.64033398,1,0,1,"M",1,3,NA,3,5,0,2,51,"P",0,NA,0,"",NA,"N",NA,99,NA,"27-Mar-94","d99400e3-30ca-4244-8e58-a2b92ce5c865","MD","","","",""
"1246","ADG920001D",1,24,NA,NA,17,NA,NA,NA,NA,0,6.01,"5/28/2017","16:00:00","CAD#1555","N","N","BALTIMORE","UNK",3,0,NA,"","",NA,"","",NA,"","",NA,"","","",39.33459356,-76.67428941,1,0,1,"M",1,3,NA,3,88,0,1,88,"P",0,NA,0,"",NA,"N",NA,0,NA,"8-Mar-71","1a48a214-16a8-4b11-a1cf-76cbcfd26059","","","","",""
"1247","ADG931000P",4,24,NA,1,1,2,1,1,1,0,6.01,"11-17-2015","18:20:00","CAD#2587","N","N","BALTIMORE","UNK",4,1,NA,"","",0,"","3100 BEECHWOOD DR",200,"F","N",NA,"","","3100 SWANN DR",39.31756598,-76.64425135,1,1,1,"M",1,3,NA,3,6,1,2,53,"P",0,NA,0,"",NA,"N",NA,21,NA,"19-MAY-83","629ee4f3-d51f-42c5-bd72-c9152e4d1262","","","","","A"
"1248","ADG9310016",3,24,999,0,17,2,NA,1,0,2,6.01,"1/15/2017","23:55:00","CAD#2745","N","N","BALTIMORE","UNK",9,1,2100,"MU","",3.18,"E","W COLD SPRING LA",100,"F","E",2250,"MU","","KESWICK RD",39.34520889,-76.62725419,1,0,1,"U",NA,1,NA,0,0,0,88,0,"P",0,NA,0,"",NA,"N",NA,0,NA,"15-Jan-17","d62d2197-408a-47a6-a36c-b1bb92df3e8e","","","","",""
"1249","ADG9310017",1,24,999,0,7,1,1,1,2,6,7.01,"1/18/2017","9:45:00","CAD#0748","N","N","BALTIMORE","UNK",1,1,1510,"MU","",0,"S","ST PAUL ST",100,"F","N",0,"UU","","MILLBROOK RD",39.34093163,-76.61754459,2,1,1,"M",0,1,NA,0,0,0,88,0,"P",0,NA,0,"",NA,"N",NA,0,NA,"18-Jan-17","a6bcc138-f397-4143-9008-1d713ee7aeb9","","","","",""
"1250","ADG931001B",1,24,999,2,11,2,1,1,1,9,6.01,"3/5/2017","11:15:00","CAD#1025","Y","N","BALTIMORE","UNK",1,1,989,"MU","",0.553,"N","W 41ST ST",0,"F","N",0,"UU","","EDGEHILL AVE",39.33695181,-76.63918465,2,2,1,"U",0,1,NA,0,12.88,0,88,0,"P",0,NA,0,"",NA,"N",NA,0,NA,"5-Mar-17","f60e8537-7047-463e-bd9d-fd8c8acc62f8","","","","",""
"1251","ADG9480008",1,24,NA,1,88,2,1,1,2,0,0,"02-06-2015","11:46:00","CAD#1162","N","N","BALTIMORE","UNK",3,0,NA,"","",NA,"","2612 LOYOLA SOUTHWAY",10,"F","",NA,"","","PALL MALL RD.",39.33700263,-76.66170716,1,0,1,"M",1,3,NA,3,6,1,1,99,"P",0,NA,0,"",NA,"",NA,0,NA,"21-JUN-92","21348d76-8c70-42cf-b9cc-35e9bd78c64d","","","","","A"
"1252","ADG948000W",3,24,NA,1,88,2,1,1,88,0,6.01,"06-21-2015","22:00:00","CAD#2451","N","N","BALTIMORE","UNK",1,3,4040,"MU","",0,"E","EXETER HALL AVE",5,"F","E",1600,"MU","","EXETER HALL AVE",39.3225045,-76.60638928,1,0,1,"M",1,3,NA,99,88,1,1,52,"P",0,NA,0,"",NA,"",NA,1,NA,"11-MAR-39","2f592192-5a5d-4a04-8582-00434f536882","MD","00","","","A"
"1253","ADG9480019",1,24,NA,NA,88,NA,NA,NA,NA,2,3,"11-10-2015","12:30:00","CAD#1119","N","N","BALTIMORE","UNK",1,9,NA,"","",NA,"","",NA,"","",NA,"","","",39.34508858,-76.6404587,1,0,3,"F",1,3,NA,0,0,0,88,56,"P",0,NA,0,"",NA,"N",NA,0,NA,"31-JAN-78","297db14f-6eaa-4b41-9bfe-54475bfef85c","MD","c","","",""
"1254","ADG9480019",1,24,NA,NA,88,NA,NA,NA,NA,2,3,"11-10-2015","12:30:00","CAD#1119","N","N","BALTIMORE","UNK",1,9,NA,"","",NA,"","",NA,"","",NA,"","","",39.34508858,-76.6404587,1,0,3,"F",1,3,NA,0,0,0,88,56,"P",0,NA,0,"",NA,"N",NA,0,NA,"05-OCT-73","62c7deb8-8993-4366-83c8-8170d88770b2","MD","id","","",""
"1255","ADG9480019",1,24,NA,NA,88,NA,NA,NA,NA,2,3,"11-10-2015","12:30:00","CAD#1119","N","N","BALTIMORE","UNK",1,9,NA,"","",NA,"","",NA,"","",NA,"","","",39.34508858,-76.6404587,1,0,3,"U",0,1,NA,0,0,0,88,0,"P",0,NA,0,"",NA,"N",NA,0,NA,"12-DEC-90","41b7c9fd-c669-4939-a1df-62ddf9632ca3","US","c","","",""
"1256","ADG948001C",3,24,999,2,88,2,2,1,88,0,6.01,"11-16-2015","18:30:00","CAD#2440","Y","N","BALTIMORE","UNK",1,3,1611,"MU","",0.7,"E","W 28TH ST",0,"F","E",2230,"MU","","REMINGTON AVE",39.3212616,-76.62139088,1,0,1,"M",1,3,NA,3,9.05,2,1,51,"P",0,NA,0,"",NA,"N",NA,0,NA,"01-FEB-62","a68544a6-bcf2-48f0-85ae-3679a50fe611","","","","","A"
"1257","ADG948001D",3,24,NA,2,88,2,1,1,88,0,6.01,"11-18-2015","19:30:00","CAD#2520","N","N","BALTIMORE","UNK",1,4,NA,"","",0,"","FRISBY",0,"F","E",NA,"","","35TH",39.33072076,-76.60637319,1,0,1,"F",1,3,NA,5,6,1,2,51,"P",0,NA,0,"",NA,"U",NA,21,NA,"19-JUL-83","e3a8b3d9-1e52-45d4-b0fe-b0fd7c57d009","MD","c","","","A"
"1258","ADG948001G",1,24,999,2,88,2,3,1,88,0,6.01,"12-08-2015","11:15:00","CAD#2377","Y","N","BALTIMORE","UNK",1,4,2270,"MU","",1.22,"N","ROLAND AVE",0,"F","N",2100,"MU","","W COLD SPRING LA",39.34410537,-76.63544297,1,0,1,"M",1,1,NA,99,8,2,2,51,"P",0,NA,0,"",NA,"U",NA,21,NA,"22-APR-86","cc574294-054f-4291-a443-af4ee6eb7339","MD","c","","",""
"1259","ADG948001H",1,24,999,3,88,2,3,1,88,0,6.01,"12-08-2015","11:15:00","#2377","Y","N","BALTIMORE","UNK",1,4,2270,"MU","",1.22,"N","ROLAND AVE",0,"F","N",2100,"MU","","W COLD SPRING LA",39.34404263,-76.63540341,1,0,1,"M",1,1,NA,99,8,2,2,51,"P",0,NA,0,"",NA,"U",NA,21,NA,"22-APR-86","b17a2f66-ec1f-4f40-a982-0895b467b2c2","MD","C","","",""
"1260","ADG9480021",3,24,NA,2,88,1,1,1,3,0,3,"3/28/2017","6:30:00","CAD#0878","N","N","BALTIMORE","UNK",1,3,NA,"","",0,"","LANIER AVE",0,"F","W",NA,"","","WEST BELVEDERE",39.35245598,-76.66425526,1,0,1,"M",1,3,NA,2,10.88,1,1,51,"P",0,NA,0,"",NA,"U",NA,1,NA,"15-Jun-90","4769feb7-0081-4c2c-a8b8-9e7abf6eda16","XX","0","","",""
"1261","ADG9480025",1,24,999,2,88,2,NA,1,88,0,6.01,"4/23/2017","18:00:00","CAD#2427","Y","N","BALTIMORE","UNK",3,1,2270,"MU","",0.31,"N","ROLAND AVE",0,"F","N",2740,"MU","","W 36TH ST",39.33115436,-76.63264543,1,0,1,"M",1,2,NA,1,9.05,2,1,51,"P",0,NA,0,"",NA,"U",NA,1,NA,"16-Jan-59","2f0acb8b-8e2d-46ed-b66b-1ade17afb0e4","","","","",""
"1262","ADG9480028",1,24,999,1,88,2,2,1,4,8,6.01,"6/20/2017","17:30:00","CAD#2079","N","N","BALTIMORE","UNK",9,1,1515,"MU","",1.17,"N","N CALVERT ST",100,"F","N",500,"MU","","E 33RD ST",39.32811075,-76.61438227,2,0,1,"U",0,1,NA,0,2,0,88,0,"P",0,NA,0,"",NA,"N",NA,0,NA,"8-Sep-80","41d878b8-1e84-47da-b210-ade9ff1ccceb","MD","C","","",""
"1263","ADG9700007",88,24,NA,2,88,1,2,1,4,0,3,"03-20-2015","08:20:00","CAD0851","Y","N","BALTIMORE","UNK",1,3,NA,"","",NA,"","100 PRESIDENT",0,"F","",NA,"","","700 E PRATT ST",39.28706396,-76.60393238,1,0,1,"F",1,3,NA,3,5,99,1,51,"P",0,NA,0,"",NA,"",NA,0,NA,"15-JUN-87","74adf498-dc90-4ab5-8d59-b3edccbdb307","PA","","","","A"
"1264","ADG970000C",6.02,24,NA,1,88,2,1,1,1,0,6.01,"05-06-2015","18:20:00","CAD#2287","N","N","BALTIMORE","UNK",1,4,NA,"","",NA,"","200 S PRESIDENT ST",0,"U","",NA,"","","800 EASTERN AVE",39.28546958,-76.60331011,1,0,1,"M",NA,3,NA,1,6,88,2,52,"P",0,NA,0,"",NA,"",NA,1,NA,"30-AUG-01","d1298f2f-8a89-4a21-bc7e-bbba56fa682e","","","","",""
"1265","ADG970000Z",1,24,NA,2,88,2,NA,1,1,0,88,"09-27-2016","08:51:00","666","Y","N","BALTIMORE","UNK",1,3,NA,"","",0,"","FLEET ST",0,"F","N",NA,"","","WASHINGTON ST",39.28478864,-76.58867598,3,0,1,"M",1,4,NA,3,5,99,1,51,"P",0,NA,0,"",NA,"N",NA,1,NA,"21-JUN-50  00:00:00","59ae6aaa-0adf-4385-90e8-8c4ed9acabf5","","","","","A"
"1266","ADG9700012",0,24,NA,1,88,2,NA,0,88,0,0,"10/29/2016","19:06:00","2242","N","N","BALTIMORE","UNK",1,3,NA,"","",0,"","ROSE",0,"F","U",NA,"","","MONUMENT",39.29926553,-76.5816164,1,0,1,"M",1,2,NA,1,6,99,1,88,"P",0,NA,0,"",NA,"U",NA,0,NA,"2-Apr-79","b922248f-7761-4472-aee6-ab2c03e06ab0","","","","",""
"1267","ADG9720007",3,24,0,2,11,2,1,1,1,0,6.01,"03-09-2016","23:05:00","CAD#3528","Y","N","BALTIMORE","UNK",3,0,139,"MD","",0.67,"N","N CHARLES ST",0,"F","N",0,"UU","","W 27TH ST",39.32063911,-76.61722541,1,0,1,"F",1,3,NA,2,5,2,1,51,"P",0,NA,0,"",NA,"N",NA,1,NA,"27-MAR-82","e1b9494d-9422-448e-b725-72f05ee2bb2f","","","","",""
"1268","ADH002000Z",1,24,NA,6.01,11,2,NA,1,3,0,6.01,"06-15-2015","11:40:00","CAD1116","N","N","BALTIMORE","UNK",4,0,1070,"MU","",2.679,"E","SINCLAIR LA",0,"F","E",NA,"UU","","ENT TO SHOPPING CENTER",39.32239038,-76.54612273,1,0,1,"M",1,2,NA,1,3,1,2,63.88,"P",0,NA,0,"",NA,"",NA,1,NA,"31-AUG-97","ca30d7eb-fa8c-447a-a6f7-8ab8397defe8","","","","",""
"1269","ADH0020022",3,24,0,2,11,1,1,1,4,0,3,"12-23-2015","18:38:00","CAD2381","Y","N","BALTIMORE","UNK",4,0,151,"MD","",0.774,"N","ERDMAN AVE",0,"F","N",0,"UU","","CROSSOVER",39.30173029,-76.54235825,1,0,1,"M",NA,3,NA,2,5,1,2,51,"P",0,NA,0,"",NA,"N",NA,1,NA,"12-OCT-85","c314add4-9455-416b-9fb2-b1c851ecf0c3","MD","","","",""
"1270","ADH002002G",3,24,NA,2,11,2,2,1,4,0,6.01,"02-25-2016","21:00:00","CAD1062","N","N","BALTIMORE","UNK",3,0,NA,"","",0,"","EDISON HWY",0,"F","N",NA,"","","DUNCANWOOD LN",39.30887501,-76.57282948,1,0,1,"M",NA,3,NA,2,6,99,1,51,"P",0,NA,0,"",NA,"Y",NA,1,NA,"25-MAR-79","dffc6dfb-2ba2-4a39-a212-c06328ca6af6","","","","",""
"1271","ADH002002T",1,24,999,6.01,88,2,1,1,4,0,7.01,"04-28-2016","16:15:00","CAD#1900","N","N","BALTIMORE","UNK",3,0,147,"MD","",2.534,"N","HARFORD RD",10,"F","N",0,"UU","","BEVERLY RD",39.34061944,-76.57189742,1,0,1,"M",NA,2,NA,1,6,1,7,56,"P",0,NA,0,"",NA,"Y",NA,1,NA,"10-NOV-91","9621dec1-efc4-4706-b72e-759d36ec2772","","","","",""
"1272","ADH0020037",1,24,999,88,88,2,NA,1,1,0,7.01,"06-16-2016","13:30:00","CAD#1577","N","N","BALTIMORE","UNK",3,0,147,"MD","",4.552,"N","HARFORD RD",0,"F","N",0,"UU","","ENT TO BUSINESS",39.36482552,-76.55022383,1,0,1,"M",NA,2,NA,2,88,0,1,56,"P",0,NA,0,"",NA,"N",NA,1,NA,"30-AUG-71","f3c00a2a-7a05-49b5-abdb-36aac389db07","","","","",""
"1273","ADH002003H",1,24,999,2,88,2,1,1,1,0,6.01,"09-23-2016","14:00:00","CAD#1688","N","N","BALTIMORE","UNK",3,0,1,"US","",9.683,"N","BELAIR RD",0,"F","N",0,"UU","","WILKE AVE",39.3327394,-76.55943319,1,0,1,"F",NA,3,NA,3,5,1,1,51,"P",0,NA,0,"",NA,"N",NA,1,NA,"22-NOV-96  00:00:00","06ecede9-e41b-4f90-b060-b6ed1b9a087e","","","","",""
"1274","ADH002003Q",3,24,999,2,11,2,1,1,4,0,6.01,"11/12/2016","21:30:00","CAD#2511","Y","N","BALTIMORE","UNK",3,0,147,"MD","",3.07,"N","HARFORD RD",0,"F","N",0,"UU","","BUS STOP",39.34700621,-76.56600863,1,0,1,"M",1,4,NA,2,5,2,1,51,"P",0,NA,0,"",NA,"N",NA,1,NA,"28-Sep-61","750ebbd3-e843-4260-9020-510e08b0471b","","","","",""
"1275","ADH0020046",1,24,999,2,11,2,1,1,1,0,6.01,"3/9/2017","7:42:00","CAD#500","Y","N","BALTIMORE","UNK",3,0,2360,"MU","",0.245,"N","OLD HARFORD RD",0,"F","N",0,"UU","","HAMILTON ELEMENTARY MIDDLE",39.359834,-76.55832142,1,0,1,"M",1,3,NA,3,6,1,1,52,"P",0,NA,0,"",NA,"Y",NA,1,NA,"28-Mar-06","bb431a4e-ef07-452a-bde4-d64c062dec6b","","","","","A"
"1276","ADH002004D",1,24,999,1,88,2,1,1,4,0,7.01,"4/10/2017","18:05:00","CAD#2380","N","N","BALTIMORE","UNK",3,0,1021,"MU","",4.831,"N","E NORTHERN PKWY",100,"F","S",0,"UU","","FAIRDEL AVE",39.35861251,-76.53874263,1,0,1,"F",NA,3,NA,2,12.88,1,1,52,"P",0,NA,0,"",NA,"Y",NA,1,NA,"12-Mar-92","477f8c03-e6b6-4e7c-b07c-c7ab9a82ef03","","","","",""