"UNIQUE_ID","REPORT_NO","LIGHT_CODE","COUNTY_NO","MUNI_CODE","JUNCTION_CODE","COLLISION_TYPE_CODE","SURF_COND_CODE","LANE_CODE","RD_COND_CODE","RD_DIV_CODE","FIX_OBJ_CODE","WEATHER_CODE","ACC_DATE","ACC_TIME","LOC_CODE","SIGNAL_FLAG","C_M_ZONE_FLAG","AGENCY_CODE","AREA_CODE","HARM_EVENT_CODE1","HARM_EVENT_CODE2","RTE_NO","ROUTE_TYPE_CODE","RTE_SUFFIX","LOG_MILE","LOGMILE_DIR_FLAG","MAINROAD_NAME","DISTANCE","FEET_MILES_FLAG","DISTANCE_DIR_FLAG","REFERENCE_NO","REFERENCE_TYPE_CODE","REFERENCE_SUFFIX","REFERENCE_ROAD_NAME","LATITUDE","LONGITUDE","drv","occ","ped","SEX_CODE","CONDITION_CODE","INJ_SEVER_CODE","OCC_SEAT_POS_CODE","PED_VISIBLE_CODE","PED_LOCATION_CODE","PED_OBEY_CODE","PED_TYPE_CODE","MOVEMENT_CODE","PERSON_TYPE","ALCOHOL_TEST_CODE","ALCOHOL_TESTTYPE_CODE","DRUG_TEST_CODE","DRUG_TESTRESULT_CODE","BAC_CODE","FAULT_FLAG","EQUIP_PROB_CODE","SAF_EQUIP_CODE","EJECT_CODE","DATE_OF_BIRTH","PERSON_ID","LICENSE_STATE_CODE","CLASS","CDL_FLAG","VEHICLE_ID","EMS_UNIT_LABEL"
"1504","ADH7890032",1,24,999,2,11,2,1,1,1,8,6.01,"6/27/2017","18:19:00","CAD 2326","Y","N","BALTIMORE","UNK",1,9,2080,"MU","",0,"W","CLIFTON AVE",0,"F","W",0,"UU","","DENISON AVE",39.31092956,-76.67424113,2,1,5,"F",0,4,NA,3,3,0,1,63.88,"P",0,NA,0,"",NA,"N",NA,0,NA,"22-Sep-66","7ad39d7f-04d2-4053-bf38-0c3c74c33470","","","","","B"
"1505","ADH7890032",1,24,999,2,11,2,1,1,1,8,6.01,"6/27/2017","18:19:00","CAD 2326","Y","N","BALTIMORE","UNK",1,9,2080,"MU","",0,"W","CLIFTON AVE",0,"F","W",0,"UU","","DENISON AVE",39.31092956,-76.67424113,2,1,5,"F",0,4,NA,3,3,0,1,63.88,"P",0,NA,0,"",NA,"N",NA,0,NA,"19-Apr-79","6522ec55-7308-4986-8d99-7a940f4766b6","MD","ID","","","A"
"1506","ADH7890032",1,24,999,2,11,2,1,1,1,8,6.01,"6/27/2017","18:19:00","CAD 2326","Y","N","BALTIMORE","UNK",1,9,2080,"MU","",0,"W","CLIFTON AVE",0,"F","W",0,"UU","","DENISON AVE",39.31092956,-76.67424113,2,1,5,"F",0,2,NA,3,3,0,1,63.88,"P",0,NA,0,"",NA,"N",NA,0,NA,"5-Aug-52","184b4be8-f9c0-4e40-bc76-ecdd992e5094","","","","","C"
"1507","ADH7890032",1,24,999,2,11,2,1,1,1,8,6.01,"6/27/2017","18:19:00","CAD 2326","Y","N","BALTIMORE","UNK",1,9,2080,"MU","",0,"W","CLIFTON AVE",0,"F","W",0,"UU","","DENISON AVE",39.31092956,-76.67424113,2,1,5,"M",0,2,NA,3,3,0,1,63.88,"P",0,NA,0,"",NA,"N",NA,0,NA,"15-Jun-71","e0403a42-de10-444a-831e-6b631df69e55","","","","","C"
"1508","ADH796000P",1,24,NA,1,7,2,1,1,3,0,6.01,"06-25-2016","19:10:00","CAD#2485","N","N","BALTIMORE","UNK",4,0,NA,"","",0,"","FARNKFORD AVE",2,"F","E",NA,"","","CEDELLA AVE",39.33159212,-76.5440239,1,0,1,"M",NA,1,NA,1,8,1,2,0,"P",0,NA,0,"",NA,"N",NA,1,NA,"06-OCT-76","700ce771-750b-4972-b1ac-e8238ef4bba1","","","","",""
"1509","ADH7960014",1,24,NA,NA,17,NA,NA,NA,NA,0,6.01,"10/22/2016","14:10:00","CAD#1542","N","N","BALTIMORE","UNK",3,0,NA,"","",NA,"","",NA,"","",NA,"","","",39.31901541,-76.56586915,1,0,1,"M",NA,2,NA,3,88,1,1,88,"P",0,NA,0,"",NA,"Y",NA,1,NA,"20-Apr-11","898ea92d-6313-4939-a453-88cc96ea9f44","","","","","A"
"1510","ADH7960019",3,24,NA,1,17,2,1,1,2,0,6.01,"11/17/2016","20:00:00","CAD#2386","N","N","BALTIMORE","UNK",3,0,NA,"","",0,"","3300 BRENDAN AVE",5,"F","E",NA,"","","3600 BREHMS LN",39.32082586,-76.56782582,1,0,1,"F",NA,2,NA,2,6,1,1,52,"P",0,NA,0,"",NA,"N",NA,1,NA,"2-Dec-76","f887eace-8b9b-4d86-948f-8101f9464674","","","","","A"
"1511","ADH796001H",1,24,999,2,17,2,3,1,4,0,6.01,"2/10/2017","13:12:00","CAD#1363","Y","N","BALTIMORE","UNK",3,0,1050,"MU","",0.69,"S","ERDMAN AVE",0,"F","S",1,"US","","BELAIR RD",39.32153861,-76.57365158,1,0,1,"M",NA,2,NA,3,10.88,3,1,52,"P",0,NA,0,"",NA,"Y",NA,1,NA,"29-Sep-56","9e887e74-ab2f-40e8-b550-6706c044270e","","","","","A"
"1512","ADH796001P",1,24,NA,1,17,2,NA,1,88,0,6.01,"3/27/2017","17:24:00","CAD#1910","N","N","BALTIMORE","UNK",3,0,NA,"","",0,"","5005 ERDMAN AVE",200,"F","E",NA,"","","1200 MACON ST",39.30578684,-76.55834019,1,0,1,"M",1,2,NA,1,88,0,1,88,"P",0,NA,0,"",NA,"N",NA,1,NA,"15-Apr-61","26c59df2-e260-4531-95d7-b8e48c203b89","","","","",""
"1513","ADH8010005",3,24,NA,1,1,2,1,1,3,0,6.01,"05-09-2015","23:32:00","2963","N","N","BALTIMORE","UNK",3,0,6377,"MU","",0,"N","N GILMOR ST",100,"F","N",1670,"MU","","W BALTIMORE ST",39.28852544,-76.64241672,1,1,1,"M",99,4,NA,3,6,0,1,52,"P",99,0,0,"",NA,"",NA,1,NA,"11-APR-83","0e0034e5-728a-4b42-943d-1f79cf3a00d0","","","","","A"
"1514","ADH801000G",3,24,999,1,6,2,1,1,3,88,6.01,"10/6/2016","5:56:00","CAD#410","N","N","BALTIMORE","UNK",3,0,989,"MU","",0.846,"N","W 41ST ST",20,"F","N",0,"UU","","EVANS CHAPEL RD",39.3373916,-76.63411796,1,0,1,"F",1,2,NA,3,6,1,1,52,"P",0,NA,0,"",NA,"U",NA,0,NA,"4-Apr-92","df914677-a4b3-41f8-8699-e0825025a3dc","","","","","A"
"1515","ADH816001C",1,24,NA,NA,88,NA,NA,NA,NA,0,3,"12-01-2015","08:00:00","CAD#447","N","N","BALTIMORE","UNK",1,1,NA,"","",NA,"","",NA,"","",NA,"","","",39.33682008,-76.63918734,1,0,3,"M",1,1,NA,0,88,1,1,88,"P",0,NA,0,"",NA,"N",NA,1,NA,"16-DEC-09","3844ba6e-61b0-4c50-a43c-7d921f92a76d","","","","",""
"1516","ADH816001C",1,24,NA,NA,88,NA,NA,NA,NA,0,3,"12-01-2015","08:00:00","CAD#447","N","N","BALTIMORE","UNK",1,1,NA,"","",NA,"","",NA,"","",NA,"","","",39.33682008,-76.63918734,1,0,3,"F",0,1,NA,88,88,1,1,88,"P",0,NA,0,"",NA,"N",NA,1,NA,"31-JAN-77","0b997c2c-b30d-4cc2-921f-80787e205403","","","","",""
"1517","ADH816001C",1,24,NA,NA,88,NA,NA,NA,NA,0,3,"12-01-2015","08:00:00","CAD#447","N","N","BALTIMORE","UNK",1,1,NA,"","",NA,"","",NA,"","",NA,"","","",39.33682008,-76.63918734,1,0,3,"F",1,1,NA,88,88,88,1,88,"P",0,NA,0,"",NA,"N",NA,1,NA,"22-NOV-77","21046bce-403a-49a6-9cd1-3ee175a52550","","","","",""
"1518","ADH839001Q",1,24,999,1,88,2,1,1,4,0,6.01,"08-10-2016","17:30:00","CAD#2159","Y","N","BALTIMORE","UNK",3,1,3040,"MU","",1.27,"E","BOSTON ST",5,"F","W",1275,"MU","","S CONKLING ST",39.2772013,-76.566533,1,0,1,"F",1,3,NA,3,6,3,1,52,"P",0,NA,0,"",NA,"Y",NA,0,NA,"24-APR-01  00:00:00","e04b49c5-1d72-4e5f-b274-04b76305fb03","","","","","A"
"1519","ADH840000N",3,24,999,2,88,2,NA,1,3,0,0,"01-12-2016","18:40:00","CAD2440","Y","N","BALTIMORE","UNK",3,3,1680,"MU","",1.64,"W","E FAYETTE ST",0,"F","W",1425,"MU","","N CENTRAL AVE",39.29136008,-76.59974277,1,0,1,"M",1,3,NA,2,9.05,99,1,51,"P",0,NA,0,"",NA,"N",NA,1,NA,"02-MAY-37","981da2c0-2b2e-4769-b3bf-8f759203d016","MD","","","",""
"1520","ADH8400010",1,24,999,2,11,2,NA,1,3,0,6.01,"04-15-2016","13:44:00","CAD 1643","Y","N","BALTIMORE","UNK",4,1,1340,"MU","",0.852,"E","EASTERN AVE",0,"F","E",0,"UU","","S CHESTER ST",39.28585676,-76.58704922,1,1,1,"M",9.88,3,NA,2,10.88,88,2,51,"P",0,NA,0,"",NA,"Y",NA,1,NA,"19-FEB-55","ac8a2555-c336-44b7-9134-6db07489057b","","","","","A"
"1521","ADH845000D",1,24,999,0,88,2,NA,1,1,0,6.01,"08-07-2016","17:15:00","2071","N","N","BALTIMORE","UNK",3,3,1440,"MU","",0.12,"N","S BROADWAY",0,"U","N",3041,"MU","","ALICEANNA ST",39.28353989,-76.5935576,1,0,1,"F",1,2,NA,1,0,99,2,53,"P",0,NA,0,"",NA,"U",NA,1,NA,"13-AUG-90  00:00:00","588f350f-f087-4ff7-a559-a2a0e8c7380f","VA","","","",""
"1522","ADH845000H",3,24,999,0,8,2,NA,1,1,0,6.01,"08-13-2016","21:30:00","3010","N","N","BALTIMORE","UNK",3,1,1230,"MU","",0.3,"E","FLEET ST",10,"F","E",4250,"MU","","S CAROLINE ST",39.28437966,-76.59672529,1,0,1,"M",1,1,NA,3,0,0,2,88,"P",0,NA,0,"",NA,"N",NA,1,NA,"06-JAN-92  00:00:00","5454c09e-3992-43ba-9a6c-de3364b1bd6d","","","","",""
"1523","ADH845000M",1,24,999,2,8,2,2,1,3,0,6.01,"11/12/2016","14:41:00","1461","N","N","BALTIMORE","UNK",3,3,1440,"MU","",0.403,"N","S BROADWAY",0,"F","N",0,"UU","","GOUGH ST",39.28761305,-76.59347042,1,0,1,"M",0,3,NA,0,0,99,2,0,"P",0,NA,0,"",NA,"N",NA,1,NA,"7-Jan-02","b11b162f-39d8-4230-98e9-50eaeb4b4a5c","","","","","A"
"1524","ADH845000N",4,24,NA,2,88,2,1,0,0,88,6.01,"12/2/2016","21:55:00","2901","N","N","BALTIMORE","UNK",0,0,NA,"","",0,"","500 DECKER AVE",0,"F","S",NA,"","","3000 MCLEDERY ST",39.29801392,-76.57442003,1,0,1,"M",1,1,NA,2,0,0,1,0,"P",0,NA,0,"",NA,"Y",NA,0,NA,"23-Aug-59","65d7d64e-46be-44ef-ad5a-5bd6fd8d5a51","MD","","","","A"
"1525","ADH845000P",3,24,NA,0,8,2,NA,1,1,0,0,"12/10/2016","1:20:00","150","N","N","BALTIMORE","UNK",5,99,NA,"","",0,"","900 FLEET",10,"F","W",NA,"","","500 ALBERMALE ST ",39.28422811,-76.60156667,1,0,1,"M",0,2,NA,0,0,0,2,0,"P",0,NA,0,"",NA,"Y",NA,0,NA,"2-May-85","0f3a190f-9d19-48d5-b9e9-2f3a71bada73","MD","","","",""
"1526","ADH8450014",0,24,999,0,11,0,1,0,0,0,6.01,"4/28/2017","17:30:00","2497","N","N","BALTIMORE","UNK",3,3,150,"MD","",0,"E","N HAVEN ST",100,"F","E",40,"US","","PULASKI HWY",39.29024845,-76.56838506,1,0,1,"M",0,3,NA,0,0,0,1,0,"P",0,NA,0,"",NA,"N",NA,0,NA,"28-Jul-10","ed726c55-a9d2-49d4-a9dd-3d4c782f85bf","","","","",""
"1527","ADH846001G",3,24,NA,NA,88,NA,NA,NA,NA,0,0,"10-13-2015","00:47:00","CAD#0040","N","N","BALTIMORE","UNK",3,0,NA,"","",NA,"","",NA,"","",NA,"","","",39.27665161,-76.54083207,1,0,1,"F",NA,3,NA,99,6,0,1,53,"P",0,NA,0,"",NA,"U",NA,1,NA,"10-DEC-91","6e3af7ee-615d-41ed-a328-3be06dbc6a83","","","","","A"
"1528","ADH848000Z",0,24,NA,1,17,2,1,1,4,0,0,"5/9/2017","0:38:00","63","N","N","BALTIMORE","UNK",3,3,NA,"","",0,"","3700 GWYNN OAK AVE",0,"F","W",NA,"","","4500HADDON AVE",39.33344685,-76.6947104,1,0,1,"F",1,2,NA,99,88,99,1,88,"P",0,NA,0,"",NA,"N",NA,99,NA,"4-Oct-97","5c14ecaa-432d-4134-bba1-f3ea8f774e96","","","","","A"
"1529","ADH8480013",1,24,999,1,17,2,1,1,1,0,0,"6/30/2017","6:50:00","442","N","N","BALTIMORE","UNK",3,0,2100,"MU","",1.02,"E","W COLD SPRING LA",0,"F","E",129,"MD","","PARK HEIGHTS AVE",39.33955734,-76.66658744,1,0,1,"M",1,2,NA,0,88,0,1,52,"P",0,NA,0,"",NA,"U",NA,1,NA,"29-Jul-64","caeb9f15-043e-4dc5-813e-009f77079e72","","","","",""
"1530","ADH885001D",0,24,999,0,1,0,NA,0,0,0,0,"11/28/2016","13:11:00","1276","N","N","BALTIMORE","UNK",0,0,438,"MU","",3.82,"N","DUNDALK AVE",2,"F","N",0,"UU","","BUSHEY ST",39.29164447,-76.5627484,1,0,1,"F",0,1,NA,0,0,0,1,0,"P",0,NA,0,"",NA,"N",NA,0,NA,"3-Dec-85","798d37c4-4b4e-4621-bc31-6443f4477b51","","","","",""
"1531","ADH885001J",6.02,24,999,0,11,2,1,0,0,0,0,"12/25/2016","19:00:00","1636","N","N","BALTIMORE","UNK",0,0,1300,"MU","",0,"S","PONCA ST",2,"M","N",1340,"MU","","EASTERN AVE",39.28605606,-76.56494647,1,0,1,"M",0,2,NA,0,88,0,1,56,"P",0,NA,0,"",NA,"N",NA,0,NA,"1-Jun-71","0819bb5f-f897-4d3b-8ef7-a9ffde11bbe4","","","","","A"
"1532","ADH885001L",0,24,999,0,1,0,NA,0,0,0,0,"1/11/2017","21:00:00","2107","N","N","BALTIMORE","UNK",0,0,1370,"MU","",2.044,"E","E MONUMENT ST",2,"F","E",0,"UU","","LONEYS LA",39.30042476,-76.53609127,1,0,1,"M",0,1,NA,0,0,0,1,51,"P",0,NA,0,"",NA,"N",NA,0,NA,"13-Jun-77","bee1ac0c-2445-44a4-ba08-c0d73afd201a","","","","",""
"1533","ADH894000M",1,24,NA,1,88,2,1,1,4,0,6.01,"07-27-2016","08:00:00","CAD647","N","N","BALTIMORE","UNK",3,0,NA,"","",0,"","CHARLES ST",10,"F","S",NA,"","","33RD ST",39.32780783,-76.61777928,1,0,1,"M",1,3,NA,1,6,1,1,61,"P",0,NA,0,"",NA,"Y",NA,0,NA,"16-DEC-99  00:00:00","bdb1e38d-29fe-4c0c-a283-be92dc185894","","","","",""
"1534","ADH894000P",1,24,NA,1,17,0,1,1,4,0,6.01,"08-23-2016","08:00:00","CAD647","N","N","BALTIMORE","UNK",3,0,NA,"","",0,"","3300 NORTH CHARLES ST",10,"F","S",NA,"","","33 RD ST",39.32851533,-76.6177994,1,0,1,"M",1,3,NA,1,6,1,1,61,"P",0,NA,0,"",NA,"Y",NA,1,NA,"16-DEC-99  00:00:00","79e491c6-7b3f-4459-b041-23d8eb35df88","","","","",""
"1535","ADH8940011",6.02,24,NA,1,11,0,1,1,2,0,6.01,"4/19/2017","19:35:00","CAD#2574","N","N","BALTIMORE","UNK",3,0,NA,"","",0,"","3800 ROLAND VIEW",30,"F","N",NA,"","","KEYWORTH AVE",39.33393749,-76.65828198,1,0,1,"M",1,3,NA,3,6,1,1,55,"P",0,NA,0,"",NA,"Y",NA,1,NA,"17-Dec-09","29177063-1286-4026-bdad-81d6bc67b690","","","","","A"
"1536","ADH9040007",1,24,NA,2,88,2,1,1,88,0,6.01,"03-26-2015","07:13:00","CAD 439","N","N","BALTIMORE","UNK",4,0,NA,"","",NA,"","5400 BLK FALLS ROAD",0,"F","",NA,"","","1200 BLK W. NORTHERN PKWY",39.36126182,-76.64619327,1,0,1,"M",1,3,NA,1,9.05,99,2,51,"P",0,NA,0,"",NA,"",NA,21,NA,"10-SEP-90","849e188c-c81a-4cfc-ab8a-4df19ac919c2","MD","c","","",""
"1537","ADH904000L",1,24,NA,1,17,2,1,1,3,7,6.01,"07-01-2015","07:18:00","CAD#0427","N","N","BALTIMORE","UNK",9,9,NA,"","",NA,"","4000 BLK OF GREENSPRING AVE",0,"F","U",NA,"","","2300 BLK OF DERBY ROAD",39.33810626,-76.65665388,1,0,1,"F",0,1,NA,0,0,0,88,0,"P",0,NA,0,"",NA,"N",NA,0,NA,"06-APR-40","ecdda3d6-7bd7-4b62-b9c5-e3af068a74b8","MD","c","","",""
"1538","ADH904000Q",3,24,NA,3,3,2,1,0,3,0,6.01,"10-21-2015","05:09:00","CAD#0326","N","N","BALTIMORE","UNK",1,0,NA,"","",0,"","5800 BLK OF FALLS ROAD",0,"U","U",NA,"","","1300 BLK OF KELLY AVE",39.36706817,-76.64807081,2,0,2,"M",0,1,NA,88,9.05,99,2,51,"P",0,NA,0,"",NA,"U",NA,99,NA,"09-OCT-64","7f10ca03-eb03-4596-8553-e66e7f85d503","","","","",""
"1539","ADH904000Q",3,24,NA,3,3,2,1,0,3,0,6.01,"10-21-2015","05:09:00","CAD#0326","N","N","BALTIMORE","UNK",1,0,NA,"","",0,"","5800 BLK OF FALLS ROAD",0,"U","U",NA,"","","1300 BLK OF KELLY AVE",39.36706817,-76.64807081,2,0,2,"M",0,1,NA,99,9.05,99,2,51,"P",0,NA,0,"",NA,"U",NA,99,NA,"06-OCT-61","40c38b83-7865-42eb-939a-276bf963a291","","","","",""
"1540","ADH904000Z",3,24,NA,1,88,1,1,1,1,0,3,"12-27-2015","01:49:00","CAD#0193","N","N","BALTIMORE","UNK",2,0,NA,"","",0,"","3800 BLK OF CANERBURY RD",0,"U","U",NA,"","","UNIT BLK OF WEST 39TH STREET",39.33588032,-76.62044674,1,0,2,"F",0,1,NA,0,0,0,1,0,"P",0,NA,0,"",NA,"N",NA,0,NA,"27-DEC-15","af72e80e-8e7e-4669-9ba9-94d4dc2e1a5d","","","","",""
"1541","ADH904000Z",3,24,NA,1,88,1,1,1,1,0,3,"12-27-2015","01:49:00","CAD#0193","N","N","BALTIMORE","UNK",2,0,NA,"","",0,"","3800 BLK OF CANERBURY RD",0,"U","U",NA,"","","UNIT BLK OF WEST 39TH STREET",39.33588032,-76.62044674,1,0,2,"M",0,1,NA,0,0,0,1,0,"P",0,NA,0,"",NA,"N",NA,0,NA,"14-SEP-90","5613ac9b-49e0-4cfa-ba6e-322bdcca9ec2","MD","C","","",""
"1542","ADH9040016",3,24,NA,1,3,1,1,1,1,0,7.01,"01-30-2016","04:58:00","CAD#0536","N","N","BALTIMORE","UNK",1,0,NA,"","",0,"","UNIT BLK OF WEST 26TH STREET",0,"U","W",NA,"","","2600 BLK OF MARYLAND AVE",39.31930799,-76.61838144,2,1,1,"M",0,1,NA,0,3,0,1,0,"P",0,NA,0,"",NA,"N",NA,0,NA,"19-AUG-67","8a834dd3-751b-4f65-be3d-3e5cd2dbc455","","","","",""
"1543","ADH904001C",3,24,NA,1,88,2,1,1,3,0,7.01,"03-23-2016","23:48:00","CAD#3423","N","N","BALTIMORE","UNK",8,0,NA,"","",0,"","5300 BLK OF NORTH CHARLES STREET",0,"U","N",NA,"","","200 BLK OF UPNOR ROAD",39.35747084,-76.62439227,1,0,1,"U",0,1,NA,0,6,0,4,54,"P",0,NA,0,"",NA,"Y",NA,0,NA,"23-MAR-16","5cb30213-ef68-4abe-8310-e1c5cac04d48","","","","",""
"1544","ADH904001N",3,24,NA,1,88,2,1,1,2,0,7.01,"06-14-2016","23:07:00","CAD#3328","N","N","BALTIMORE","UNK",3,0,NA,"","",0,"","500 BLK OF CHATEAU AVE",0,"U","E",NA,"","","5100 BLK OF YORK ROAD",39.35086517,-76.60953015,1,0,1,"M",0,2,NA,0,6,1,1,52,"P",0,NA,0,"",NA,"N",NA,1,NA,"19-FEB-74","65fdb64d-3de8-431a-912e-ed94fb96d6a3","","","","","A"
"1545","ADH9040024",0,24,NA,2,88,0,1,1,4,0,7.01,"11/3/2016","6:31:00","CAD#0427","N","N","BALTIMORE","UNK",3,0,NA,"","",0,"","1100 BLOCK OF EAST NORTHERN PKWY",0,"F","W",NA,"","","5900 BLOCK OF CHINQUAPIN PKWY",39.36594219,-76.59843117,1,0,1,"F",0,3,NA,0,6,0,1,51,"P",0,NA,0,"",NA,"Y",NA,0,NA,"18-May-96","9ef0254a-249d-4ffd-8761-7ffa693d2063","MD","C","","","A"
"1546","ADH904002G",3,24,NA,2,88,2,1,1,3,0,0,"5/20/2017","4:41:00","CAD#0321","Y","N","BALTIMORE","UNK",3,0,NA,"","",0,"","3600 BLOCK OF FALLS ROAD",0,"F","W",NA,"","","1100 BLOCK OF WEST 36TH STREET",39.33098632,-76.6349709,1,0,1,"M",1,3,NA,0,5,0,1,51,"P",0,NA,0,"",NA,"N",NA,0,NA,"5-Jan-84","fa15c23b-ba94-46bd-a351-8f21688450f8","","","","","A"
"1547","ADH904002M",3,24,NA,1,17,2,1,0,0,0,0,"5/27/2017","2:19:00","CAD#0337","N","N","BALTIMORE","UNK",3,0,NA,"","",0,"","4700 BLOCK OF OLD YORK ROAD",0,"U","N",NA,"","","500 BLOCK OF EAST COLD SPRING LANE",39.34578138,-76.60779476,1,0,1,"M",99,2,NA,0,6,0,1,57,"P",0,NA,0,"",NA,"Y",NA,0,NA,"28-Aug-88","24b4b89f-ad05-4e5a-b83d-ec1a5d806abf","MD","C","","",""
"1548","ADH909000J",1,24,NA,3,88,2,2,1,2,0,6.01,"05-28-2015","16:25:00","02195","N","N","BALTIMORE","UNK",3,0,1370,"MU","",1.448,"E","E MONUMENT ST",3,"U","E",NA,"UU","","N MONTFORD AVE",39.29875493,-76.58359051,1,0,1,"M",1,3,NA,99,10.88,1,1,0,"P",0,NA,0,"",NA,"",NA,1,NA,"30-APR-67","3db62577-965a-4fa8-bd1d-da5664114e0b","","","","",""
"1549","ADH909000K",1,24,NA,0,88,2,1,1,1,0,6.01,"05-29-2015","10:19:00","00982","Y","U","BALTIMORE","UNK",4,4,1655,"MU","",0.168,"E","E EAGER ST",2,"U","E",83,"RP","","RAMP 7 FR EAGER ST TO IS 83 SB",39.30148641,-76.60335302,1,2,1,"M",0,1,NA,99,5,3,2,51,"P",0,NA,0,"",NA,"",NA,0,NA,"05-MAY-00","14eb200c-6adb-429c-85cd-1d8824127a8c","","","","",""
"1550","ADH9090019",1,24,NA,1,17,2,NA,1,0,0,6.01,"11-14-2015","10:25:00","0899","Y","N","BALTIMORE","UNK",3,0,NA,"","",0,"","1900 N. ASHLAND AVE",5,"F","U",NA,"","","900 N WOLFE ST",39.30065619,-76.59121871,1,0,1,"F",NA,3,NA,0,5,99,1,54,"P",0,NA,0,"",NA,"U",NA,0,NA,"07-MAY-87","1333c15e-9fd0-4a4f-9dcf-10e4a71ab105","","","","","A"
"1551","ADH909001J",1,24,NA,2,88,1,1,1,1,88,3,"02-03-2016","10:00:00","00890","Y","N","BALTIMORE","UNK",3,0,NA,"","",0,"","2300 E. MONUMENT ST",0,"F","N",NA,"","","700 N. PATTERSON PARK AVE",39.29868332,-76.58512741,1,1,1,"F",1,2,NA,3,9.05,2,1,88,"P",0,NA,0,"",NA,"N",NA,1,NA,"20-JUN-48","274b50e4-c4c7-471c-9283-fc5a14eab36a","","","","","A"
"1552","ADH9130001",3,24,NA,3,11,2,1,1,4,0,6.01,"02-09-2015","17:50:00","2089","Y","N","BALTIMORE","UNK",3,0,4161,"MU","",0.37,"N","N WARWICK AVE",10,"F","N",NA,"UU","","SPUR FR W FRANKLIN ST",39.29347431,-76.65633202,1,0,1,"F",1,3,NA,2,10.88,2,1,51,"P",0,NA,0,"",NA,"",NA,1,NA,"14-NOV-71","7bbaabd7-2a62-4a91-99d0-0d6c6c9eef76","","","","","A"
"1553","ADH913000J",1,24,NA,NA,8,NA,NA,NA,NA,0,6.01,"2/10/2017","12:07:00","1107","Y","N","BALTIMORE","UNK",3,1,NA,"","",NA,"","",NA,"","",NA,"","","",39.30961486,-76.65123783,2,3,1,"M",1,2,NA,0,0,0,1,56,"P",0,NA,0,"",NA,"N",NA,0,NA,"14-Sep-81","9fba1f40-78e0-48c4-aa7a-cf5b8b1c3230","","","","",""
"1554","ADH9220003",3,24,999,3,88,2,3,1,2,0,6.01,"2/15/2017","18:01:00","","Y","N","BALTIMORE","UNK",3,0,2,"MD","",2.124,"S","S CHARLES ST (SB COUPLET)",0,"U","N",1571,"MU","","S CHARLES ST",39.2864806,-76.61480606,1,0,1,"M",0,2,NA,2,9.05,99,1,51,"P",0,NA,0,"",NA,"U",NA,1,NA,"24-Apr-84","380a5d6c-6a41-403b-967c-c7f099571301","","","","",""
"1555","ADH9230008",1,24,999,1,3,2,2,1,3,0,6.01,"04-22-2016","16:57:00","2420","N","N","BALTIMORE","UNK",3,2,144,"MD","",1.379,"E","FREDERICK RD",150,"F","E",0,"UU","","WOODINGTON RD",39.28163143,-76.6863513,1,0,2,"F",1,3,NA,3,3,0,1,56,"P",0,NA,0,"",NA,"N",NA,1,NA,"30-JAN-03","a8a5bf94-870c-4f89-a9e5-b8646a16705b","","","","","B"
"1556","ADH9230008",1,24,999,1,3,2,2,1,3,0,6.01,"04-22-2016","16:57:00","2420","N","N","BALTIMORE","UNK",3,2,144,"MD","",1.379,"E","FREDERICK RD",150,"F","E",0,"UU","","WOODINGTON RD",39.28163143,-76.6863513,1,0,2,"M",1,2,NA,3,3,0,1,56,"P",0,NA,0,"",NA,"N",NA,1,NA,"22-APR-83","0f4e36ea-c4cf-4dfb-a652-1b70a9598ff1","MD","ID","","",""
"1557","ADH9230009",1,24,999,1,11,2,2,1,3,0,6.01,"04-22-2016","16:20:00","2190","N","N","BALTIMORE","UNK",3,0,2030,"MU","",0.03,"N","POPLAR GROVE ST",200,"F","N",1920,"MU","","EDMONDSON AVE",39.29496452,-76.66493252,1,0,1,"M",99,1,NA,2,6,1,1,52,"P",0,NA,0,"",NA,"Y",NA,1,NA,"01-JAN-01","8965537a-5f4e-4879-8bb9-50876be69e65","","","","",""
"1558","ADH923000J",3,24,999,1,11,2,1,1,1,0,6.01,"07-01-2016","00:01:00","0002","N","N","BALTIMORE","UNK",3,0,1920,"MU","",0.14,"E","EDMONDSON AVE",60,"F","W",6364,"MU","","N FRANKLINTOWN RD",39.2944919,-76.66392937,1,0,1,"F",1,3,NA,2,4,1,1,52,"P",0,NA,0,"",NA,"Y",NA,1,NA,"17-AUG-82  00:00:00","cc92174e-2354-4802-98b2-c94400057d04","","","","","A"
"1559","ADH923001C",1,24,999,1,17,2,1,1,3,0,6.01,"11/23/2016","10:55:00","861","Y","N","BALTIMORE","UNK",3,0,2125,"MU","",0.035,"N","GARRISON BLVD",30,"F","N",0,"UU","","BUS STOP",39.3118478,-76.6753073,1,0,1,"M",1,3,NA,3,6,1,1,52,"P",0,NA,0,"",NA,"N",NA,0,NA,"6-Oct-71","5c89355b-8acf-49d0-82b4-ac82dfd1358a","MD","C","","","A"