"UNIQUE_ID","REPORT_NO","LIGHT_CODE","COUNTY_NO","MUNI_CODE","JUNCTION_CODE","COLLISION_TYPE_CODE","SURF_COND_CODE","LANE_CODE","RD_COND_CODE","RD_DIV_CODE","FIX_OBJ_CODE","WEATHER_CODE","ACC_DATE","ACC_TIME","LOC_CODE","SIGNAL_FLAG","C_M_ZONE_FLAG","AGENCY_CODE","AREA_CODE","HARM_EVENT_CODE1","HARM_EVENT_CODE2","RTE_NO","ROUTE_TYPE_CODE","RTE_SUFFIX","LOG_MILE","LOGMILE_DIR_FLAG","MAINROAD_NAME","DISTANCE","FEET_MILES_FLAG","DISTANCE_DIR_FLAG","REFERENCE_NO","REFERENCE_TYPE_CODE","REFERENCE_SUFFIX","REFERENCE_ROAD_NAME","LATITUDE","LONGITUDE","drv","occ","ped","SEX_CODE","CONDITION_CODE","INJ_SEVER_CODE","OCC_SEAT_POS_CODE","PED_VISIBLE_CODE","PED_LOCATION_CODE","PED_OBEY_CODE","PED_TYPE_CODE","MOVEMENT_CODE","PERSON_TYPE","ALCOHOL_TEST_CODE","ALCOHOL_TESTTYPE_CODE","DRUG_TEST_CODE","DRUG_TESTRESULT_CODE","BAC_CODE","FAULT_FLAG","EQUIP_PROB_CODE","SAF_EQUIP_CODE","EJECT_CODE","DATE_OF_BIRTH","PERSON_ID","LICENSE_STATE_CODE","CLASS","CDL_FLAG","VEHICLE_ID","EMS_UNIT_LABEL"
"1617","ADI0470011",6.02,24,999,2,88,2,3,1,2,0,6.01,"02-27-2016","17:20:00","CAD#2096","Y","N","BALTIMORE","UNK",3,0,1665,"MU","",0.08,"E","E BALTIMORE ST",0,"F","E",2,"MD","","LIGHT ST (SB COUPLET)",39.2895416,-76.61382571,1,0,1,"F",1,3,NA,2,5,2,1,51,"P",0,NA,0,"",NA,"N",NA,1,NA,"01-MAR-94","6d22c2db-33d8-48d5-8151-b3dcee4d089f","","","","","A"
"1618","ADI047001V",1,24,999,1,88,2,2,1,4,0,6.01,"4/29/2017","11:40:00","CAD#1346","N","N","BALTIMORE","UNK",3,0,6020,"MU","",1.36,"N","MARTIN LUTHER KING JR BLVD",200,"F","N",1681,"MU","","W FAYETTE ST",39.2906875,-76.62744731,1,0,1,"M",1,3,NA,4,6,0,1,56,"P",0,NA,0,"",NA,"U",NA,25.88,NA,"16-Nov-59","857432a3-970c-44c8-a0d6-51c981d1c5a1","","","","","A"
"1619","ADI054000F",1,24,NA,1,88,0,NA,1,3,0,0,"04-16-2015","08:16:00","CAD621","Y","N","BALTIMORE","UNK",3,0,2580,"MU","",0.384,"E","E 35TH ST",1,"F","E",NA,"UU","","TIVOLY AVE",39.33094482,-76.59199119,1,6,1,"F",1,2,NA,3,5,0,1,51,"P",0,NA,0,"",NA,"",NA,0,NA,"07-FEB-99","6a1c0be4-a586-49e1-9ce4-e361a65833c1","","","","","A"
"1620","ADI0540030",1,24,999,1,17,0,1,1,1,0,0,"1/25/2017","15:50:00","CAD#2163","N","N","BALTIMORE","UNK",3,0,542,"MD","",2.316,"N","LOCH RAVEN BLVD",100,"F","N",0,"UU","","WINFORD RD",39.31613001,-76.58984542,1,0,1,"M",1,3,NA,3,4,0,1,88,"P",0,NA,0,"",NA,"N",NA,0,NA,"28-Mar-79","d8b39151-ff08-4d53-8f16-017f21f3b11a","","","","",""
"1621","ADI056000L",1,24,999,1,3,2,2,1,1,0,6.01,"07-09-2016","14:00:00","CAD#1590","N","N","BALTIMORE","UNK",3,1,500,"MU","",0.66,"W","E 33RD ST",100,"F","E",0,"UU","","EDNOR RD",39.33018963,-76.59974813,1,0,1,"F",1,2,NA,1,6,1,1,52,"P",0,NA,0,"",NA,"N",NA,1,NA,"04-FEB-76  00:00:00","7f12defc-040f-4368-98fc-122482983571","MD","ID","","",""
"1622","ADI0560015",3,24,999,1,11,2,3,1,3,0,6.01,"11/19/2016","17:40:00","CAD#2146","N","N","BALTIMORE","UNK",3,3,1021,"MU","",2.15,"N","E NORTHERN PKWY",500,"F","S",542,"MD","","LOCH RAVEN BLVD",39.36636314,-76.58413231,1,0,1,"M",1,3,NA,2,6,3,1,52,"P",0,NA,0,"",NA,"Y",NA,1,NA,"17-Nov-68","b55ea225-1db0-4d9d-b4cc-f20605f477fb","","","","","A"
"1623","ADI056001B",1,24,999,88,1,2,1,1,88,0,6.01,"2/22/2017","16:25:00","CAD#1982","N","N","BALTIMORE","UNK",3,3,2105,"MU","",1.449,"E","E COLD SPRING LA",200,"F","E",0,"UU","","BUS STOP",39.34585087,-76.59331888,1,0,1,"M",1,2,NA,2,6,88,1,56,"P",0,NA,0,"",NA,"U",NA,1,NA,"13-Jun-91","430890b5-28c3-49b1-bea0-84153b3d3f0c","","","","",""
"1624","ADI056001K",1,24,999,2,7,2,NA,1,4,0,6.01,"6/6/2017","15:10:00","CAD#1879","Y","N","BALTIMORE","UNK",3,3,542,"MD","",0.431,"N","THE ALAMEDA",0,"F","N",0,"UU","","E 32ND ST",39.32660756,-76.59437299,1,0,1,"M",1,2,NA,2,9.05,3,1,51,"P",0,NA,0,"",NA,"Y",NA,1,NA,"9-Feb-01","60fe5b71-e34a-4557-a57b-1eb3f2e17a06","","","","",""
"1625","ADI0620022",3,24,NA,2,88,1,1,1,1,0,8.04,"1/5/2017","21:17:00","CAD2806","Y","N","BALTIMORE","UNK",3,1,NA,"","",0,"","2900 WALBROOK AVE",0,"F","W",NA,"","","2000 POPLAR GROVE ST",39.31022812,-76.66578814,1,0,1,"M",0,2,NA,2,9.05,1,1,51,"P",0,NA,0,"",NA,"N",NA,0,NA,"21-Sep-87","75f308e1-99a6-4e27-a28a-2e6ca013d5b8","MD","ID","","",""
"1626","ADI0620028",1,24,NA,NA,88,NA,NA,NA,NA,0,6.01,"3/7/2017","11:45:00","CAD 1095","N","N","BALTIMORE","UNK",3,19,NA,"","",NA,"","",NA,"","",NA,"","","",39.30838419,-76.67073011,1,0,1,"F",0,2,NA,1,88,1,1,58,"P",0,NA,0,"",NA,"N",NA,0,NA,"11-Jul-84","eb59906c-947c-4cfa-b4da-e05132df68d5","MD","C","","","A"
"1627","ADI062002B",1,24,NA,1,88,2,1,1,1,0,6.01,"3/8/2017","15:17:00","CAD 1803","N","N","BALTIMORE","UNK",3,0,NA,"","",0,"","2600 FREDERICK AVE",5,"F","W",NA,"","","300 TYRONE ",39.28160702,-76.65872991,1,0,1,"M",0,2,NA,2,4,1,1,51,"P",0,NA,0,"",NA,"U",NA,1,NA,"29-Oct-68","d956375a-a570-4e40-92fd-c8e0e76ea0b2","MD","C","","","A"
"1628","ADI062002C",1,24,NA,1,17,2,NA,1,88,0,6.01,"4/30/2017","14:14:00","CAD 1580","N","N","BALTIMORE","UNK",3,1,NA,"","",0,"","4500 EDMONDSON AVE",0,"F","W",NA,"","","600 SWANN AVE",39.29355111,-76.69347391,1,0,1,"M",1,2,NA,2,14.88,1,1,53,"P",0,NA,0,"",NA,"N",NA,0,NA,"2-Jan-98","9989c63e-a014-4984-9695-fe89b1c7202b","","","","","A"
"1629","ADI062002G",1,24,NA,2,11,2,1,1,2,0,6.01,"5/13/2017","14:45:00","CAD 1500","Y","N","BALTIMORE","UNK",1,3,NA,"","",0,"","2000 HOLLINS ST",0,"F","E",NA,"","","001 S. PULASKI ST",39.28700687,-76.65002078,2,0,1,"M",0,2,NA,3,3,0,1,56,"P",0,NA,0,"",NA,"N",NA,0,NA,"18-Apr-01","9a9dab1c-79d3-49df-a575-b12fbaae4649","","","","",""
"1630","ADI0680012",3,24,NA,2,17,1,1,1,1,0,3,"5/23/2017","20:29:00","3008","Y","N","BALTIMORE","UNK",3,0,NA,"","",0,"","GAY ST ",0,"F","W",NA,"",""," EAST LOMBARD ST ",39.28777913,-76.6087845,1,0,1,"M",1,3,NA,3,99,99,1,99,"P",0,NA,0,"",NA,"U",NA,1,NA,"4-Oct-78","85e18f1a-18c7-4217-9e41-915e8909425c","MD","ID","","","A"
"1631","ADI0690004",1,24,NA,2,17,2,1,1,2,0,6.01,"01-28-2015","10:51:00","964","Y","N","BALTIMORE","UNK",3,0,1710,"MU","",0.541,"S","MARYLAND AVE",0,"F","S",NA,"UU","","W 23RD ST",39.31526053,-76.61816686,1,0,1,"M",NA,3,NA,3,5,2,1,51,"P",0,NA,0,"",NA,"",NA,1,NA,"27-DEC-66","3cb77814-7e56-4e8b-8898-feabfd0441d5","MD","","","","A"
"1632","ADI0690006",6.02,24,NA,2,17,2,2,1,1,0,7.01,"02-10-2015","16:50:00","2019","Y","N","BALTIMORE","UNK",3,0,4045,"MU","",0.801,"S","GUILFORD AVE",0,"F","S",4650,"MU","","E 25TH ST",39.31791045,-76.61286682,1,0,1,"M",1,3,NA,3,1,1,1,59,"P",0,NA,0,"",NA,"",NA,1,NA,"07-NOV-82","f895d38a-882a-4c66-a960-95fedb3fd731","MD","","","",""
"1633","ADI069000B",1,24,NA,2,17,1,1,1,4,0,6.01,"03-09-2015","09:12:00","CAD#0623","Y","N","BALTIMORE","UNK",3,0,500,"MU","",1.5,"W","E 33RD ST",0,"F","W",1515,"MU","","N CALVERT ST",39.32830577,-76.61492944,1,0,1,"M",NA,2,NA,3,5,2,2,51,"P",0,NA,0,"",NA,"",NA,1,NA,"29-DEC-89","a6c96233-cee6-4b6f-bb69-e1c08ba89597","","","","","A"
"1634","ADI069000K",1,24,NA,2,17,1,1,1,3,0,3,"04-03-2015","12:31:00","CAD#1322","N","N","BALTIMORE","UNK",3,0,NA,"","",NA,"","ILCHESTER AVE",0,"F","",NA,"","","BARCLAY ST",39.32279084,-76.61115959,1,1,1,"M",1,1,NA,3,5,1,1,51,"P",0,NA,0,"",NA,"",NA,1,NA,"11-OCT-57","4e48a018-3301-4b32-87c9-df4e2c43a6f6","MD","C","","",""
"1635","ADI0690028",1,24,999,1,17,2,NA,1,3,0,7.01,"05-18-2016","18:20:00","CAD2573","N","N","BALTIMORE","UNK",3,0,45,"MD","",1.1,"N","GREENMOUNT AVE",500,"F","S",0,"UU","","E 32ND ST",39.32748728,-76.60938799,1,1,1,"F",1,3,NA,3,4,1,1,52,"P",0,NA,0,"",NA,"N",NA,1,NA,"11-JAN-91","28b35cc1-cee1-4599-8876-827f0bc58578","","","","",""
"1636","ADI069002H",3,24,999,2,11,2,1,1,2,0,6.01,"06-12-2016","03:30:00","CAD#1655","Y","N","BALTIMORE","UNK",3,0,139,"MD","",0.29,"N","N CHARLES ST",0,"F","N",0,"UU","","E 23RD ST",39.31528232,-76.61677346,1,0,1,"M",1,2,NA,3,5,2,1,51,"P",0,NA,0,"",NA,"N",NA,1,NA,"23-DEC-90","1c29bc38-b6e6-43de-a778-752639a439be","","","","","A"
"1637","ADI069002Z",1,24,999,2,88,2,2,1,2,0,6.01,"08-03-2016","12:30:00","CAD#1307","Y","N","BALTIMORE","UNK",3,0,139,"MD","",0.15,"N","N CHARLES ST",0,"F","N",0,"UU","","E 21ST ST",39.31321856,-76.61664471,1,0,1,"F",NA,4,NA,3,5,2,1,51,"P",0,NA,0,"",NA,"N",NA,0,NA,"23-SEP-42  00:00:00","1ed34eb9-0b8a-4514-ace0-0b699a1e8b0e","","","","","A"
"1638","ADI069003C",1,24,999,3,17,2,NA,1,2,0,6.01,"09-13-2016","17:25:00","CAD#2397","Y","N","BALTIMORE","UNK",3,0,1703,"MU","",2.36,"N","N HOWARD ST",10,"F","N",1615,"MU","","W 29TH ST",39.32305539,-76.62008733,1,0,1,"F",1,2,NA,3,5,2,1,51,"P",0,NA,0,"",NA,"N",NA,0,NA,"03-MAY-84  00:00:00","0652c719-5b21-4608-b691-a75020b67751","","","","","A"
"1639","ADI069003F",1,24,999,3,17,1,1,1,2,0,7.01,"09-19-2016","14:30:00","CAD#1794","N","N","BALTIMORE","UNK",3,0,45,"MD","",1.236,"N","GREENMOUNT AVE",5,"F","N",0,"UU","","VENABLE AVE",39.32923422,-76.60947382,1,0,1,"F",1,2,NA,3,5,1,1,51,"P",0,NA,0,"",NA,"N",NA,0,NA,"27-MAR-49  00:00:00","d140d235-9058-41a6-bff4-f18cff458d3d","","","","",""
"1640","ADI0730015",3,24,999,2,2,2,1,1,2,0,6.01,"07-28-2016","21:10:00","3172","Y","N","BALTIMORE","UNK",3,0,959,"MU","",0,"W","W PRESTON ST",0,"F","W",1125,"MU","","N CHARLES ST",39.3044793,-76.61623165,1,0,1,"M",NA,2,NA,3,5,99,1,51,"P",0,NA,0,"",NA,"U",NA,1,NA,"13-MAY-93  00:00:00","f030c472-c9b5-40bf-af69-378307be676d","","","","",""
"1641","ADI079000T",3,24,NA,2,88,2,1,1,4,0,6.01,"04-07-2016","23:30:00","3138","N","N","BALTIMORE","UNK",3,3,NA,"","",0,"","3400BLK EDMONDSON AVE",0,"F","U",NA,"","","500BLK DENSION",39.29402647,-76.67410433,1,1,1,"M",NA,3,NA,0,4,1,1,51,"P",0,NA,0,"",NA,"Y",NA,1,NA,"16-JAN-62","c584e4b5-49cd-4afe-bb8c-9230dd1e9c70","","","","","A"
"1642","ADI080000D",5.02,24,999,0,88,2,1,1,3,0,6.01,"05-28-2016","20:34:00","CAD#2979","N","N","BALTIMORE","UNK",3,1,4380,"MU","",0.151,"S","10TH ST",20,"F","S",0,"UU","","WASHBURN AVE",39.23314859,-76.59638464,1,0,1,"M",1,3,NA,5,4,0,1,55,"P",0,NA,0,"",NA,"U",NA,0,NA,"04-MAY-11","5fd5f941-1d9e-499b-b669-020d9ba66105","","","","","A"
"1643","ADI087000S",6.02,24,NA,0,88,2,1,1,1,0,6.01,"07-23-2015","20:39:00","CAD#2923","Y","N","BALTIMORE","UNK",3,3,NA,"","",0,"","E 23 ST",0,"M","U",NA,"","","ST PAUL ST",39.31431218,-76.61512122,1,0,2,"M",1,1,NA,3,5,1,1,51,"P",0,NA,0,"",NA,"U",NA,0,NA,"14-MAR-84","cbd4bc12-e5e6-4343-8dc6-71fd6285d533","MD","C","","",""
"1644","ADI087000S",6.02,24,NA,0,88,2,1,1,1,0,6.01,"07-23-2015","20:39:00","CAD#2923","Y","N","BALTIMORE","UNK",3,3,NA,"","",0,"","E 23 ST",0,"M","U",NA,"","","ST PAUL ST",39.31431218,-76.61512122,1,0,2,"M",1,1,NA,1,5,1,1,51,"P",0,NA,0,"",NA,"U",NA,0,NA,"24-FEB-91","731ec926-4fde-45f6-b87c-2a981924b7c2","MI","","","",""
"1645","ADI0870014",1,24,NA,NA,88,NA,NA,NA,NA,0,6.01,"11-30-2015","12:00:00","CAD#1105","N","N","BALTIMORE","UNK",3,0,NA,"","",NA,"","",NA,"","",NA,"","","",39.31274333,-76.61838412,1,1,1,"F",1,3,NA,99,88,0,1,88,"P",0,NA,0,"",NA,"U",NA,0,NA,"22-MAY-36","4bddcdcf-6585-4abb-a0ca-fc59a65516cf","","","","","A"
"1646","ADI0870022",1,24,NA,3,88,2,1,1,3,0,7.01,"04-28-2016","18:35:00","CAD#2375","Y","N","BALTIMORE","UNK",3,0,NA,"","",0,"","THE ALAMEDA",0,"F","U",NA,"","","WALTERS AVE.",39.35960381,-76.59438841,1,0,1,"F",1,3,NA,1,6,1,1,51,"P",0,NA,0,"",NA,"U",NA,0,NA,"06-MAY-61","823ecc52-1746-47f1-a596-f129a72225b0","","","","","A"
"1647","ADI087002H",1,24,NA,2,0,2,2,1,3,0,6.01,"05-27-2016","08:20:00","CAD#0729","N","N","BALTIMORE","UNK",3,0,NA,"","",0,"","E 25 ST",0,"F","U",NA,"","","BRENTWOOD AVE",39.31806711,-76.61038712,1,0,1,"M",1,3,NA,3,6,1,1,88,"P",0,NA,0,"",NA,"Y",NA,1,NA,"23-MAR-91","8a8fd003-a7ec-4896-927a-0024d4baf8c5","","","","","A"
"1648","ADI087002J",3,24,NA,3,0,2,1,1,3,0,6.01,"06-08-2016","21:30:00","CAD#3339","Y","N","BALTIMORE","UNK",3,0,NA,"","",0,"","THE ALAMEDA AVE",0,"U","U",NA,"","","E. BELVEDERE AVE",39.36076307,-76.59419999,1,0,1,"F",1,3,NA,3,5,2,1,51,"P",0,NA,0,"",NA,"U",NA,0,NA,"30-NOV-69","ba55a7dc-3a25-42b6-a180-c5dd806462e9","","","","",""
"1649","ADI087002L",3,24,NA,1,88,0,1,1,3,0,6.01,"06-13-2016","21:30:00","CAD#3183","N","N","BALTIMORE","UNK",3,0,NA,"","",0,"","N CHARLES ST",0,"U","U",NA,"","","UPNOR RD",39.35767408,-76.62352055,1,1,1,"F",1,3,NA,2,6,1,1,52,"P",0,NA,0,"",NA,"Y",NA,0,NA,"13-AUG-99","1036beac-94b3-470b-b4b8-a3860ee549d6","","","","","A"
"1650","ADI087002N",4,24,NA,6.01,0,2,1,1,2,0,6.01,"06-22-2016","21:15:00","CAD#2974","Y","N","BALTIMORE","UNK",3,0,NA,"","",0,"","ST PAUL ST",0,"U","U",NA,"","","E 24 ST",39.31639355,-76.61529019,1,0,1,"F",1,3,NA,3,5,2,1,51,"P",0,NA,0,"",NA,"N",NA,1,NA,"09-MAY-88","34cb89b4-8faa-453a-98f2-41fa4091f45c","","","","",""
"1651","ADI087002W",1,24,NA,0,1,2,1,1,2,0,6.01,"09-14-2016","10:43:00","CAD#1054","N","N","BALTIMORE","UNK",3,0,NA,"","",0,"","RADNOR RD",0,"U","U",NA,"","","YORK RD",39.34811383,-76.61040321,1,0,1,"F",1,3,NA,2,6,0,1,54,"P",0,NA,0,"",NA,"Y",NA,1,NA,"09-MAR-97  00:00:00","233cffd8-8760-4707-be77-60af08a34668","","","","","A"
"1652","ADI087003G",1,24,NA,2,0,2,1,1,4,0,6.01,"4/5/2017","7:45:00","CAD#0551","N","N","BALTIMORE","UNK",3,0,NA,"","",0,"","E NORTHERN PKWY",0,"F","U",NA,"","","CHINQUAPIN PKWY",39.36601166,-76.5985854,1,0,1,"M",1,3,NA,3,6,1,1,51,"P",0,NA,0,"",NA,"Y",NA,0,NA,"17-Oct-01","21216676-c6a0-404b-b47d-032ec918fff5","","","","","A"
"1653","ADI0890006",1,24,NA,0,7,2,1,1,3,0,0,"5/14/2017","9:00:00","","N","N","BALTIMORE","UNK",2,4,NA,"","",0,"","E BALTIMORE",6,"F","W",NA,"","","S CASTLE",39.29179082,-76.58789545,1,0,1,"M",0,3,NA,3,8,0,2,53,"P",0,NA,0,"",NA,"N",NA,0,NA,"12-Aug-60","155d326e-39e6-4745-853b-97ca7c4e994c","","","","",""
"1654","ADI090000W",1,24,NA,2,88,2,2,1,3,0,6.01,"09-15-2016","14:50:00","1615","Y","N","BALTIMORE","UNK",4,0,NA,"","",0,"","1700 BLK S.CHARLES ST",0,"F","N",NA,"","","UNIT BLK WEATH ST",39.27050291,-76.61394373,1,0,1,"M",1,4,NA,0,5,0,2,51,"P",0,NA,0,"",NA,"N",NA,1,NA,"24-DEC-37  00:00:00","a37e82fc-080c-4c3c-8f29-4119c01dd085","MD","","","","A"
"1655","ADI110000F",1,24,NA,3,88,2,2,1,4,0,6.01,"05-08-2015","17:45:00","2195","Y","N","BALTIMORE","UNK",3,0,NA,"","",NA,"","2200 WILKENS AVENUE",0,"F","",NA,"","","600 S SMALLWOOD STREET",39.28071946,-76.650635,1,0,1,"M",1,2,NA,2,6,99,1,52,"P",0,NA,0,"",NA,"",NA,0,NA,"07-MAR-43","95c8f6c8-f334-4969-a7f6-207ec0e08ed9","","","","","A"
"1656","ADI110000H",1,24,NA,2,88,2,1,1,88,0,7.01,"06-05-2015","18:30:00","2543","N","N","BALTIMORE","UNK",1,0,NA,"","",NA,"","ALLEY OF WOODRIDGE RD",0,"F","",NA,"","","LYNDHURST",39.29721271,-76.68184787,1,0,1,"M",1,3,NA,1,6,1,2,51,"P",0,NA,0,"",NA,"",NA,1,NA,"30-APR-07","c1442afe-c567-44d8-94c4-145ade727e37","","","","","A"
"1657","ADI110001K",1,24,NA,2,17,2,NA,1,1,0,6.01,"11/8/2016","16:35:00","CAD1764","Y","N","BALTIMORE","UNK",1,3,NA,"","",0,"","1900 BLK DEERING AVE",0,"F","U",NA,"","","2700 BLK WASHINGTON BLVD",39.26417872,-76.65518671,1,0,1,"F",99,2,NA,99,10.88,1,1,54,"P",0,NA,0,"",NA,"U",NA,1,NA,"8-Nov-16","fecf547d-557c-43f3-9f8c-b9482dcf747d","MD","","","",""
"1658","ADI112000C",5.02,24,NA,88,0,2,NA,1,88,0,6.01,"04-13-2015","19:45:00","CAD32663","N","N","BALTIMORE","UNK",3,1,NA,"","",NA,"","SHELLBANKS RD.",8,"F","",NA,"","","BYLDEN RD.",39.25025123,-76.63156986,1,0,1,"F",1,3,NA,3,6,99,1,52,"P",0,NA,0,"",NA,"",NA,0,NA,"10-MAY-05","30d6d118-1802-40c0-8f88-ee213d40ec60","","","","",""
"1659","ADI112000K",3,24,NA,1,88,2,NA,1,2,0,7.01,"05-11-2015","21:04:00","CAD 2863","N","N","BALTIMORE","UNK",3,0,NA,"","",NA,"","BRIDGEVIEW RD.",3,"F","",NA,"","","CHERRYLAND RD.",39.24809104,-76.6242528,1,0,1,"F",1,1,NA,3,88,99,1,88,"P",0,NA,0,"",NA,"",NA,0,NA,"25-DEC-00","4d4c3151-f2ed-4c3f-8869-9928b81e2f51","","","","",""
"1660","ADI1120019",1,24,NA,1,88,1,NA,0,1,0,3,"11-10-2015","09:00:00","CAD 546","N","N","BALTIMORE","UNK",3,1,NA,"","",0,"","EAGLE ST.",3,"F","E",NA,"","","S. PAYSON ST.",39.28071946,-76.64779186,1,0,1,"M",1,3,NA,3,88,99,1,88,"P",0,NA,0,"",NA,"N",NA,0,NA,"05-JUL-47","9da2eb63-7315-48db-b710-a63b551ccea0","","","","",""
"1661","ADI1120022",1,24,NA,1,88,2,NA,1,2,0,6.01,"03-30-2016","17:00:00","CAD 2026","N","N","BALTIMORE","UNK",3,88,NA,"","",0,"","CAMBRIA ST.",10,"F","W",NA,"","","FAIRHAVEN AVE.",39.23226561,-76.59124956,1,0,1,"F",1,3,NA,3,88,88,1,52,"P",0,NA,0,"",NA,"Y",NA,0,NA,"14-NOV-13","8d638fc0-825f-473a-97d0-20bee079184c","","","","","A"
"1662","ADI1120023",1,24,NA,3,88,2,1,1,88,0,7.01,"04-09-2016","17:05:00","CAD 1936","Y","N","BALTIMORE","UNK",3,0,NA,"","",0,"","E. PATAPSCO AVE.",10,"F","E",NA,"","","S. HANOVER ST",39.23783753,-76.60903931,1,0,1,"M",1,3,NA,1,9.05,3,1,51,"P",0,NA,0,"",NA,"Y",NA,0,NA,"25-OCT-71","cd1c557c-2f66-4482-8cf2-aad1cf4349ad","","","","","A"
"1663","ADI1120030",1,24,NA,1,88,2,NA,1,2,0,6.01,"2/2/2017","14:50:00","CAD 1898","N","N","BALTIMORE","UNK",3,1,NA,"","",0,"","CAMBRIA ST",250,"F","W",NA,"","","SHELBY AVE",39.23237364,-76.59157813,1,0,1,"F",1,3,NA,3,6,1,1,55,"P",0,NA,0,"",NA,"Y",NA,0,NA,"4-Nov-04","e93aa288-d061-43d9-97c4-3c839cb05e23","","","","",""
"1664","ADI1120033",1,24,NA,2,11,2,NA,1,88,0,7.01,"3/1/2017","16:45:00","CAD 2185","Y","N","BALTIMORE","UNK",1,4,NA,"","",0,"","10TH ST",0,"F","N",NA,"","","WASHBURN AVE",39.23229054,-76.59683257,1,0,1,"M",NA,2,NA,88,88,88,2,51,"P",0,NA,0,"",NA,"Y",NA,0,NA,"21-Nov-93","71c7ac2b-fbf6-48bb-93f3-5e83d596c142","","","","",""
"1665","ADI1120035",1,24,NA,1,88,2,1,1,88,0,6.01,"3/11/2017","12:45:00","CAD 1275","N","N","BALTIMORE","UNK",3,0,NA,"","",0,"","POTEE ST",100,"F","S",NA,"","","W PATAPSCO AVE",39.23829457,-76.61129773,1,0,1,"F",NA,3,NA,88,88,1,1,52,"P",0,NA,0,"",NA,"Y",NA,0,NA,"16-Dec-34","6abce3ec-9714-4b4a-ae17-111193c095ea","","","","","A"
"1666","ADI1120036",1,24,NA,3,88,2,NA,1,88,0,7.01,"3/13/2017","15:50:00","CAD 1595","Y","N","BALTIMORE","UNK",3,1,NA,"","",0,"","PLUM ST",10,"F","W",NA,"","","PENNINGTON AVE",39.22836791,-76.58867866,1,2,1,"M",NA,2,NA,2,5,0,1,51,"P",0,NA,0,"",NA,"N",NA,0,NA,"24-Jul-94","f0fa024c-9c23-45a9-804d-64ef583ed191","","","","",""
"1667","ADI112003B",1,24,NA,2,88,2,NA,1,88,0,7.01,"5/24/2017","8:55:00","CAD 739","Y","N","BALTIMORE","UNK",3,1,NA,"","",0,"","10TH ST",0,"F","N",NA,"","","6TH ST",39.22640651,-76.59989297,1,1,1,"F",1,2,NA,3,16.05,99,1,51,"P",0,NA,0,"",NA,"U",NA,0,NA,"7-Mar-76","7eb20abe-9f18-4bf0-b0b3-dcb43c52e262","","","","",""
"1668","ADI1140004",1,3,NA,1,11,2,1,1,0,0,0,"01-29-2015","14:00:00","CAD#1532","N","N","BALTIMORE","UNK",3,0,513,"CO","",0,"N","CLARKS LA",10,"F","N",6782,"CO","","NICODEMUS RD",39.35976038,-76.70336723,1,2,1,"M",1,1,NA,3,6,1,1,51,"P",0,NA,0,"",NA,"",NA,0,NA,"24-MAR-07","37c69f23-0a84-4c7e-a040-9e4c97f65ba3","","","","",""
"1669","ADI1140005",1,3,NA,1,11,2,1,1,1,0,0,"02-05-2015","11:13:00","1030","N","N","BALTIMORE","UNK",3,0,140,"MD","",0,"N","REISTERSTOWN RD",0,"F","N",NA,"UU","","BALTO CITY LINE",39.35946175,-76.70975089,1,0,1,"M",1,1,NA,2,6,1,1,51,"P",0,NA,0,"",NA,"",NA,0,NA,"15-APR-22","93847635-4373-4dad-932b-c16b52aa0a63","","","","",""
"1670","ADI1140011",3,24,NA,1,3,2,1,1,2,0,6.01,"08-08-2015","20:35:00","CAD#2763","N","N","BALTIMORE","UNK",2,0,NA,"","",0,"","3700 MIDHEIGHTS RD",200,"F","W",NA,"","","6500 WILLIAMSON AVE",39.35961107,-76.7009747,1,0,1,"M",1,1,NA,0,3,0,88,56,"P",0,NA,0,"",NA,"N",NA,0,NA,"28-FEB-72","558480b8-778d-4793-bc30-108e76ede57d","MD","c","","",""
"1671","ADI114001W",3,24,999,1,99,2,1,1,1,0,6.01,"12-06-2015","22:44:00","CAD-2765","N","N","BALTIMORE","UNK",3,0,2170,"MU","",0.87,"S","BELVEDERE AVE",10,"F","N",129,"MD","","PARK HEIGHTS AVE",39.3499033,-76.6741392,1,0,1,"F",NA,4,NA,99,6,0,1,99,"P",0,NA,0,"",NA,"U",NA,0,NA,"07-MAR-89","5130b02b-e4a7-4a80-8fa1-231946c8b0ed","","","","",""
"1672","ADI1140020",1,24,NA,2,17,1,1,1,2,0,7.01,"12-27-2015","14:55:00","CAD#1350","N","N","BALTIMORE","UNK",3,0,NA,"","",0,"","6500 HOPETON AVENUE",0,"F","S",NA,"","","3900 BARTON AVENUE",39.35753513,-76.70236677,1,0,1,"F",1,3,NA,1,10.88,1,1,54,"P",0,NA,0,"",NA,"Y",NA,0,NA,"23-APR-58","92f6ec6b-b98c-40f0-966f-bb68b720a4f3","MD","","","","A"
"1673","ADI114004B",1,24,999,1,88,2,1,1,1,0,0,"05-06-2016","18:00:00","CAD-2367","N","N","BALTIMORE","UNK",3,0,2825,"MU","",0,"N","CLARKS LA",10,"F","N",140,"MD","","REISTERSTOWN RD",39.34190866,-76.66806936,1,0,1,"F",NA,1,NA,3,6,1,1,52,"P",0,NA,0,"",NA,"Y",NA,0,NA,"11-JAN-92","9a413637-88df-43ec-a923-8ce4995b8d1e","","","","",""