"UNIQUE_ID","REPORT_NO","LIGHT_CODE","COUNTY_NO","MUNI_CODE","JUNCTION_CODE","COLLISION_TYPE_CODE","SURF_COND_CODE","LANE_CODE","RD_COND_CODE","RD_DIV_CODE","FIX_OBJ_CODE","WEATHER_CODE","ACC_DATE","ACC_TIME","LOC_CODE","SIGNAL_FLAG","C_M_ZONE_FLAG","AGENCY_CODE","AREA_CODE","HARM_EVENT_CODE1","HARM_EVENT_CODE2","RTE_NO","ROUTE_TYPE_CODE","RTE_SUFFIX","LOG_MILE","LOGMILE_DIR_FLAG","MAINROAD_NAME","DISTANCE","FEET_MILES_FLAG","DISTANCE_DIR_FLAG","REFERENCE_NO","REFERENCE_TYPE_CODE","REFERENCE_SUFFIX","REFERENCE_ROAD_NAME","LATITUDE","LONGITUDE","drv","occ","ped","SEX_CODE","CONDITION_CODE","INJ_SEVER_CODE","OCC_SEAT_POS_CODE","PED_VISIBLE_CODE","PED_LOCATION_CODE","PED_OBEY_CODE","PED_TYPE_CODE","MOVEMENT_CODE","PERSON_TYPE","ALCOHOL_TEST_CODE","ALCOHOL_TESTTYPE_CODE","DRUG_TEST_CODE","DRUG_TESTRESULT_CODE","BAC_CODE","FAULT_FLAG","EQUIP_PROB_CODE","SAF_EQUIP_CODE","EJECT_CODE","DATE_OF_BIRTH","PERSON_ID","LICENSE_STATE_CODE","CLASS","CDL_FLAG","VEHICLE_ID","EMS_UNIT_LABEL"
"1731","ADI221000P",3,24,NA,1,11,2,2,1,3,0,6.01,"04-23-2015","21:00:00","32682","N","N","BALTIMORE","UNK",3,0,2210,"MU","",1.288,"W","W NORTH AVE",80,"F","W",NA,"UU","","W NORTH AVE (AHEAD)",39.3100953,-76.64093077,1,0,1,"M",99,2,NA,2,6,1,1,52,"P",0,NA,0,"",NA,"",NA,0,NA,"16-DEC-64","e9be1f99-0488-4602-a71d-aadad0814ea0","","","","","A"
"1732","ADI221000V",1,24,NA,1,3,2,4,1,1,0,0,"05-18-2015","08:30:00","605","N","N","BALTIMORE","UNK",3,0,2210,"MU","",0,"W","W NORTH AVE",20,"F","W",1,"US","","PENNSYLVANIA AVE.",39.30994587,-76.64274931,1,0,1,"F",1,2,NA,1,1,88,1,57,"P",0,NA,0,"",NA,"",NA,0,NA,"24-FEB-59","2d8cdc82-7f6b-41f7-bd24-d593a9eee6e9","","","","","A"
"1733","ADI221000Y",1,24,NA,1,11,2,1,1,1,0,6.01,"05-28-2015","08:50:00","6504","N","N","BALTIMORE","UNK",3,0,2210,"MU","",0.149,"W","W NORTH AVE",50,"F","W",NA,"UU","","BUS STOP",39.30999568,-76.6428566,1,0,1,"F",99,3,NA,1,4,1,1,52,"P",0,NA,0,"",NA,"",NA,0,NA,"09-SEP-79","992ea8f9-eaac-4faf-83bd-12c94b374d58","MD","","","","A"
"1734","ADI2210013",3,24,999,2,11,2,2,1,3,0,6.01,"08-21-2015","22:03:00","CAD#3165","N","N","BALTIMORE","UNK",5,0,1695,"MU","",1.402,"W","W SARATOGA ST",0,"F","W",0,"UU","","N STRICKER ST",39.29216239,-76.64119363,1,1,1,"M",1,2,NA,2,10.88,1,3,55,"P",0,NA,0,"",NA,"Y",NA,0,NA,"29-AUG-06","e1ce6eae-f525-480b-a120-7df01bb56642","","","","","A"
"1735","ADI221001H",3,24,NA,1,3,1,2,1,1,0,3,"12-01-2015","16:45:00","CAD#1962","N","N","BALTIMORE","UNK",3,0,NA,"","",0,"","RUXTON AVE",10,"F","W",NA,"","","BAKER ST",39.30638456,-76.65475488,1,0,1,"F",1,3,NA,3,1,0,1,56,"P",0,NA,0,"",NA,"N",NA,0,NA,"28-JAN-68","72ffa9ba-835f-4f2f-998e-96184f51fa21","","","","",""
"1736","ADI221001Y",3,24,NA,0,3,0,NA,1,0,0,0,"04-24-2016","03:50:00","CAD#0474","N","N","BALTIMORE","UNK",3,0,NA,"","",0,"","N MONROE ST",20,"F","S",NA,"","","W LAFAYETTE AVE",39.29886286,-76.64793804,1,0,1,"F",0,3,NA,3,88,1,1,88,"P",0,NA,0,"",NA,"N",NA,1,NA,"29-JAN-74","30752845-ca45-42f5-86ee-a305fe0f8358","MD","C","","","A"
"1737","ADI2210020",3,24,NA,2,11,2,2,1,2,4,0,"05-21-2016","01:55:00","CAD#0286","Y","N","BALTIMORE","UNK",1,3,NA,"","",0,"","N MONROE AVE",0,"F","S",NA,"","","EDMONDSON AVE",39.29515049,-76.64729431,2,0,2,"M",1,3,NA,3,6,88,1,52,"P",0,NA,0,"",NA,"Y",NA,0,NA,"09-JUL-83","191d0d5d-9a0f-4361-9b9f-a083a9e43979","MD","C","","","A"
"1738","ADI2210020",3,24,NA,2,11,2,2,1,2,4,0,"05-21-2016","01:55:00","CAD#0286","Y","N","BALTIMORE","UNK",1,3,NA,"","",0,"","N MONROE AVE",0,"F","S",NA,"","","EDMONDSON AVE",39.29515049,-76.64729431,2,0,2,"M",1,3,NA,3,6,0,1,52,"P",0,NA,0,"",NA,"Y",NA,0,NA,"09-JUL-83","ec16df9e-c52b-43d5-a6b3-3633aef4c274","MD","C","","","B"
"1739","ADI2210025",3,24,999,1,11,0,1,1,3,0,0,"07-07-2016","03:35:00","CAD#0328","N","N","BALTIMORE","UNK",3,0,2030,"MU","",0.435,"N","POPLAR GROVE ST",50,"F","N",0,"UU","","RIGGS AVE",39.30001691,-76.66526377,1,0,1,"M",99,4,NA,3,6,0,1,52,"P",0,NA,0,"",NA,"Y",NA,0,NA,"23-JUN-67  00:00:00","62c24beb-ec89-4cc9-84a1-ae3df39b865a","","","","","A"
"1740","ADI2280003",5.02,24,NA,1,17,2,2,1,4,0,6.01,"12-28-2015","07:10:00","CAD437","N","N","BALTIMORE","UNK",3,0,NA,"","",0,"","RUSSELL STB",50,"F","S",NA,"","","BAYARD ST",39.27322823,-76.62910223,1,0,1,"M",1,3,NA,3,6,0,1,0,"P",0,NA,0,"",NA,"Y",NA,1,NA,"06-OCT-59","785aace7-adf0-4c61-ba84-2ed9d1321c60","","","","","A"
"1741","ADI2360005",1,24,NA,3,11,2,1,1,2,0,6.01,"06-18-2015","18:25:00","CAD#2435","Y","N","BALTIMORE","UNK",4,0,1685,"MU","",0.155,"W","PULASKI HWY",5,"F","W",1320,"MU","","LINWOOD AVE",39.29509963,-76.57633781,1,0,1,"M",1,3,NA,3,5,99,2,51,"P",0,NA,0,"",NA,"",NA,0,NA,"02-SEP-97","d4e40a8c-b08d-410b-876f-35af77089f5a","","","","","A"
"1742","ADI2360009",1,24,999,1,88,2,1,1,1,0,6.01,"08-07-2015","17:00:00","CAD#2107","N","N","BALTIMORE","UNK",4,1,1340,"MU","",0.76,"E","EASTERN AVE",50,"F","W",1085,"MU","","S WASHINGTON ST",39.28574051,-76.58905953,2,0,1,"M",1,3,NA,2,6,1,2,53,"P",0,NA,0,"",NA,"N",NA,21,NA,"06-JUL-75","f10993fc-10e4-4721-839f-24eee0a6fbea","MD","ID","","",""
"1743","ADI2430001",3,24,999,2,88,2,1,1,4,0,0,"12-29-2015","17:35:00","CAD2124","Y","N","BALTIMORE","UNK",3,0,1050,"MU","",0.12,"S","ERDMAN AVE",0,"F","S",0,"UU","","BUS STOP",39.32007679,-76.57151252,1,0,1,"M",1,3,NA,3,6,3,1,51,"P",0,NA,0,"",NA,"Y",NA,0,NA,"07-SEP-67","e61f26c4-fcd8-475f-8404-5494f936d871","","","","","A"
"1744","ADI243000Q",1,24,NA,NA,88,NA,NA,NA,NA,0,6.01,"08-07-2016","18:09:00","CAD#2191","N","N","BALTIMORE","UNK",4,0,NA,"","",NA,"","",NA,"","",NA,"","","",39.31161233,-76.55883104,1,0,1,"M",1,3,NA,99,6,1,2,52,"P",0,NA,0,"",NA,"Y",NA,1,NA,"15-JUN-05  00:00:00","75666442-f429-4c7b-9e3d-2895f86ea8d1","","","","","A"
"1745","ADI2430014",3,24,NA,NA,17,NA,NA,NA,NA,2,6.01,"12/3/2016","16:35:00","CAD#1819","N","N","BALTIMORE","UNK",9,9,NA,"","",NA,"","",NA,"","",NA,"","","",39.32679533,-76.5463829,1,0,1,"F",1,2,NA,0,15.88,0,88,0,"P",0,NA,0,"",NA,"N",NA,0,NA,"19-Jul-06","b99c4ea2-5f57-47da-bfb3-93bfb573fe99","","","","","A"
"1746","ADI2450001",3,24,NA,0,15,2,1,1,1,0,6.01,"08-12-2015","20:18:00","CAD#2943","N","N","BALTIMORE","UNK",3,1,NA,"","",0,"","E. JEFFERSON ST",50,"F","E",NA,"","","N. GLOVER",39.29675079,-76.57994002,2,1,1,"M",1,3,NA,0,3,0,1,56,"P",0,NA,0,"",NA,"N",NA,0,NA,"13-JAN-96","801e36e2-a60f-44f5-b39d-0a2882893994","","","","","A"
"1747","ADI245001R",3,24,NA,0,88,2,NA,1,3,2,6.01,"07-23-2016","02:21:00","CAD#276","N","N","BALTIMORE","UNK",3,9,NA,"","",0,"","100 S HAVEN ST",25,"F","N",NA,"","","4100 E LOMBARD ST",39.29175149,-76.56265453,1,0,1,"F",0,2,NA,0,3,0,1,0,"P",0,NA,0,"",NA,"N",NA,0,NA,"13-FEB-87  00:00:00","5f12db07-f603-48bf-b822-bf70ac776322","","","","",""
"1748","ADI245001X",3,24,NA,0,0,2,2,1,4,0,0,"08-26-2016","23:00:00","CAD3290","Y","N","BALTIMORE","UNK",3,0,NA,"","",0,"","2600 BOSTON ST",10,"F","N",NA,"","","1300 S LAKEWOOD AVE",39.27965687,-76.57849431,1,3,1,"M",1,2,NA,1,5,99,2,0,"P",0,NA,0,"",NA,"U",NA,0,NA,"24-JAN-95  00:00:00","fe251737-9403-4d95-b31c-caa9e8531ba1","","","","","A"
"1749","ADI245002H",3,24,NA,NA,17,NA,NA,NA,NA,0,0,"6/9/2017","22:46:00","3727","N","N","BALTIMORE","UNK",3,3,NA,"","",NA,"","",NA,"","",NA,"","","",39.28941809,-76.61781549,1,0,1,"M",1,2,NA,3,88,0,1,56,"P",0,NA,0,"",NA,"N",NA,0,NA,"22-Sep-69","7e90c2a1-e447-4340-b2fb-bc812e323df1","","","","",""
"1750","ADI245002J",1,24,NA,NA,0,NA,NA,NA,NA,0,0,"6/8/2017","19:00:00","2550","N","N","BALTIMORE","UNK",3,0,NA,"","",NA,"","",NA,"","",NA,"","","",39.28651255,-76.56821877,1,0,1,"M",1,4,NA,0,0,0,1,0,"P",0,NA,0,"",NA,"N",NA,0,NA,"1-Feb-81","b8ec229a-774b-4889-a0a2-30aa51a9742e","","","","",""
"1751","ADI245002L",3,24,NA,NA,88,NA,NA,NA,NA,0,6.01,"6/23/2017","20:30:00","CAD2733","N","N","BALTIMORE","UNK",3,0,NA,"","",NA,"","",NA,"","",NA,"","","",39.27158333,-76.54750407,1,0,1,"F",1,2,NA,0,88,0,1,88,"P",0,NA,0,"",NA,"N",NA,0,NA,"27-Mar-81","6bece09e-fa0d-4a3b-ad7d-524571a54857","","","","","A"
"1752","ADI257000G",3,24,999,2,17,1,1,1,1,0,3,"11-09-2015","21:20:00","CAD#2888","Y","N","BALTIMORE","UNK",3,0,2270,"MU","",0.73,"N","ROLAND AVE",0,"F","N",990,"MU","","W 40TH ST",39.33702027,-76.63295244,1,0,1,"F",1,3,NA,3,9.05,2,1,51,"P",0,NA,0,"",NA,"U",NA,0,NA,"05-JUL-60","bb51ce70-fd71-469e-b29d-c7f9e6e7cc18","MD","","","","A"
"1753","ADI2570010",3,24,999,1,17,2,1,1,3,0,6.01,"02-12-2016","23:50:00","CAD#3228","N","N","BALTIMORE","UNK",3,0,2100,"MU","",3.126,"E","W COLD SPRING LA",30,"F","E",0,"UU","","SCHENLEY RD",39.34458862,-76.63066328,1,0,1,"M",2,2,NA,3,6,0,1,52,"P",0,NA,0,"",NA,"U",NA,1,NA,"03-OCT-93","023ecce8-7dea-4f93-a914-5f34682216c4","MD","","","","A"
"1754","ADI257001H",3,24,999,3,17,2,NA,1,3,0,6.01,"08-19-2016","20:24:00","CAD#2777","Y","N","BALTIMORE","UNK",3,0,45,"MD","",3.07,"N","YORK RD",20,"F","N",1140,"MU","","WOODBOURNE AVE",39.35578332,-76.60989627,1,0,1,"F",NA,4,NA,3,6,3,1,52,"P",0,NA,0,"",NA,"Y",NA,1,NA,"09-MAR-92  00:00:00","a26212b2-3326-4cb2-8ec8-82439f5970f0","","","","","A"
"1755","ADI262000L",1,24,999,10.04,17,1,1,1,2,0,7.01,"05-24-2016","07:00:00","CAD#","N","N","BALTIMORE","UNK",3,0,1390,"MU","",0.627,"W","E LOMBARD ST",0,"U","E",0,"UU","","LOMBARD MIDDLE SCHOOL",39.29042697,-76.59442663,1,0,1,"F",1,3,NA,3,5,0,1,51,"P",0,NA,0,"",NA,"N",NA,0,NA,"05-MAR-68","e0865d7a-821c-4aff-803b-300fbccfa675","MD","ID","","",""
"1756","ADI2760001",1,24,NA,3,88,2,1,1,1,0,6.01,"04-24-2015","14:50:00","CAD#1533","Y","N","BALTIMORE","UNK",3,0,NA,"","",NA,"","PARK HEIGTHS",0,"U","",NA,"","","MANHATTAN",39.35329804,-76.68592215,1,0,1,"M",NA,3,NA,2,5,3,1,51,"P",0,NA,0,"",NA,"",NA,0,NA,"01-FEB-22","e5516394-894b-4624-ab5a-7252bf5805e4","","","","",""
"1757","ADI2760016",1,24,0,2,88,2,2,1,3,0,6.01,"01-14-2016","16:16:00","CAD#1984","Y","N","BALTIMORE","UNK",3,0,129,"MD","",5.698,"N","PARK HEIGHTS AVE",0,"F","N",0,"UU","","PINKNEY RD",39.35795198,-76.69267327,1,0,1,"M",1,3,NA,1,3,3,1,51,"P",0,NA,0,"",NA,"Y",NA,0,NA,"02-JAN-04","04a3c970-eb7c-41f2-b798-73059c242ca4","","","","","A"
"1758","ADI2760027",1,24,999,1,11,2,2,1,3,0,6.01,"08-23-2016","13:30:00","CAD#1441","Y","N","BALTIMORE","UNK",1,3,2150,"MU","",0,"S","PATTERSON AVE",100,"F","N",140,"MD","","REISTERSTOWN RD",39.35538003,-76.70330688,2,3,1,"F",NA,3,NA,3,3,0,1,88,"P",0,NA,0,"",NA,"N",NA,0,NA,"20-NOV-53  00:00:00","7f55700f-47cf-446c-860d-b401f925d5a3","NC","C","","",""
"1759","ADI2760036",3,24,999,1,17,2,1,1,3,0,6.01,"3/1/2017","18:44:00","CAD#2639","N","N","BALTIMORE","UNK",3,0,2170,"MU","",0.641,"S","BELVEDERE AVE",100,"F","N",0,"UU","","QUEENSBURY AVE",39.35061835,-76.67301536,1,0,1,"F",NA,3,NA,2,1,99,1,53,"P",0,NA,0,"",NA,"U",NA,1,NA,"1-Aug-74","62c78186-ac6c-4281-82b0-a71b0a67ef5b","MD","C","","",""
"1760","ADI280000H",5.02,24,NA,NA,11,NA,NA,NA,NA,0,6.01,"09-10-2015","06:57:00","CAD#0489","Y","N","BALTIMORE","UNK",1,1,NA,"","",NA,"","",NA,"","",NA,"","","",39.36124523,-76.64616108,2,0,1,"M",0,1,NA,0,0,0,88,88,"P",0,NA,0,"",NA,"N",NA,0,NA,"01-JAN-50","793a49c6-0d9d-4453-8355-f8cd799877c9","","","","",""
"1761","ADI280000Q",6.02,24,NA,NA,88,NA,NA,NA,NA,88,0,"12-14-2015","05:45:00","CAD#2739","Y","N","BALTIMORE","UNK",3,0,NA,"","",NA,"","",NA,"","",NA,"","","",39.33243858,-76.61790133,1,0,1,"M",1,1,NA,99,5,99,1,51,"P",0,NA,0,"",NA,"U",NA,0,NA,"20-MAY-80","581fb817-b022-413e-adaa-7d826d0b9e01","","","","",""
"1762","ADI281001J",1,24,NA,1,88,2,1,1,88,0,6.01,"3/10/2017","14:21:00","CAD:1550","N","N","BALTIMORE","UNK",3,3,NA,"","",0,"","2600 GWYNN FALL PKWY",10,"F","E",NA,"","","2200 EVERGREEN ST",39.31500633,-76.66028425,1,0,2,"F",NA,3,NA,3,88,1,1,56,"P",0,NA,0,"",NA,"U",NA,0,NA,"30-Aug-95","9b8960b8-5395-494d-b6ae-9b05668dabb9","","","","","A"
"1763","ADI281001J",1,24,NA,1,88,2,1,1,88,0,6.01,"3/10/2017","14:21:00","CAD:1550","N","N","BALTIMORE","UNK",3,3,NA,"","",0,"","2600 GWYNN FALL PKWY",10,"F","E",NA,"","","2200 EVERGREEN ST",39.31500633,-76.66028425,1,0,2,"M",NA,3,NA,2,88,88,1,56,"P",0,NA,0,"",NA,"U",NA,0,NA,"22-Jan-92","526df025-15eb-40f5-b937-5a474bcc4336","","","","","B"
"1764","ADI284000S",3,24,999,2,11,2,1,1,3,0,6.01,"03-22-2016","00:25:00","CAD#0048","Y","N","BALTIMORE","UNK",4,0,1703,"MU","",1.81,"N","N HOWARD ST",0,"F","N",0,"UU","","W 23RD ST",39.31503497,-76.61960721,1,0,1,"M",1,3,NA,2,88,3,2,51,"P",0,NA,0,"",NA,"Y",NA,1,NA,"17-SEP-85","27d41c14-4034-48e0-974d-ef1a91472787","MD","ID","","","A"
"1765","ADI284000Z",4,24,NA,NA,17,NA,NA,NA,NA,0,6.01,"06-07-2016","22:30:00","CAD#0412","N","N","BALTIMORE","UNK",3,0,NA,"","",NA,"","",NA,"","",NA,"","","",39.33919743,-76.66091189,1,0,1,"F",99,4,NA,99,88,1,1,88,"P",0,NA,0,"",NA,"N",NA,0,NA,"22-SEP-53","28b42208-5ca9-479e-a5d4-72f2f29fa45f","","","","",""
"1766","ADI2840015",7.88,24,999,2,0,2,1,1,4,0,6.01,"10/29/2016","19:40:00","CAD#0308","N","N","BALTIMORE","UNK",3,0,1022,"MU","",2.509,"N","W NORTHERN PKWY",0,"F","N",0,"UU","","MERVILLE AVE",39.35696678,-76.67471051,1,0,1,"F",1,3,NA,2,4,1,1,51,"P",0,NA,0,"",NA,"Y",NA,0,NA,"19-May-46","b89a42e9-4297-4064-967c-deda51240de6","MD","C","","",""
"1767","ADI2850003",1,24,NA,1,3,2,1,1,0,0,6.01,"04-21-2015","10:00:00","12205","N","N","BALTIMORE","UNK",3,0,150,"MD","",2.02,"E","EASTERN AVE",0,"U","E",1200,"MU","","KANE ST",39.28742518,-76.5369603,1,0,1,"F",1,3,NA,2,6,0,1,53,"P",0,NA,0,"",NA,"",NA,0,NA,"14-JUN-93","531c34c0-619e-4514-bd0c-80340f4e603f","","","","",""
"1768","ADI285000D",1,24,999,1,88,1,NA,1,1,0,3,"10-01-2015","11:00:00","3059","N","N","BALTIMORE","UNK",3,0,1170,"MU","",0.43,"S","AISQUITH ST",0,"F","S",1090,"MU","","E 20TH ST",39.31281804,-76.60289705,1,0,1,"M",1,4,NA,99,99,99,1,52,"P",0,NA,0,"",NA,"N",NA,0,NA,"20-APR-60","ba291ea7-ce58-4d5b-8007-b62a85b945e6","MD","","","","A"
"1769","ADI2850010",1,24,NA,1,88,2,NA,1,1,0,6.01,"06-20-2016","09:36:00","2565","N","N","BALTIMORE","UNK",3,0,NA,"","",0,"","MONTFORD",0,"F","S",NA,"","","MONUMENT",39.29945234,-76.58376485,1,0,1,"F",NA,2,NA,1,6,99,1,52,"P",0,NA,0,"",NA,"U",NA,0,NA,"16-SEP-93","41271b4f-bdb3-4b60-a4f8-d9cf7d04e55a","","","","",""
"1770","ADI285001J",1,24,999,6.01,8,2,3,1,3,0,6.01,"1/28/2017","15:46:00","1643","Y","N","BALTIMORE","UNK",1,3,1357,"MU","",0.51,"N","ENSOR ST",0,"F","N",4260,"MU","","E EAGER ST",39.30137433,-76.60341471,2,0,1,"F",NA,1,NA,2,3,99,1,56,"P",99,NA,99,"",NA,"N",NA,0,NA,"25-Jan-67","f31f94c6-e62a-4066-83d2-a56165c75dd0","","","","","A"
"1771","ADI286000M",1,24,NA,2,88,2,NA,1,2,0,0,"10/29/2016","15:52:00","1532","Y","N","BALTIMORE","UNK",0,0,NA,"","",0,"","1900 N. WOLF STREET",0,"F","N",NA,"","","1800 E. NORTH AVE.",39.3123115,-76.59179673,1,0,1,"F",1,2,NA,3,9.05,0,1,52,"P",0,NA,0,"",NA,"U",NA,0,NA,"10-Mar-96","2081c264-8064-4611-9ae7-1a172b6b9688","MD","","","","A"
"1772","ADI2860017",1,24,NA,11.04,11,2,NA,1,0,0,6.01,"6/3/2017","14:30:00","1540","N","N","BALTIMORE","UNK",3,0,NA,"","",0,"","5400 PULASKI HWY",0,"F","E",NA,"","","N/A",39.30028942,-76.55215099,1,3,1,"M",1,2,NA,2,11.05,0,2,0,"P",0,NA,0,"",NA,"N",NA,0,NA,"20-Aug-71","f9c8743a-9c13-45a3-bd1d-d875f4b828c6","","","","","A"
"1773","ADI286001B",1,24,NA,1,88,2,2,1,3,2,6.01,"6/17/2017","10:20:00","1029","N","N","BALTIMORE","UNK",3,0,NA,"","",0,"","1800 N. GAY STREET",0,"F","W",NA,"","","1800 PATTERSON PK",39.31119039,-76.58569202,1,0,1,"M",1,2,NA,0,3,0,6,56,"P",0,NA,0,"",NA,"N",NA,0,NA,"11-Apr-62","4e669576-51ae-4efa-85cf-a26f480ce37e","MD","","","","A"
"1774","ADI2950002",1,24,NA,NA,88,NA,NA,NA,NA,0,6.01,"04-02-2015","10:20:00","21555","N","N","BALTIMORE","UNK",2,1,NA,"","",NA,"","",NA,"","",NA,"","","",39.27046242,-76.603176,1,0,2,"F",1,1,NA,0,0,0,88,0,"P",0,NA,0,"",NA,"",NA,0,NA,"19-JAN-70","49dddfd8-4179-4e62-9f89-73657de68119","MD","","","",""
"1775","ADI2950002",1,24,NA,NA,88,NA,NA,NA,NA,0,6.01,"04-02-2015","10:20:00","21555","N","N","BALTIMORE","UNK",2,1,NA,"","",NA,"","",NA,"","",NA,"","","",39.27046242,-76.603176,1,0,2,"F",1,1,NA,0,0,0,88,0,"P",0,NA,0,"",NA,"",NA,0,NA,"13-AUG-59","bda27954-78a5-48f1-9653-ad32c8895c5e","MD","","","",""
"1776","ADI2950009",99,24,NA,NA,99,NA,NA,NA,NA,0,99,"07-06-2015","08:04:00","CAD560","N","N","BALTIMORE","UNK",2,1,NA,"","",NA,"","",NA,"","",NA,"","","",39.28044817,-76.63634017,1,0,1,"F",1,1,NA,0,0,0,88,0,"P",0,NA,0,"",NA,"",NA,0,NA,"05-APR-89","8df6ed36-b700-471b-bdc1-963d41e6cbee","MD","","","",""
"1777","ADI295000L",3,24,999,2,11,2,1,1,4,0,0,"12-11-2015","19:13:00","CAD2662","Y","N","BALTIMORE","UNK",4,0,372,"MD","",0,"E","WILKENS AVE",0,"F","E",0,"UU","","BALTIMORE CO/L",39.2826181,-76.64485753,1,0,1,"M",1,2,NA,2,6,1,2,51,"P",0,NA,0,"",NA,"Y",NA,1,NA,"18-SEP-71","04b527cb-5d7f-46ee-b883-c1a816672384","MD","c","","","A"
"1778","ADI295000S",3,24,999,2,17,2,1,1,4,0,0,"07-23-2016","00:59:00","CAD0131","Y","N","BALTIMORE","UNK",3,0,6020,"MU","",0.88,"N","MARTIN LUTHER KING JR BLVD",0,"F","N",1281,"MU","","WASHINGTON BLVD",39.28323453,-76.62626714,1,0,1,"F",NA,2,NA,1,5,2,1,51,"P",0,NA,0,"",NA,"N",NA,0,NA,"26-AUG-82  00:00:00","cc7bfe01-587a-4713-beb9-3aab77e50a6d","MD","","","","A"
"1779","ADI295000T",3,24,999,1,17,2,1,1,2,0,0,"07-24-2016","00:46:00","CAD0046","N","N","BALTIMORE","UNK",4,1,1391,"MU","",0.93,"E","W PRATT ST",0,"F","E",6020,"MU","","MARTIN LUTHER KING JR BLVD",39.28603253,-76.62857652,1,0,1,"M",1,3,NA,1,6,0,2,53,"P",0,NA,0,"",NA,"N",NA,1,NA,"12-JAN-00  00:00:00","d006d395-9c9b-4a70-9b71-9d3069ead06f","","","","","A"
"1780","ADI302000C",6.02,24,NA,1,17,2,NA,1,2,0,6.01,"03-08-2016","23:30:00","CAD#3313","N","N","BALTIMORE","UNK",3,0,NA,"","",0,"","500 ROSSITER AVE",3,"U","E",NA,"","","4600 YORK ROAD",39.34900883,-76.60939336,1,0,1,"U",1,3,NA,0,88,0,1,56,"P",0,NA,0,"",NA,"U",NA,1,NA,"16-DEC-88","f20a6754-a47f-4071-a8d6-82ac3a4299a0","","","","",""
"1781","ADI302000F",6.02,24,NA,1,17,2,1,1,1,8,6.01,"03-25-2016","19:52:00","CAD#2740","N","N","BALTIMORE","UNK",3,9,NA,"","",0,"","4800 YORK RD ",0,"U","N",NA,"","","700 RICHWOOD AVE",39.34688902,-76.60759628,1,0,1,"F",1,3,NA,0,2,0,1,0,"P",0,NA,0,"",NA,"N",NA,1,NA,"01-AUG-76","c3172d32-5842-4f68-83ab-3fa4c47ed631","","","","",""
"1782","ADI302000P",1,24,NA,1,17,2,1,1,3,0,6.01,"06-10-2016","14:34:00","CAD#1760","N","N","BALTIMORE","UNK",19,3,NA,"","",0,"","5400 YORK ROAD ",10,"F","N",NA,"","","500 TURNBRIGDE ROAD",39.33632116,-76.60756543,1,0,1,"M",0,3,NA,1,6,88,1,52,"P",0,NA,0,"",NA,"Y",NA,1,NA,"11-JUL-91","de6eb3b8-624d-4186-b5ec-ea6dd29b160c","","","","","A"
"1783","ADI3020012",1,24,NA,9.04,88,2,NA,1,88,0,6.01,"3/13/2017","12:45:00","CAD#1122","N","N","BALTIMORE","UNK",3,1,NA,"","",0,"","5100 YORK ROAD ",1,"F","U",NA,"","","500 WINSTON AVE",39.35046487,-76.60943493,1,0,1,"M",1,2,NA,88,88,0,1,56,"P",0,NA,0,"",NA,"N",NA,0,NA,"1-Jan-78","bab225eb-380e-4d3e-b257-f60756f1b5f5","XX","","","",""
"1784","ADI306000W",3,24,NA,1,88,2,1,1,2,88,6.01,"01-27-2016","23:53:00","CAD#3156","N","N","BALTIMORE","UNK",3,1,NA,"","",0,"","HOLLINS STREET ",20,"F","W",NA,"","","UNIT BLK S CARROLLTON AVE ",39.28760371,-76.63650513,4,2,2,"F",NA,2,NA,99,88,0,1,56,"P",0,NA,0,"",NA,"N",NA,0,NA,"19-MAR-90","498ff7b1-ab7e-4b7e-9e68-50ee2c4c1ece","","","","","A"
"1785","ADI306000W",3,24,NA,1,88,2,1,1,2,88,6.01,"01-27-2016","23:53:00","CAD#3156","N","N","BALTIMORE","UNK",3,1,NA,"","",0,"","HOLLINS STREET ",20,"F","W",NA,"","","UNIT BLK S CARROLLTON AVE ",39.28760371,-76.63650513,4,2,2,"F",NA,1,NA,99,88,0,1,56,"P",0,NA,0,"",NA,"N",NA,0,NA,"04-MAY-92","a5bf0c86-8d25-43a9-8f90-4f117f2a54f6","","","","",""
"1786","ADI306001H",3,24,NA,2,17,2,1,1,1,0,6.01,"09-01-2016","20:40:00","CAD#2856","N","N","BALTIMORE","UNK",1,3,NA,"","",0,"","CHERRY HILL RD ",0,"F","E",NA,"","","TERRA FIRMA RD ",39.25026785,-76.64271444,1,0,1,"M",NA,1,NA,3,88,0,1,53,"P",0,NA,0,"",NA,"Y",NA,1,NA,"13-JUN-55  00:00:00","5f0171c8-5c3b-454b-9ded-2529f666bcda","","","","",""
"1787","ADI306001N",1,24,NA,2,88,2,1,1,1,88,0,"10/14/2016","13:00:00","CAD#1245","N","Y","BALTIMORE","UNK",1,3,NA,"","",0,"","W OSTEND ",0,"F","S",NA,"","","GLYNDON AVE ",39.2827956,-76.63538933,1,2,1,"F",NA,2,NA,4,88,88,88,88,"P",0,NA,0,"",NA,"N",NA,88,NA,"3-Feb-88","76bb18a1-85f1-4449-9dd5-96a9101809c7","","","","","A"