"UNIQUE_ID","REPORT_NO","LIGHT_CODE","COUNTY_NO","MUNI_CODE","JUNCTION_CODE","COLLISION_TYPE_CODE","SURF_COND_CODE","LANE_CODE","RD_COND_CODE","RD_DIV_CODE","FIX_OBJ_CODE","WEATHER_CODE","ACC_DATE","ACC_TIME","LOC_CODE","SIGNAL_FLAG","C_M_ZONE_FLAG","AGENCY_CODE","AREA_CODE","HARM_EVENT_CODE1","HARM_EVENT_CODE2","RTE_NO","ROUTE_TYPE_CODE","RTE_SUFFIX","LOG_MILE","LOGMILE_DIR_FLAG","MAINROAD_NAME","DISTANCE","FEET_MILES_FLAG","DISTANCE_DIR_FLAG","REFERENCE_NO","REFERENCE_TYPE_CODE","REFERENCE_SUFFIX","REFERENCE_ROAD_NAME","LATITUDE","LONGITUDE","drv","occ","ped","SEX_CODE","CONDITION_CODE","INJ_SEVER_CODE","OCC_SEAT_POS_CODE","PED_VISIBLE_CODE","PED_LOCATION_CODE","PED_OBEY_CODE","PED_TYPE_CODE","MOVEMENT_CODE","PERSON_TYPE","ALCOHOL_TEST_CODE","ALCOHOL_TESTTYPE_CODE","DRUG_TEST_CODE","DRUG_TESTRESULT_CODE","BAC_CODE","FAULT_FLAG","EQUIP_PROB_CODE","SAF_EQUIP_CODE","EJECT_CODE","DATE_OF_BIRTH","PERSON_ID","LICENSE_STATE_CODE","CLASS","CDL_FLAG","VEHICLE_ID","EMS_UNIT_LABEL"
"2015","ADI6250005",1,24,NA,2,7,2,NA,1,4,0,6.01,"02-25-2015","16:30:00","CAD#1951","Y","N","BALTIMORE","UNK",1,1,500,"MU","",0.58,"W","E 33RD ST",0,"F","W",1495,"MU","","LOCH RAVEN BLVD",39.32848005,-76.5978498,3,0,1,"F",1,1,NA,0,3,0,1,56,"P",0,NA,0,"",NA,"",NA,0,NA,"30-OCT-99","18eab7da-5144-4a3f-980c-9722a10846a4","","","","",""
"2016","ADI625000M",1,24,999,1,11,2,1,1,4,0,6.01,"07-10-2015","15:45:00","CAD1979","N","N","BALTIMORE","UNK",3,0,41,"MD","",2.47,"N","PERRING PKWY",50,"F","S",1041,"MU","","ECHODALE AVE",39.35498627,-76.57542586,1,0,1,"M",1,4,NA,3,6,1,1,52,"P",0,NA,0,"",NA,"Y",NA,1,NA,"24-FEB-87","b28dca41-5d9b-4de7-a548-05e2abf7ce6a","","","","","A"
"2017","ADI625000V",3,24,999,2,99,2,NA,1,1,0,6.01,"12-22-2015","19:36:00","CAD2406","Y","N","BALTIMORE","UNK",99,0,1,"US","",8.6,"N","BELAIR RD",0,"F","N",1050,"MU","","ERDMAN AVE",39.3215688,-76.5736717,1,0,1,"M",1,3,NA,99,99,99,1,99,"P",0,NA,0,"",NA,"U",NA,99,NA,"02-NOV-92","a74e7e90-c339-4f65-acb8-e3298c0ab1cc","MD","C","","",""
"2018","ADI627000C",3,24,999,2,3,2,2,1,5.01,0,6.01,"10-17-2015","23:44:00","2981","Y","N","BALTIMORE","UNK",3,1,1270,"MU","",0,"S","N CONKLING ST",0,"F","S",40,"US","","PULASKI HWY",39.29630615,-76.56783454,2,0,2,"F",1,2,NA,1,3,0,1,56,"P",0,NA,0,"",NA,"N",NA,0,NA,"19-JUN-63","700e15a1-a2c9-4dfe-baa8-cb2f2bb99eca","","","","","C"
"2019","ADI627000C",3,24,999,2,3,2,2,1,5.01,0,6.01,"10-17-2015","23:44:00","2981","Y","N","BALTIMORE","UNK",3,1,1270,"MU","",0,"S","N CONKLING ST",0,"F","S",40,"US","","PULASKI HWY",39.29630615,-76.56783454,2,0,2,"M",1,2,NA,1,3,0,1,56,"P",0,NA,0,"",NA,"N",NA,0,NA,"13-APR-69","2d91fb41-54f4-4b6a-9010-5519ef0c856b","","","","","B"
"2020","ADI6270012",1,24,999,1,88,2,1,1,1,88,6.01,"07-13-2016","07:50:00","00660","N","N","BALTIMORE","UNK",3,1,1360,"MU","",0.84,"W","E MADISON ST",0,"U","E",1410,"MU","","N PATTERSON PARK AVE",39.30004181,-76.58517838,1,0,1,"M",1,2,NA,0,8,0,1,53,"P",0,NA,0,"",NA,"N",NA,0,NA,"05-JUN-97  00:00:00","40713c21-420c-40e9-937a-43cfbf02bf3e","","","","",""
"2021","ADI632000N",0,24,NA,1,17,2,NA,1,1,0,6.01,"4/19/2017","2:19:00","1531","N","Y","BALTIMORE","UNK",3,3,NA,"","",0,"","2100 W. MULBERRY STREET",0,"F","N",NA,"","","400 N. SMALLWOOD STREET",39.29274362,-76.65193319,1,0,2,"M",1,2,NA,0,0,0,1,0,"P",0,NA,0,"",NA,"N",NA,25.88,NA,"30-Sep-68","883820d0-698f-4be0-b53f-34e4341e7420","","","","",""
"2022","ADI632000N",0,24,NA,1,17,2,NA,1,1,0,6.01,"4/19/2017","2:19:00","1531","N","Y","BALTIMORE","UNK",3,3,NA,"","",0,"","2100 W. MULBERRY STREET",0,"F","N",NA,"","","400 N. SMALLWOOD STREET",39.29274362,-76.65193319,1,0,2,"M",1,2,NA,0,0,0,1,59,"P",0,NA,0,"",NA,"N",NA,25.88,NA,"14-Aug-82","822f1079-58fb-4402-9e19-0c5c782437a0","MD","C","","",""
"2023","ADI632000P",1,24,NA,1,7,2,1,1,2,0,0,"5/9/2017","11:00:00","1002","N","N","BALTIMORE","UNK",1,3,NA,"","",0,"","10 N, MONROE STREET",0,"F","S",NA,"","","1800 W. BALTIMORE STREET",39.28837701,-76.64692953,2,0,1,"M",1,3,NA,1,5,2,1,59,"P",0,NA,0,"",NA,"N",NA,99,NA,"25-Oct-54","73ec18f8-3370-4cf0-9bde-9708561a3e03","MD","CDL","","",""
"2024","ADI6450002",3,24,NA,2,11,2,2,1,1,0,7.01,"01-05-2015","06:31:00","9A35","N","N","BALTIMORE","UNK",3,0,1281,"MU","",1.26,"W","WASHINGTON BLVD",0,"F","W",43,"MU","","S MONROE ST",39.27533782,-76.64215922,1,0,1,"F",1,2,NA,2,6,1,1,52,"P",0,NA,0,"",NA,"",NA,1,NA,"26-MAR-95","0f3457f1-90c3-42c3-91d6-96769d332fc6","","","","","A"
"2025","ADI645000C",1,24,NA,1,88,2,NA,1,2,0,6.01,"04-05-2015","15:00:00","CAD#1395","N","N","BALTIMORE","UNK",3,0,NA,"","",NA,"","4100 AUDREY AVE",0,"U","",NA,"","","4100 5TH STREET",39.22989294,-76.60434008,1,0,1,"F",1,3,NA,99,6,1,1,99,"P",0,NA,0,"",NA,"",NA,0,NA,"03-FEB-11","a11a2e59-6fd1-45e2-9894-6c6e688223dc","","","","","A"
"2026","ADI6570017",1,24,NA,NA,88,NA,NA,NA,NA,0,6.01,"05-28-2016","16:35:00","CAD2232","N","N","BALTIMORE","UNK",1,3,NA,"","",NA,"","",NA,"","",NA,"","","",39.35664128,-76.70316339,1,0,1,"F",NA,3,NA,3,88,0,1,88,"P",0,NA,0,"",NA,"N",NA,0,NA,"20-OCT-95","8abc37c3-0172-47fa-bc73-f2a427d54ae0","","","","",""
"2027","ADI657001S",1,24,NA,1,17,2,1,1,4,0,6.01,"08-21-2016","08:15:00","CAD750","N","N","BALTIMORE","UNK",1,3,NA,"","",0,"","7000 REISTERSTOWN RD",50,"F","S",NA,"","","4000 FALLSTAFF RD",39.3622987,-76.71046972,1,0,1,"M",NA,3,NA,1,6,0,1,52,"P",0,NA,0,"",NA,"Y",NA,1,NA,"21-AUG-16  00:00:00","b4cb8d81-bcfa-4f9d-87ea-4335cdf2c311","","","","",""
"2028","ADI657001W",3,24,NA,1,88,1,2,1,2,0,3,"10/8/2016","18:50:00","CAD2390","N","N","BALTIMORE","UNK",1,3,NA,"","",0,"","7100 PARK HGTS AVE",50,"F","N",NA,"","","3600 GLENGYLE AVE",39.33463144,-76.67170644,1,1,1,"F",NA,2,NA,1,88,0,1,88,"P",0,NA,0,"",NA,"Y",NA,0,NA,"10-Nov-71","7c670296-273f-4019-a2f5-d2b05f47b4ad","","","","",""
"2029","ADI6570029",3,24,NA,1,88,1,2,1,1,0,3,"1/14/2017","18:55:00","CAD2086","N","N","BALTIMORE","UNK",1,3,NA,"","",0,"","7100 PARK HGTS AVE",30,"F","N",NA,"","","3400 OLYMPIA AVE",39.36546732,-76.70359254,1,0,2,"M",NA,1,NA,2,3,0,1,63.88,"P",0,NA,0,"",NA,"U",NA,1,NA,"9-Oct-60","4defc8d8-665d-408f-ba67-42b8b1f82ecd","","","","",""
"2030","ADI6570029",3,24,NA,1,88,1,2,1,1,0,3,"1/14/2017","18:55:00","CAD2086","N","N","BALTIMORE","UNK",1,3,NA,"","",0,"","7100 PARK HGTS AVE",30,"F","N",NA,"","","3400 OLYMPIA AVE",39.36546732,-76.70359254,1,0,2,"M",NA,4,NA,2,3,0,1,63.88,"P",0,NA,0,"",NA,"U",NA,25.88,NA,"2-Dec-33","1101467e-3b6a-417a-bf8f-a570b9afc5fb","","","","",""
"2031","ADI660000Z",1,24,999,2,17,2,1,1,3,0,6.01,"10/3/2016","15:10:00","CAD#1721","Y","N","BALTIMORE","UNK",3,0,1,"US","",8.777,"N","BELAIR RD",0,"F","N",0,"UU","","BRENDON AVE",39.3233852,-76.5713194,1,4,1,"M",NA,2,NA,2,9.05,3,1,51,"P",0,NA,0,"",NA,"Y",NA,1,NA,"25-Dec-04","aa1d2926-9472-4765-b900-1ceba3eb9be2","","","","","A"
"2032","ADI6600011",1,24,999,2,17,2,1,1,3,0,6.01,"10/5/2016","16:08:00","CAD31951","N","N","BALTIMORE","UNK",3,0,1,"US","",9.72,"N","BELAIR RD",0,"F","N",0,"UU","","SOUTHERN AVE",39.32342473,-76.55345321,1,0,1,"M",99,3,NA,1,10.88,1,1,51,"P",0,NA,0,"",NA,"Y",NA,1,NA,"7-Aug-55","abc09fc9-ea2f-45b4-a11c-e779eb36b7a7","","","","","A"
"2033","ADI6600013",3,24,999,1,88,2,1,1,3,0,6.01,"11/6/2016","18:10:00","CAD#2201","N","N","BALTIMORE","UNK",3,88,1,"US","",9,"N","BELAIR RD",60,"F","N",2930,"MU","","SHANNON DR",39.32587496,-76.56811014,2,0,1,"M",99,3,NA,2,6,1,1,88,"P",0,NA,0,"",NA,"Y",NA,1,NA,"25-Feb-60","9838b8a7-b639-4db7-a795-3252ce9306df","","","","","A"
"2034","ADI6680006",1,24,NA,6.01,17,2,2,1,4,0,6.01,"02-11-2015","13:16:00","","Y","N","BALTIMORE","UNK",3,3,1445,"MU","",1.65,"N","N BROADWAY",0,"F","N",147,"MD","","HARFORD RD",39.31417107,-76.59794569,1,0,1,"F",99,2,NA,3,5,99,1,51,"P",0,NA,0,"",NA,"",NA,1,NA,"28-MAY-81","374c575b-3233-4232-9707-34d9e29be120","","","","","A"
"2035","ADI668000L",1,24,NA,1,7,2,1,1,3,0,6.01,"04-09-2015","08:10:00","CAD90465","Y","N","BALTIMORE","UNK",4,0,1450,"MU","",0.16,"S","GUILFORD AVE",30,"F","S",4025,"MU","","E LANVALE ST",39.30899538,-76.61232233,1,0,1,"M",1,1,NA,2,6,99,2,53,"P",0,NA,0,"",NA,"",NA,21,NA,"29-NOV-85","819c1f3d-5bd8-445e-af2f-2f3a1bbb4b6a","MD","","","",""
"2036","ADI6680012",1,24,999,2,17,2,1,1,2,0,6.01,"09-21-2015","09:00:00","CAD0607","N","N","BALTIMORE","UNK",3,0,1470,"MU","",0.244,"W","HILLEN ST",0,"F","W",0,"UU","","N EXETER ST",39.295411,-76.60739511,1,0,1,"M",1,3,NA,1,5,1,1,51,"P",0,NA,0,"",NA,"U",NA,1,NA,"26-NOV-87","b52717c8-fe90-4403-89f0-da29a207f937","","","","","A"
"2037","ADI668001D",1,24,NA,NA,17,NA,NA,NA,NA,0,6.01,"11-21-2015","13:00:00","CAD1078","N","N","BALTIMORE","UNK",3,0,NA,"","",NA,"","",NA,"","",NA,"","","",39.30463289,-76.60817027,1,0,1,"F",NA,3,NA,2,3,0,6,88,"P",0,NA,0,"",NA,"U",NA,1,NA,"16-DEC-54","20da75eb-cd96-45b9-8e7f-0fa0b43717d8","MD","","","",""
"2038","ADI668001H",6.02,24,NA,NA,17,NA,NA,NA,NA,0,7.01,"12-22-2015","18:20:00","CAD2678","Y","N","BALTIMORE","UNK",3,0,NA,"","",NA,"","",NA,"","",NA,"","","",39.26817826,-76.54828191,1,0,1,"F",NA,3,NA,4,99,99,1,59,"P",0,NA,0,"",NA,"N",NA,25.88,NA,"13-MAY-89","f7ab2ab7-43cc-4d9b-a504-a2c2abc921a0","","","","",""
"2039","ADI668001P",1,24,999,1,17,2,1,0,1,0,6.01,"02-12-2016","12:10:00","CAD1124","N","Y","BALTIMORE","UNK",3,0,1500,"MU","",0.812,"N","GREENMOUNT AVE",0,"U","N",4025,"MU","","E LANVALE ST",39.30885218,-76.60916537,1,0,1,"M",1,3,NA,4,1,0,88,59,"P",0,NA,0,"",NA,"U",NA,25.88,NA,"08-APR-88","0edd00f8-f595-4d5e-9998-5e006f8e2b45","","","","","A"
"2040","ADI668001Y",1,24,999,1,88,2,2,1,1,0,6.01,"05-19-2016","19:18:00","CAD2855","N","N","BALTIMORE","UNK",4,0,4490,"MU","",0.802,"N","N GAY ST",0,"U","S",0,"UU","","N MONTFORD AVE",39.31217264,-76.58456951,1,0,1,"M",1,3,NA,3,6,1,2,88,"P",0,NA,0,"",NA,"Y",NA,1,NA,"07-DEC-67","5749ca3d-69e2-445b-9b29-1120b8da1be8","","","","","A"
"2041","ADI6680021",1,24,999,1,17,2,1,1,1,0,6.01,"06-11-2016","11:50:00","CAD1324","N","N","BALTIMORE","UNK",3,0,2955,"MU","",0.07,"N","N LAKEWOOD AVE",0,"U","S",1360,"MU","","E MADISON ST",39.30036768,-76.57959133,1,0,1,"F",1,3,NA,1,6,0,1,88,"P",0,NA,0,"",NA,"Y",NA,1,NA,"10-DEC-96","b712e0ef-71f4-4560-99f0-5173ea073557","","","","","A"
"2042","ADI6680023",1,24,NA,0,17,2,1,1,2,0,0,"06-24-2016","09:39:00","CAD876","N","N","BALTIMORE","UNK",3,0,NA,"","",0,"","DUNCAN ST",0,"U","S",NA,"","","MCELDERLY SR",39.29789146,-76.58724099,1,0,1,"F",NA,1,NA,1,6,0,1,53,"P",0,NA,0,"",NA,"Y",NA,1,NA,"06-OCT-99","a4db4191-5d0d-4e03-8700-f6d9004d6c0b","","","","",""
"2043","ADI668002P",3,24,999,1,0,2,2,1,1,0,6.01,"10/31/2016","21:10:00","2828","N","N","BALTIMORE","UNK",3,0,4021,"MU","",1.64,"E","E BIDDLE ST",0,"F","E",1410,"MU","","N PATTERSON PARK AVE",39.30462562,-76.58552438,1,0,1,"M",1,2,NA,2,6,0,2,53,"P",0,NA,0,"",NA,"Y",NA,0,NA,"24-May-93","af48be9a-a02e-4f40-bad6-f389a795c9b4","","","","","A"
"2044","ADI6680034",1,24,999,0,11,2,1,1,2,0,6.01,"2/2/2017","16:46:00","2046","N","N","BALTIMORE","UNK",3,0,1370,"MU","",1.23,"E","E MONUMENT ST",0,"U","E",0,"UU","","N CHESTER ST",39.29861378,-76.58795178,1,0,1,"M",NA,2,NA,3,1,0,1,52,"P",0,NA,0,"",NA,"Y",NA,1,NA,"23-Apr-92","2cf07ceb-8190-4077-a5d2-96e903b81ad3","MD","","","","A"
"2045","ADI6690005",1,24,999,3,88,2,1,1,4,88,6.01,"2/2/2017","7:53:00","CAD 0552","Y","N","BALTIMORE","UNK",3,3,1,"US","",1.84,"N","WILKENS AVE",15,"F","N",4180,"MU","","MILLINGTON AVE",39.27896715,-76.6558519,1,0,1,"F",1,3,NA,3,6,2,1,52,"P",0,NA,0,"",NA,"U",NA,0,NA,"22-May-85","92660ad1-c237-4289-bd38-ede51cfdd54e","MD","","","","A"
"2046","ADI669000P",1,24,NA,1,17,2,1,1,1,0,6.01,"5/26/2017","16:05:00","CAD2227","N","N","BALTIMORE","UNK",3,0,NA,"","",0,"","2300 ASHTON ST",0,"U","W",NA,"","","500 S CATHERINE",39.28102985,-76.6538161,1,5,1,"F",1,2,NA,1,6,0,1,56,"P",0,NA,0,"",NA,"Y",NA,0,NA,"9-Aug-86","ed20b528-36a2-48e1-bd11-c2c7faca3994","","","","","A"
"2047","ADI669000Q",1,24,NA,1,17,2,1,1,2,0,6.01,"6/25/2017","20:13:00","CAD2431","N","N","BALTIMORE","UNK",3,0,NA,"","",0,"","400 S BENTALOU ST",0,"U","U",NA,"","","RAMSEY ST",39.28217692,-76.65252864,1,0,1,"M",1,3,NA,1,6,0,1,52,"P",0,NA,0,"",NA,"Y",NA,1,NA,"21-May-07","06c7e2c2-786e-494b-879e-e1685fd9fe92","","","","","A"
"2048","ADI669000R",1,24,NA,1,17,2,1,1,1,0,6.01,"6/26/2017","14:04:00","","N","N","BALTIMORE","UNK",6,0,NA,"","",0,"","4300 PARKTON",0,"U","U",NA,"","","YALE AVE",39.27748471,-76.68877065,1,0,1,"M",1,3,NA,1,6,0,7,54,"P",0,NA,0,"",NA,"Y",NA,1,NA,"3-Jul-08","28bf8aa2-d5ab-436a-9558-947a83c92ff1","","","","","A"
"2049","ADI6720002",1,24,NA,NA,88,NA,NA,NA,NA,0,6.01,"05-26-2015","06:58:00","CAD491","N","N","BALTIMORE","UNK",3,0,NA,"","",NA,"","",NA,"","",NA,"","","",39.29021108,-76.58730805,1,0,1,"M",1,3,NA,3,6,1,1,59,"P",0,NA,0,"",NA,"",NA,25.88,NA,"23-APR-77","c725bec0-5cf1-4a08-af87-233fa90441a0","","","","","B"
"2050","ADI6780007",1,24,999,1,17,2,NA,1,2,0,6.01,"4/18/2017","16:12:00","CAD#1983","N","N","BALTIMORE","UNK",3,3,1,"US","",8.71,"N","BELAIR RD",120,"F","S",0,"UU","","LAKE AVE",39.32344975,-76.57319292,1,0,1,"M",2,4,NA,0,6,1,1,88,"P",0,NA,0,"",NA,"N",NA,1,NA,"25-Aug-50","99b2fc65-8930-4e97-ad35-f4546ea67246","","","","","A"
"2051","ADI682000D",1,24,0,1,88,2,1,1,4,0,0,"08-08-2015","14:30:00","CAD 2221","Y","N","BALTIMORE","UNK",3,3,1,"US","",4.39,"N","NORTH AVE",1,"F","N",140,"MD","","N FULTON AVE (NB COUPLET)",39.3006977,-76.64576411,1,0,1,"F",1,1,NA,2,1,0,1,57,"P",0,NA,0,"",NA,"N",NA,1,NA,"04-MAR-52","10b02dc2-4fc2-405b-bc06-3e31610bd365","","","","",""
"2052","ADI686000T",1,24,999,3,88,2,1,1,2,0,6.01,"2/6/2017","10:31:00","CAD#830","N","N","BALTIMORE","UNK",3,0,4095,"MU","",0.41,"N","ALLENDALE ST",0,"F","N",0,"UU","","HARLEM AVE",39.29522522,-76.67843342,1,0,1,"M",1,2,NA,99,10.88,1,1,51,"P",0,NA,0,"",NA,"N",NA,99,NA,"13-Oct-93","e7179dcd-e46d-470d-a324-50d413f1f307","","","","",""
"2053","ADI692000F",99,24,999,1,99,99,NA,1,1,2,0,"05-24-2016","19:30:00","771","N","N","BALTIMORE","UNK",9,0,1320,"MU","",1.22,"N","LINWOOD AVE",50,"F","N",40,"US","","ORLEANS ST",39.29597663,-76.57613531,1,0,1,"M",0,1,NA,0,0,0,88,0,"P",0,NA,0,"",NA,"N",NA,0,NA,"19-NOV-65","b70d6c22-c92a-460d-b868-13e4b6887dfc","MD","C","","",""
"2054","ADI692000M",1,24,999,2,7,2,2,1,1,0,6.01,"10/8/2016","17:00:00","2089","N","N","BALTIMORE","UNK",1,3,40,"US","",6.911,"E","ORLEANS ST",0,"F","E",0,"UU","","N MONTFORD AVE",39.29557705,-76.58352882,2,3,1,"F",1,3,NA,0,3,0,1,63.88,"P",0,NA,0,"",NA,"N",NA,0,NA,"30-Dec-88","375232f2-4694-4d57-8f71-982f3db10bc2","","","","","A"
"2055","ADI693000G",1,24,NA,1,17,2,1,1,1,0,6.01,"03-21-2015","15:25:00","CAD#1550","N","N","BALTIMORE","UNK",3,3,NA,"","",NA,"","3100 GRAYSON AVE",90,"F","",NA,"","","1700 N. ELLAMONT ST.",39.30644454,-76.67014405,1,0,1,"M",1,3,NA,3,6,0,1,55,"P",0,NA,0,"",NA,"",NA,1,NA,"30-JUN-05","3659b74a-f32a-4912-94f1-6ef32bba9fef","","","","","A"
"2056","ADI6940009",0,24,NA,9.04,12,2,3,1,2,0,6.01,"05-06-2015","13:47:00","1344","N","N","BALTIMORE","UNK",1,4,1125,"MU","",0.695,"N","N CHARLES ST",40,"F","N",NA,"UU","","E READ ST",39.29913477,-76.61571667,1,0,1,"M",1,3,NA,3,6,0,2,52,"P",0,NA,0,"",NA,"",NA,21,NA,"02-OCT-93","918ca1f0-9540-418a-8824-ab16b654c341","MD","","","","A"
"2057","ADI694001K",1,24,999,6.01,17,2,3,1,2,0,6.01,"04-28-2016","18:15:00","CAD2589","Y","N","BALTIMORE","UNK",3,0,1711,"MU","",0.196,"S","CATHEDRAL ST",5,"F","N",0,"UU","","W READ ST",39.29959659,-76.61715768,1,0,1,"M",NA,2,NA,3,5,2,1,51,"P",0,NA,0,"",NA,"N",NA,1,NA,"07-JUL-84","dd10f405-1ac3-46cd-a8af-9bb4d3b53ed9","","","","","A"
"2058","ADI694001R",1,24,999,2,17,1,1,1,2,0,3,"05-17-2016","13:00:00","CAD1391","Y","N","BALTIMORE","UNK",3,0,1680,"MU","",2.429,"W","E FAYETTE ST",0,"F","W",2,"MD","","ST PAUL ST (SB COUPLET)",39.29040933,-76.61387399,1,0,1,"F",1,3,NA,3,5,2,1,51,"P",0,NA,0,"",NA,"N",NA,1,NA,"20-OCT-58","98b1737a-f96f-40ab-a355-6dde0695b3df","MD","","","","A"
"2059","ADI694001V",1,24,NA,1,17,2,1,1,2,0,6.01,"05-28-2016","16:00:00","CAD 2088","N","N","BALTIMORE","UNK",3,0,NA,"","",0,"","2100 DIVISION ST",20,"F","N",NA,"","","BLOOM",39.30789544,-76.63795352,1,0,1,"M",NA,3,NA,0,6,0,1,55,"P",0,NA,0,"",NA,"Y",NA,1,NA,"13-APR-14","2491511b-9419-41d2-bebe-ed4b151b9ecd","","","","","A"
"2060","ADI694001Z",1,24,NA,1,17,2,2,1,4,0,6.01,"07-23-2016","11:23:00","CAD1079","Y","N","BALTIMORE","UNK",3,0,NA,"","",0,"","E NORTH AVE",15,"F","W",NA,"","","N CHARLES ST",39.31118275,-76.61641538,1,0,1,"M",NA,3,NA,1,6,88,1,54,"P",0,NA,0,"",NA,"Y",NA,0,NA,"02-AUG-78  00:00:00","25b1f251-f4a2-4899-859d-cc579f98016c","","","","",""
"2061","ADI694002H",1,24,999,1,7,2,2,1,2,0,6.01,"10/30/2016","14:31:00","1435","N","N","BALTIMORE","UNK",4,2,2,"MD","",0.88,"S","ST PAUL ST (SB COUPLET)",50,"F","S",1360,"MU","","E MADISON ST",39.29807515,-76.61405906,1,0,1,"M",NA,1,NA,1,6,0,2,53,"P",0,NA,0,"",NA,"N",NA,21,NA,"21-Dec-78","684817c8-d745-44ee-8774-e888807471bf","NY","D","","",""
"2062","ADI694002J",1,24,999,2,11,2,2,1,3,0,6.01,"11/10/2016","9:20:00","684","N","N","BALTIMORE","UNK",4,0,1450,"MU","",0.302,"S","GUILFORD AVE",0,"F","S",0,"UU","","E OLIVER ST",39.30677058,-76.61209166,1,0,1,"M",NA,1,NA,2,6,3,2,53,"P",0,NA,0,"",NA,"Y",NA,1,NA,"27-Sep-88","39fdc48b-5846-49c6-87dc-b68a23dc2f5f","MD","ID","","",""
"2063","ADI694002T",3,24,999,2,17,2,1,1,2,0,7.01,"1/30/2017","19:30:00","2434","Y","N","BALTIMORE","UNK",3,0,2,"MD","",4.56,"N","CALVERT ST (NB COUPLET)",0,"F","N",0,"UU","","BATH ST",39.29458173,-76.6126442,1,0,1,"M",NA,2,NA,2,3,0,1,51,"P",0,NA,0,"",NA,"N",NA,0,NA,"21-Mar-96","abfde8f3-951a-4de5-b7c6-37fc9a1e19da","","","","","A"
"2064","ADI694002W",1,24,999,2,17,2,1,1,2,0,6.01,"2/10/2017","14:18:00","CAD 1529","Y","N","BALTIMORE","UNK",3,0,2,"MD","",1.46,"S","ST PAUL ST (SB COUPLET)",0,"F","S",1680,"MU","","E FAYETTE ST",39.29039895,-76.61387265,1,0,1,"F",1,3,NA,2,5,99,1,51,"P",0,NA,0,"",NA,"U",NA,0,NA,"29-Oct-53","a5e38260-635a-4252-948b-2f9de4c0fe52","","","","",""
"2065","ADI6940030",1,24,999,2,17,2,1,1,1,0,6.01,"4/3/2017","14:40:00","CAD1226","Y","N","BALTIMORE","UNK",3,0,1750,"MU","",0.25,"N","N EUTAW ST",0,"F","N",1695,"MU","","W SARATOGA ST",39.2928526,-76.62112534,1,0,1,"F",1,2,NA,1,9.05,2,1,51,"P",0,NA,0,"",NA,"N",NA,0,NA,"6-Dec-96","df7f2bb3-e4f4-4acf-9b32-fc305fe3749d","MD","ID","","","A"
"2066","ADI6940034",1,24,999,6.01,17,2,2,0,2,0,6.01,"4/18/2017","7:45:00","CAD 543","Y","N","BALTIMORE","UNK",3,0,1665,"MU","",0,"E","E BALTIMORE ST",10,"F","W",1125,"MU","","N CHARLES ST",39.2895634,-76.61516547,1,0,1,"F",NA,3,NA,2,5,0,1,51,"P",0,NA,0,"",NA,"N",NA,0,NA,"9-Mar-82","b6d029e5-c76b-48bb-bb9c-c9237ebdd26a","","","","",""
"2067","ADI7030002",3,24,NA,6.01,17,1,2,1,3,0,6.01,"01-08-2015","17:50:00","1865","Y","N","BALTIMORE","UNK",4,0,1680,"MU","",0.968,"W","E FAYETTE ST",0,"F","W",NA,"UU","","N CHESTER ST",39.29418838,-76.58748507,1,1,1,"M",1,3,NA,3,5,3,2,51,"P",0,NA,0,"",NA,"",NA,1,NA,"01-APR-94","dbaef722-27c8-45c9-bc80-cf1eeb92355e","","","","",""
"2068","ADI7030003",1,24,NA,0,17,2,1,1,2,0,6.01,"01-09-2015","15:30:00","16561530","N","N","BALTIMORE","UNK",3,0,4252,"MU","",0.405,"N","N CAROLINE ST",100,"F","N",NA,"UU","","MCELDERRY ST",39.2970944,-76.59614325,1,0,1,"F",0,2,NA,0,6,1,1,52,"P",0,NA,0,"",NA,"",NA,1,NA,"01-JUL-48","7189a663-325d-4451-91cb-df8da935a479","","","","","A"
"2069","ADI703000K",1,24,NA,1,17,2,3,1,4,0,6.01,"05-22-2015","08:15:00","0522","Y","N","BALTIMORE","UNK",3,0,1360,"MU","",0.17,"W","E MADISON ST",100,"F","W",2940,"MU","","EDISON HWY",39.30026598,-76.5722394,1,0,1,"F",1,2,NA,3,6,1,1,52,"P",0,NA,0,"",NA,"",NA,1,NA,"17-JUN-01","bdf38fb6-e935-4d35-8f0e-9ead483cb8db","","","","","A"
"2070","ADI703000Q",1,24,999,2,11,2,1,0,3,0,6.01,"07-07-2015","14:15:00","1584","Y","Y","BALTIMORE","UNK",1,1,1680,"MU","",0.83,"W","E FAYETTE ST",0,"F","W",1410,"MU","","N PATTERSON PARK AVE",39.29430462,-76.58486724,3,0,1,"M",1,1,NA,4,6,0,7,56,"P",0,NA,0,"",NA,"Y",NA,25.88,NA,"01-JAN-50","d0232750-e725-4a0e-adb5-593d6aa4b791","","","","",""
"2071","ADI703000W",6.02,24,NA,0,17,2,1,1,2,0,6.01,"07-27-2015","20:00:00","2768","N","N","BALTIMORE","UNK",3,0,NA,"","",0,"","N LUZERNE AVE",30,"F","S",NA,"","","ORLEANS ST",39.29547534,-76.58067226,1,0,1,"F",1,3,NA,1,6,1,1,52,"P",1,NA,1,"",NA,"Y",NA,1,NA,"12-AUG-09","80ab1deb-ba26-4707-9b35-cd5b47dbeae6","","","","",""