"UNIQUE_ID","REPORT_NO","LIGHT_CODE","COUNTY_NO","MUNI_CODE","JUNCTION_CODE","COLLISION_TYPE_CODE","SURF_COND_CODE","LANE_CODE","RD_COND_CODE","RD_DIV_CODE","FIX_OBJ_CODE","WEATHER_CODE","ACC_DATE","ACC_TIME","LOC_CODE","SIGNAL_FLAG","C_M_ZONE_FLAG","AGENCY_CODE","AREA_CODE","HARM_EVENT_CODE1","HARM_EVENT_CODE2","RTE_NO","ROUTE_TYPE_CODE","RTE_SUFFIX","LOG_MILE","LOGMILE_DIR_FLAG","MAINROAD_NAME","DISTANCE","FEET_MILES_FLAG","DISTANCE_DIR_FLAG","REFERENCE_NO","REFERENCE_TYPE_CODE","REFERENCE_SUFFIX","REFERENCE_ROAD_NAME","LATITUDE","LONGITUDE","drv","occ","ped","SEX_CODE","CONDITION_CODE","INJ_SEVER_CODE","OCC_SEAT_POS_CODE","PED_VISIBLE_CODE","PED_LOCATION_CODE","PED_OBEY_CODE","PED_TYPE_CODE","MOVEMENT_CODE","PERSON_TYPE","ALCOHOL_TEST_CODE","ALCOHOL_TESTTYPE_CODE","DRUG_TEST_CODE","DRUG_TESTRESULT_CODE","BAC_CODE","FAULT_FLAG","EQUIP_PROB_CODE","SAF_EQUIP_CODE","EJECT_CODE","DATE_OF_BIRTH","PERSON_ID","LICENSE_STATE_CODE","CLASS","CDL_FLAG","VEHICLE_ID","EMS_UNIT_LABEL"
"2752","ADJ2580042",1,24,999,1,88,1,1,1,2,0,7.01,"1/4/2017","10:00:00","CAD#0823","N","N","BALTIMORE","UNK",3,0,1665,"MU","",0,"E","E BALTIMORE ST",40,"F","E",1125,"MU","","N CHARLES ST",39.28957317,-76.61490262,1,0,1,"F",1,2,NA,3,6,1,1,56,"P",0,NA,0,"",NA,"U",NA,1,NA,"20-Jul-93","94b43d91-5de7-4a90-aa5e-e16c5b65ac47","MD","ID","","","A"
"2753","ADJ2580047",1,24,NA,9.04,11,2,1,1,1,0,6.01,"1/28/2017","16:00:00","1948","N","N","BALTIMORE","UNK",3,0,NA,"","",0,"","MCHENRY ST",100,"F","E",NA,"","","FULTON AVE",39.28440601,-76.64454103,1,0,1,"M",1,3,NA,3,3,1,1,51,"P",0,NA,0,"",NA,"N",NA,1,NA,"29-Mar-83","7b0dde51-e7cf-4e88-8ba3-f5845e59592d","MD","ID","","",""
"2754","ADJ258004F",1,24,999,2,2,2,1,1,2,0,6.01,"4/21/2017","16:23:00","CAD#2026","Y","N","BALTIMORE","UNK",3,0,5880,"MU","",0.17,"S","HOLIDAY ST",0,"F","S",0,"UU","","LEXINGTON ST",39.29125682,-76.61015108,1,0,1,"F",1,3,NA,3,5,2,1,51,"P",0,NA,0,"",NA,"N",NA,1,NA,"4-Jul-57","8121cd8c-e4fd-4f73-b16c-fd6d6b226614","","","","","A"
"2755","ADJ258004N",6.02,24,999,2,11,1,1,1,1,0,3,"5/25/2017","19:20:00","2761","N","N","BALTIMORE","UNK",3,0,4005,"MU","",0.942,"S","PENNSYLVANIA AVE",0,"F","S",0,"UU","","WILSON AVE",39.30356077,-76.63473085,1,0,1,"M",3,3,NA,3,6,1,1,51,"P",0,NA,0,"U",NA,"Y",NA,1,NA,"19-Jan-61","22db0595-26fe-437a-8e21-05ec50c396bd","","","","","A"
"2756","ADJ2600001",1,24,NA,1,17,2,2,1,4,0,6.01,"01-13-2015","14:46:00","1582","N","N","BALTIMORE","UNK",4,3,129,"MD","",3.593,"N","PARK HEIGHTS AVE",30,"F","N",NA,"UU","","CLASSEN AVE",39.33801499,-76.66529059,1,0,1,"M",1,2,NA,3,88,2,2,53,"P",0,NA,0,"",NA,"",NA,1,NA,"24-SEP-96","5dede752-43ea-474d-a5ec-a0be003d74df","","","","","A"
"2757","ADJ2600002",1,24,NA,2,17,2,3,1,4,0,6.01,"02-25-2015","17:05:00","CAD 2070","Y","N","BALTIMORE","UNK",3,3,26,"MD","",3.19,"E","LIBERTY HEIGHTS AVE",0,"F","E",3095,"MU","","TIOGA PKWY",39.31922603,-76.65579557,1,0,2,"F",1,3,NA,2,5,1,1,51,"P",0,NA,0,"",NA,"",NA,0,NA,"24-AUG-10","76c72c35-f9f3-47c5-ac30-4b4d1c63eb9b","","","","","A"
"2758","ADJ2600002",1,24,NA,2,17,2,3,1,4,0,6.01,"02-25-2015","17:05:00","CAD 2070","Y","N","BALTIMORE","UNK",3,3,26,"MD","",3.19,"E","LIBERTY HEIGHTS AVE",0,"F","E",3095,"MU","","TIOGA PKWY",39.31922603,-76.65579557,1,0,2,"F",1,3,NA,3,5,1,1,51,"P",0,NA,0,"",NA,"",NA,0,NA,"05-JUL-05","25090c8f-643e-4596-be89-2c81544bce74","","","","","A"
"2759","ADJ2600007",1,24,NA,1,17,2,1,1,2,0,5,"03-27-2015","16:00:00","2006","N","N","BALTIMORE","UNK",3,0,NA,"","",NA,"","4900 CORDELIA AVE",20,"F","",NA,"","","3700 ARCADIA AVE",39.3429894,-76.67869627,1,0,1,"M",NA,3,NA,1,6,0,1,55,"P",0,NA,0,"",NA,"",NA,1,NA,"06-MAR-10","b4412df7-a481-4488-bf38-2990a82b9b90","","","","",""
"2760","ADJ260000K",1,24,NA,1,17,2,1,1,2,0,6.01,"06-22-2015","17:42:00","CAD#2353","N","N","BALTIMORE","UNK",3,0,2120,"MU","",0.114,"W","W GARRISON AVE",20,"F","W",NA,"UU","","QUEENSBURY AVE",39.34875164,-76.67113781,1,0,1,"M",NA,3,NA,3,6,1,1,52,"P",0,NA,0,"",NA,"",NA,1,NA,"09-FEB-00","dd782932-3b62-43ae-9767-4211f3a38c14","","","","","A"
"2761","ADJ260000T",1,24,999,2,8,2,2,88,1,0,6.01,"08-28-2015","12:46:00","CAD#1379","Y","Y","BALTIMORE","UNK",4,0,1022,"MU","",1.44,"N","W NORTHERN PKWY",0,"F","N",140,"MD","","REISTERSTOWN RD",39.34868526,-76.6920054,1,0,1,"M",1,3,NA,1,2,1,2,51,"P",0,NA,0,"",NA,"Y",NA,1,NA,"30-APR-63","0cc26647-4976-4f4f-8710-b64fc38cfc2a","MD","","","",""
"2762","ADJ2600024",1,24,NA,2,11,2,2,1,4,0,6.01,"10/20/2016","17:43:00","CAD#2467","Y","N","BALTIMORE","UNK",4,0,NA,"","",0,"","REISTERSTWON RD",0,"F","N",NA,"","","ACHONTOROY TERR",39.32181562,-76.6549319,1,0,1,"M",NA,3,NA,1,10.88,0,2,53,"P",0,NA,0,"",NA,"Y",NA,0,NA,"27-Mar-93","d9d3c573-4057-4975-984a-24858447d666","","","","",""
"2763","ADJ260002R",3,24,0,2,0,0,1,1,4,0,6.01,"6/10/2017","21:42:00","2942","Y","N","BALTIMORE","UNK",3,0,129,"MD","",3.335,"N","PARK HEIGHTS AVE",0,"F","N",0,"UU","","SHIRLEY AVE",39.33467915,-76.66265264,1,0,1,"M",NA,3,NA,2,1,0,1,51,"P",0,NA,0,"",NA,"N",NA,0,NA,"14-Apr-67","e1eeb538-a19b-43eb-9c5a-9dca2cdb79ef","","","","",""
"2764","ADJ262000J",1,24,NA,1,17,2,1,1,1,0,6.01,"04-05-2015","16:30:00","CAD#1743","N","N","BALTIMORE","UNK",1,0,26,"MD","",2.205,"E","LIBERTY HEIGHTS AVE",20,"F","E",NA,"UU","","DENISON ST",39.32390714,-76.67343378,1,0,1,"M",1,1,NA,0,88,99,2,99,"P",0,NA,0,"",NA,"",NA,1,NA,"23-NOV-04","a910cd27-0c9d-4076-9f76-41908c5725ed","MD","","","",""
"2765","ADJ262000R",1,24,NA,1,17,2,1,1,3,0,6.01,"05-26-2015","07:50:00","CAD#0601","N","N","BALTIMORE","UNK",3,1,NA,"","",NA,"","REISTERSTOWN ROAD",200,"F","",NA,"","","SHIRLEY AVENUE",39.33454638,-76.66457176,1,0,1,"M",99,2,NA,3,6,0,1,52,"P",0,NA,0,"",NA,"",NA,1,NA,"31-OCT-69","8bcef6bb-add4-4a7e-ab70-b994f3832448","","","","","A"
"2766","ADJ262000Y",1,24,999,2,17,2,3,1,4,0,6.01,"07-10-2015","16:00:00","CAD:1992","Y","N","BALTIMORE","UNK",4,0,10,"MU","",1.59,"W","WABASH AVE",0,"F","W",2915,"MU","","HILLSDALE RD",39.34286079,-76.69165134,1,0,1,"F",1,2,NA,2,6,3,2,51,"P",0,NA,0,"",NA,"Y",NA,1,NA,"01-JUN-04","c9a6c2e4-56de-4268-bafb-a1a7c363638f","","","","","A"
"2767","ADJ2620013",1,24,NA,2,11,2,1,1,3,0,6.01,"07-26-2015","11:15:00","CAD71102","Y","N","BALTIMORE","UNK",1,4,NA,"","",0,"","3500 GREENSPRING AVENUE ",0,"F","N",NA,"","","2200 DRUID PARK DRIVE",39.33029959,-76.65394485,2,1,1,"M",1,2,NA,3,14.88,2,2,53,"P",0,NA,0,"",NA,"N",NA,1,NA,"07-AUG-62","182c53a0-9b1f-41e0-8306-7242fd1bc83c","MD","","","","A"
"2768","ADJ2620017",3,24,999,2,9,2,1,1,4,0,6.01,"08-07-2015","23:21:00","CAD:3487","N","N","BALTIMORE","UNK",1,3,26,"MD","",2.997,"E","LIBERTY HEIGHTS AVE",0,"F","E",0,"UU","","BURLEITH AVE",39.32044614,-76.65936828,2,0,1,"M",1,2,NA,1,3,0,2,56,"P",0,NA,0,"",NA,"N",NA,1,NA,"02-OCT-90","76300615-32a8-4059-b236-23299b3e4f64","MD","","","",""
"2769","ADJ262001G",1,24,0,3,17,2,1,1,4,0,0,"08-14-2015","18:36:00","CAD#2501","Y","N","BALTIMORE","UNK",3,0,129,"MD","",3.138,"N","PARK HEIGHTS AVE",5,"F","S",0,"UU","","SPRINGHILL AVE",39.33204854,-76.66091323,1,0,1,"M",0,2,NA,99,5,99,1,51,"P",0,NA,0,"",NA,"U",NA,0,NA,"03-FEB-57","7f1d39b9-d3d3-497a-a14e-9c82bbbab6d1","","","","","A"
"2770","ADJ262001M",1,24,NA,2,17,2,2,1,3,0,6.01,"09-09-2015","11:00:00","CAD1014","Y","N","BALTIMORE","UNK",1,3,NA,"","",0,"","4300 REISTERSTOWN ROAD",0,"F","N",NA,"","","2700 W COLDSPRING LANE",39.33888678,-76.66790038,1,0,1,"M",99,2,NA,3,5,3,1,51,"P",0,NA,0,"",NA,"Y",NA,0,NA,"08-APR-91","21f593a8-615d-4238-bc07-51a84a4f4269","","","","","A"
"2771","ADJ262002M",1,24,NA,NA,88,NA,NA,NA,NA,0,6.01,"03-31-2016","16:32:00","CAD:2157","N","N","BALTIMORE","UNK",3,0,NA,"","",NA,"","",NA,"","",NA,"","","",39.35735366,-76.70358449,2,0,1,"M",1,2,NA,1,88,1,1,57,"P",0,NA,0,"",NA,"Y",NA,0,NA,"06-DEC-84","c240c428-fd72-4702-ab62-89d142c03ee1","","","","","A"
"2772","ADJ262002N",1,24,999,2,17,2,3,1,2,0,6.01,"04-14-2016","15:57:00","CAD:1944","N","N","BALTIMORE","UNK",3,0,2890,"MU","",0.23,"S","DORITHAN RD",0,"F","S",0,"UU","","AANNELLEN RD",39.33234314,-76.66973233,1,0,1,"M",1,2,NA,3,9.05,88,1,53,"P",0,NA,0,"",NA,"N",NA,1,NA,"13-JUL-01","f57242f5-3685-4e04-aad3-f2ee0888e186","","","","","A"
"2773","ADJ2620035",1,24,999,1,17,2,1,1,4,0,6.01,"07-17-2016","20:08:00","CAD:2327","N","N","BALTIMORE","UNK",3,0,129,"MD","",3.76,"N","PARK HEIGHTS AVE",100,"F","N",2100,"MU","","W COLD SPRING LA",39.33943702,-76.66618511,1,0,1,"M",2,2,NA,2,88,1,1,52,"P",0,NA,0,"",NA,"Y",NA,1,NA,"17-JUL-16  00:00:00","adb3dd3f-5742-497a-9daf-729eb9b6f34c","","","","","A"
"2774","ADJ262003V",3,24,999,1,7,2,3,1,4,10,6.01,"6/23/2017","20:21:00","CAD:2819","N","N","BALTIMORE","UNK",1,9,140,"MD","",0.833,"N","REISTERSTOWN RD",100,"F","N",0,"UU","","TIOGA PKWY",39.31933393,-76.65325284,3,4,1,"F",1,2,NA,2,3,1,1,53,"P",0,NA,0,"",NA,"N",NA,1,NA,"26-May-76","8a17ca46-e225-4af2-952f-f9cb99d33699","MD","ID","","",""
"2775","ADJ263000G",1,24,NA,1,8,0,1,1,3,0,6.01,"05-16-2015","11:54:00","61101","N","N","BALTIMORE","UNK",1,1,1,"US","AL",1.203,"N","CATON AVE",100,"F","N",1,"US","","WILKENS AVE",39.27650886,-76.67157769,2,0,2,"F",0,1,NA,99,99,99,99,99,"P",0,NA,0,"",NA,"",NA,99,NA,"15-MAY-15","220935aa-bc18-4927-a67d-cdf094a08962","","","","",""
"2776","ADJ263000G",1,24,NA,1,8,0,1,1,3,0,6.01,"05-16-2015","11:54:00","61101","N","N","BALTIMORE","UNK",1,1,1,"US","AL",1.203,"N","CATON AVE",100,"F","N",1,"US","","WILKENS AVE",39.27650886,-76.67157769,2,0,2,"M",1,1,NA,99,99,99,99,99,"P",0,NA,0,"",NA,"",NA,99,NA,"15-MAY-15","654a5981-f370-496f-9180-3bbc0e39a7e1","","","","",""
"2777","ADJ2630014",1,24,NA,0,1,99,1,1,1,0,7.01,"12-26-2015","16:30:00","CAD1602","N","N","BALTIMORE","UNK",1,3,NA,"","",0,"","900 S CATON AVE",100,"F","N",NA,"","","3300 WILKENS AVE",39.2718661,-76.6764164,1,0,1,"F",4,1,NA,1,88,0,1,88,"P",0,NA,0,"",NA,"N",NA,0,NA,"03-AUG-90","e7481111-2871-4a1d-9bb0-5ca5d25936b0","","","","",""
"2778","ADJ263001D",1,24,NA,3,88,2,1,1,3,0,6.01,"01-22-2016","12:48:00","1399","Y","N","BALTIMORE","UNK",1,3,NA,"","",0,"","1500 BLOOMINGDALE RD",100,"F","N",NA,"","","3000 BAKER ST",39.30588646,-76.66730762,1,0,1,"F",1,3,NA,2,5,99,1,0,"P",0,NA,0,"",NA,"N",NA,0,NA,"19-JUL-89","0f560e80-2a6a-447a-92af-d61134ec6e72","","","","","A"
"2779","ADJ263001T",3,24,NA,1,88,0,1,1,1,0,6.01,"06-01-2016","22:00:00","CAD3301","N","N","BALTIMORE","UNK",1,3,NA,"","",0,"","4300 ROKEBY RD",100,"F","N",NA,"","","1000 WICKLOW",39.29757596,-76.69057846,1,0,1,"M",1,3,NA,2,99,1,1,99,"P",0,NA,0,"",NA,"U",NA,0,NA,"22-JUL-89","448e5aab-f36a-4e07-a2a8-2e942e7ddbb4","MD","","","","A"
"2780","ADJ2650003",1,24,NA,10.04,17,99,NA,1,88,0,6.01,"02-05-2015","14:45:00","","N","N","BALTIMORE","UNK",8,0,NA,"","",NA,"","WEST MULBERRY ",300,"F","",NA,"","","NORTH PAYSON ",39.29259832,-76.64801985,1,0,2,"U",0,3,NA,0,88,1,88,0,"P",0,NA,0,"",NA,"",NA,0,NA,"05-NOV-14","58c46850-d838-4570-90ee-a5d717101800","","","","",""
"2781","ADJ2650003",1,24,NA,10.04,17,99,NA,1,88,0,6.01,"02-05-2015","14:45:00","","N","N","BALTIMORE","UNK",8,0,NA,"","",NA,"","WEST MULBERRY ",300,"F","",NA,"","","NORTH PAYSON ",39.29259832,-76.64801985,1,0,2,"M",0,1,NA,0,88,0,88,0,"P",0,NA,0,"",NA,"",NA,0,NA,"01-SEP-80","7c2964f2-9329-4cb7-9401-0554f36b134d","","","","",""
"2782","ADJ265000Y",1,24,999,2,17,2,1,1,1,0,6.01,"10-14-2015","12:00:00","1419","Y","N","BALTIMORE","UNK",3,0,6377,"MU","",0.885,"N","N GILMOR ST",0,"F","N",0,"UU","","RIGGS AVE",39.30102149,-76.64305776,1,0,1,"F",1,3,NA,1,9.05,1,1,51,"P",0,NA,0,"",NA,"N",NA,1,NA,"03-NOV-71","2da2ab57-33fe-490c-9c25-b20aa7d8aa49","MD","","","",""
"2783","ADJ265001G",3,24,999,2,17,1,2,1,1,0,6.01,"12-25-2015","21:27:00","CAD#2277","Y","N","BALTIMORE","UNK",3,0,4161,"MU","",0.49,"N","N WARWICK AVE",0,"F","N",1920,"MU","","EDMONDSON AVE",39.29357394,-76.65625691,1,0,1,"M",1,3,NA,3,5,99,1,51,"P",0,NA,0,"",NA,"N",NA,0,NA,"15-NOV-72","7a75920d-7e36-4f44-b05f-110567a64f00","","","","",""
"2784","ADJ265001Z",1,24,999,2,88,2,2,1,1,0,6.01,"05-27-2016","19:45:00","CAD#3043","Y","N","BALTIMORE","UNK",2,4,1900,"MU","",0.972,"E","W LAFAYETTE AVE",0,"F","E",0,"UU","","N PAYSON ST",39.29872587,-76.64919466,1,0,1,"M",1,1,NA,1,6,1,2,53,"P",0,NA,0,"",NA,"N",NA,21,NA,"24-MAY-93","eee996b8-586d-4297-9dd9-aab623ec7648","","","","",""
"2785","ADJ266000P",1,24,NA,1,88,1,1,1,2,0,3,"10-28-2015","13:19:00","CAD#1436","N","N","BALTIMORE","UNK",3,0,NA,"","",0,"","W. 29TH ST.",10,"F","W",NA,"","","REMINGTON AVE.",39.3220251,-76.62250131,1,0,1,"M",3,4,NA,3,6,3,1,52,"P",0,NA,0,"",NA,"U",NA,0,NA,"13-AUG-46","54b6e7e1-5b9b-45a2-ab66-a68f7d222e77","","","","","A"
"2786","ADJ266000Q",1,24,NA,1,88,1,2,1,2,0,3,"10-28-2015","15:00:00","CAD#1745","Y","N","BALTIMORE","UNK",3,1,NA,"","",0,"","W. 28TH ST.",10,"F","E",NA,"","","HUNTINGDON AVE.",39.32062459,-76.62268639,1,0,1,"M",1,3,NA,2,99,99,1,99,"P",0,NA,0,"",NA,"U",NA,0,NA,"23-MAR-66","8ccd49db-bab9-4d31-b7fc-ae6c29377ee7","","","","",""
"2787","ADJ2660015",0,24,NA,10.04,17,2,1,1,88,7,6.01,"12-26-2015","11:50:00","CAD#0954","N","N","BALTIMORE","UNK",9,1,NA,"","",0,"","E. 22ND ST.",10,"F","E",NA,"","","ST. PAUL ST.",39.31285436,-76.61549941,1,0,1,"M",1,1,NA,88,0,88,88,88,"P",0,NA,0,"",NA,"N",NA,0,NA,"19-OCT-69","8d9a811f-5208-400b-8d06-8fa2f2a83992","","","","",""
"2788","ADJ266002G",1,24,NA,1,17,2,1,1,1,2,6.01,"06-21-2016","07:00:00","CAD#0684","N","N","BALTIMORE","UNK",9,0,NA,"","",0,"","QUANTICO AVE",10,"F","W",NA,"","","ROLAND VIEW AVE.",39.33819961,-76.6594246,1,0,1,"M",NA,1,NA,0,15.88,0,88,0,"P",0,NA,0,"",NA,"N",NA,0,NA,"26-JAN-64","e40eee85-76c1-4743-a1b5-7ab578555634","","","","",""
"2789","ADJ266002V",3,24,NA,1,88,2,1,1,2,0,6.01,"09-08-2016","21:51:00","CAD#3036","N","N","BALTIMORE","UNK",1,2,NA,"","",0,"","2500 SHIRLEY AVE.",10,"F","E",NA,"","","COTTAGE AVE.",39.33522061,-76.66082472,1,0,1,"F",1,3,NA,3,88,1,1,57,"P",0,NA,0,"",NA,"N",NA,0,NA,"11-SEP-90  00:00:00","1c06f056-50b9-4cc6-a652-6855b39c0a2e","","","","",""
"2790","ADJ2660043",1,24,NA,1,88,2,2,1,4,0,6.01,"2/1/2017","15:23:00","CAD#1672","N","N","BALTIMORE","UNK",3,0,NA,"","",0,"","5425 FALLS RD.",10,"F","N",NA,"","","W. NORTHERN PKWY.",39.36127893,-76.64588414,1,0,1,"M",1,2,NA,3,3,1,1,63.88,"P",0,NA,0,"",NA,"U",NA,1,NA,"14-Jan-93","24ee301a-26d2-46d4-8290-6269a30a9e5f","","","","",""
"2791","ADJ266004C",3,24,NA,1,88,2,1,1,2,0,6.01,"2/26/2017","19:57:00","CAD#2168","N","N","BALTIMORE","UNK",3,0,NA,"","",0,"","2500 SHIRLEY AVE.",10,"F","E",NA,"","","PALL MALL",39.33524447,-76.66083947,1,0,1,"M",1,3,NA,3,88,1,1,55,"P",0,NA,0,"",NA,"Y",NA,1,NA,"23-Aug-07","9c7f59d8-b988-48e2-b1b1-ff025afaa3b4","","","","","A"
"2792","ADJ266004Q",1,24,NA,1,17,2,1,1,3,0,6.01,"5/24/2017","8:19:00","CAD#0626","N","N","BALTIMORE","UNK",3,0,NA,"","",0,"","5400 THE ALAMEDA",10,"F","N",NA,"","","1100 TUNBRIDGE",39.35548194,-76.59693047,1,0,1,"F",NA,2,NA,3,10.88,1,1,51,"P",0,NA,0,"",NA,"Y",NA,0,NA,"4-Oct-96","99819977-e79a-4ec6-be16-edd1c38bb48b","","","","","A"
"2793","ADJ266004R",3,24,NA,2,88,1,2,1,3,0,3,"5/29/2017","0:49:00","CAD#0087","Y","N","BALTIMORE","UNK",1,3,NA,"","",0,"","E. 25TH ST.",0,"F","E",NA,"","","2400 ST. PAUL ST.",39.31790007,-76.61534116,1,0,1,"M",1,4,NA,99,99,99,88,99,"P",0,NA,0,"",NA,"U",NA,99,NA,"25-Feb-92","5431ed03-1b45-493a-b36c-4c0871e07f51","","","","","A"
"2794","ADJ2660050",1,24,NA,1,88,2,1,1,3,0,6.01,"6/29/2017","12:03:00","CAD#1206","N","N","BALTIMORE","UNK",1,0,NA,"","",0,"","CHINQUAPIN PKWY.",10,"F","E",NA,"","","WALTERS AVE.",39.35900239,-76.59709141,1,0,1,"M",1,3,NA,1,6,1,2,53,"P",0,NA,0,"",NA,"N",NA,1,NA,"2-Aug-61","3dee3e90-1a5b-4f40-b749-29479cb229b0","","","","","A"
"2795","ADJ268000L",1,24,999,1,17,2,2,1,1,0,0,"07-15-2015","07:53:00","CAD 552","N","N","BALTIMORE","UNK",3,0,2965,"MU","",1.08,"N","S HIGHLAND AVE",40,"F","S",1665,"MU","","E BALTIMORE ST",39.29240942,-76.5694157,1,0,1,"F",99,2,NA,3,6,1,1,52,"P",0,NA,0,"",NA,"Y",NA,1,NA,"26-FEB-89","f6a8a216-f98d-4594-a956-ed29bbd48610","","","","","A"
"2796","ADJ268000S",1,24,999,2,17,2,2,1,1,0,0,"11-04-2015","10:55:00","CAD 1042","Y","N","BALTIMORE","UNK",3,0,40,"US","",7.67,"E","PULASKI HWY",0,"F","E",2971,"MU","","N HIGHLAND AVE",39.29602334,-76.56959876,1,1,1,"F",1,2,NA,3,5,2,1,51,"P",0,NA,0,"",NA,"N",NA,1,NA,"15-MAR-64","6d2973e8-8bba-4adf-948c-d0eeaa5cae8a","","","","","A"
"2797","ADJ2680017",6.02,24,NA,1,17,2,1,1,1,0,6.01,"04-04-2016","19:50:00","CAD","N","N","BALTIMORE","UNK",3,3,NA,"","",0,"","GOUGH ST",25,"F","W",NA,"","","BOND ST",39.28751237,-76.5961875,1,3,1,"M",1,3,NA,3,6,1,1,52,"P",0,NA,0,"",NA,"Y",NA,1,NA,"27-SEP-08","b81d4fb0-f2f3-4860-9a3f-0f9c1e39bd40","","","","","A"
"2798","ADJ268001C",1,24,NA,2,17,2,1,1,2,0,6.01,"04-20-2016","18:55:00","CAD 2683","Y","N","BALTIMORE","UNK",3,3,NA,"","",0,"","FAIT AVE",0,"F","E",NA,"","","CLINTON ST",39.28345269,-76.56973019,1,0,1,"M",1,3,NA,1,5,1,1,51,"P",0,NA,0,"",NA,"N",NA,1,NA,"15-OCT-86","9880d24a-83f8-4302-b997-dfde0ac63b84","MD","","","","A"
"2799","ADJ2680026",3,24,999,2,7,2,1,1,2,0,6.01,"08-03-2016","21:25:00","CAD 2899","Y","N","BALTIMORE","UNK",4,1,1392,"MU","",0.62,"E","E PRATT ST",0,"F","E",1383,"MU","","PRESIDENT ST",39.28702763,-76.60394311,1,0,1,"M",0,1,NA,99,6,1,2,55,"P",0,NA,0,"",NA,"Y",NA,1,NA,"01-JAN-00  00:00:00","7319f0fe-04c3-425b-be97-a5228d5f0d68","","","","",""
"2800","ADJ268002N",1,24,999,1,17,2,NA,1,4,0,6.01,"11/2/2016","11:29:00","CAD 1141","N","N","BALTIMORE","UNK",3,3,1440,"MU","",0.261,"N","S BROADWAY",40,"F","S",1340,"MU","","EASTERN AVE",39.28488829,-76.59329876,1,0,1,"F",1,2,NA,3,6,1,88,88,"P",0,NA,0,"",NA,"N",NA,1,NA,"23-Jan-57","f654fc79-5ab5-4f33-b98d-ac5e0753ebb1","","","","",""
"2801","ADJ2680037",1,24,999,1,17,2,1,1,1,0,7.01,"5/30/2017","14:55:00","CAD 1716","N","N","BALTIMORE","UNK",3,1,1340,"MU","",2.021,"E","EASTERN AVE",20,"F","W",0,"UU","","S EATON ST",39.28668509,-76.56553388,1,0,1,"M",1,2,NA,3,6,1,1,52,"P",0,NA,0,"",NA,"Y",NA,1,NA,"3-Mar-09","be5dcd85-c860-4fc2-b3f0-f164856213a4","","","","","A"
"2802","ADJ272000H",1,24,999,1,17,0,2,1,1,0,0,"10-23-2015","12:27:00","1394","N","N","BALTIMORE","UNK",3,0,1,"US","",7.76,"N","BELAIR RD",20,"F","N",2950,"MU","","E NORTH AVE",39.31253581,-76.58459902,1,2,1,"F",10.03,3,NA,3,6,3,1,52,"P",0,NA,0,"",NA,"Y",NA,1,NA,"26-FEB-64","732966e0-cfc4-43ef-8017-a5df7e50eae3","MD","ID","","","A"
"2803","ADJ272000K",1,24,999,1,17,2,2,1,0,0,6.01,"10-27-2015","12:55:00","1258","N","N","BALTIMORE","UNK",3,0,1359,"MU","",0.31,"N","HARFORD AVE",10,"F","N",1180,"MU","","FEDERAL ST",39.30826901,-76.6006279,1,0,1,"F",1,3,NA,3,5,99,1,51,"P",0,NA,0,"",NA,"U",NA,0,NA,"18-JAN-61","c9376ce7-3a1e-406d-b711-447bb2e145d5","","","","","A"
"2804","ADJ272001D",1,24,NA,2,17,2,1,2,1,0,11.88,"06-12-2016","12:50:00","1394","Y","N","BALTIMORE","UNK",3,0,NA,"","",0,"","HARFORD RD",0,"F","W",NA,"","","E NORTH AVE",39.31191324,-76.599437,1,0,1,"M",NA,3,NA,3,5,2,1,51,"P",0,NA,0,"",NA,"N",NA,1,NA,"26-JUN-49","b87bc4fc-56da-4c98-b8cc-c017f879b040","MD","","","",""
"2805","ADJ272001H",3,24,NA,1,17,1,2,1,1,0,7.01,"06-28-2016","22:00:00","3103","N","N","BALTIMORE","UNK",4,0,NA,"","",0,"","N BROADWAY",150,"F","W",NA,"","","E. NORTH AVE",39.31209482,-76.59612447,1,0,1,"M",10.03,3,NA,3,6,1,2,52,"P",0,NA,0,"",NA,"U",NA,1,NA,"28-NOV-92","c39dff59-27fe-46ba-a32b-5111f11ae895","","","","","A"
"2806","ADJ274000V",1,24,999,1,88,2,1,1,1,0,7.01,"11-22-2015","12:47:00","CAD#1378","N","N","BALTIMORE","UNK",3,0,144,"MD","",1.5,"E","FREDERICK RD",50,"F","E",0,"UU","","AUGUSTA AVE",39.28166619,-76.68444157,1,0,1,"F",1,3,NA,3,2,99,1,88,"P",0,NA,0,"",NA,"N",NA,0,NA,"16-FEB-74","b67b6feb-85c4-493c-9d1a-d9a8f44a5f4e","MD","C","","",""
"2807","ADJ275000Y",1,24,NA,2,17,2,1,1,4,0,6.01,"10/3/2016","7:31:00","CAD#0481","Y","N","BALTIMORE","UNK",3,3,NA,"","",0,"","HARFORD ",0,"F","S",NA,"","","32ND ST",39.32710448,-76.58451051,1,0,1,"M",1,2,NA,3,5,3,1,51,"P",0,NA,0,"",NA,"Y",NA,1,NA,"12-Aug-03","9ccab096-5ff9-4614-879f-6e7aac911ed4","","","","","A"