"UNIQUE_ID","REPORT_NO","LIGHT_CODE","COUNTY_NO","MUNI_CODE","JUNCTION_CODE","COLLISION_TYPE_CODE","SURF_COND_CODE","LANE_CODE","RD_COND_CODE","RD_DIV_CODE","FIX_OBJ_CODE","WEATHER_CODE","ACC_DATE","ACC_TIME","LOC_CODE","SIGNAL_FLAG","C_M_ZONE_FLAG","AGENCY_CODE","AREA_CODE","HARM_EVENT_CODE1","HARM_EVENT_CODE2","RTE_NO","ROUTE_TYPE_CODE","RTE_SUFFIX","LOG_MILE","LOGMILE_DIR_FLAG","MAINROAD_NAME","DISTANCE","FEET_MILES_FLAG","DISTANCE_DIR_FLAG","REFERENCE_NO","REFERENCE_TYPE_CODE","REFERENCE_SUFFIX","REFERENCE_ROAD_NAME","LATITUDE","LONGITUDE","drv","occ","ped","SEX_CODE","CONDITION_CODE","INJ_SEVER_CODE","OCC_SEAT_POS_CODE","PED_VISIBLE_CODE","PED_LOCATION_CODE","PED_OBEY_CODE","PED_TYPE_CODE","MOVEMENT_CODE","PERSON_TYPE","ALCOHOL_TEST_CODE","ALCOHOL_TESTTYPE_CODE","DRUG_TEST_CODE","DRUG_TESTRESULT_CODE","BAC_CODE","FAULT_FLAG","EQUIP_PROB_CODE","SAF_EQUIP_CODE","EJECT_CODE","DATE_OF_BIRTH","PERSON_ID","LICENSE_STATE_CODE","CLASS","CDL_FLAG","VEHICLE_ID","EMS_UNIT_LABEL"
"3035","ADJ419000J",1,24,NA,1,88,2,1,1,1,0,6.01,"05-30-2015","14:45:00","CAD#1685","N","N","BALTIMORE","UNK",3,0,NA,"","",NA,"","500 BLK BELVEDERE AVE",100,"F","",NA,"","","5900 BLK CLEARSPRING RD",39.36420653,-76.6080308,1,0,1,"F",99,1,NA,99,4,0,1,88,"P",99,NA,99,"",NA,"",NA,0,NA,"01-JAN-07","d35f661c-478e-4697-b0ab-970059361bbf","","","","",""
"3036","ADJ419001F",3,24,NA,1,88,2,NA,1,1,0,6.01,"10-27-2015","22:30:00","CAD#1182","N","N","BALTIMORE","UNK",3,0,NA,"","",0,"","1400 MONTPELIER ST.",150,"F","E",NA,"","","2800 HOMEWOOD AVE",39.3224962,-76.59951746,1,0,1,"F",0,2,NA,0,1,0,1,56,"P",0,NA,0,"",NA,"N",NA,0,NA,"11-MAY-61","3801b819-a942-4442-ad1a-1cddbb2eeb8d","","","","","A"
"3037","ADJ4240008",3,24,NA,1,17,2,NA,1,1,0,6.01,"02-06-2015","22:35:00","CAD#3396","Y","N","BALTIMORE","UNK",3,0,2965,"MU","",0.9,"N","S HIGHLAND AVE",150,"F","N",NA,"UU","","PRATT ST",39.29034394,-76.5692997,1,0,1,"F",1,3,NA,2,3,2,1,56,"P",0,NA,0,"",NA,"",NA,1,NA,"10-JAN-69","4d3a44b1-f196-473f-b9e8-60e7c8ca45f9","","","","","A"
"3038","ADJ424000H",3,24,NA,10.04,17,1,1,1,1,0,3,"03-14-2015","19:20:00","CAD2233","N","N","BALTIMORE","UNK",3,3,6042,"MU","",0.13,"E","LANCASTER ST",0,"F","E",4250,"MU","","S CAROLINE ST",39.28243021,-76.59732342,1,0,2,"M",1,3,NA,3,10.88,1,1,51,"P",0,NA,0,"",NA,"",NA,1,NA,"02-SEP-98","e325f3d0-57b8-4a0c-9604-f35825014550","","","","",""
"3039","ADJ424000H",3,24,NA,10.04,17,1,1,1,1,0,3,"03-14-2015","19:20:00","CAD2233","N","N","BALTIMORE","UNK",3,3,6042,"MU","",0.13,"E","LANCASTER ST",0,"F","E",4250,"MU","","S CAROLINE ST",39.28243021,-76.59732342,1,0,2,"M",1,3,NA,2,10.88,1,1,51,"P",0,NA,0,"",NA,"",NA,1,NA,"22-MAY-88","3b1cc3c4-c7c9-498b-a1fc-f7abcb694eb8","GA","","","",""
"3040","ADJ424000Y",1,24,999,3,17,2,1,1,1,0,6.01,"10-08-2015","08:00:00","CAD#735","Y","N","BALTIMORE","UNK",3,0,1665,"MU","",2.097,"E","E BALTIMORE ST",25,"F","W",1320,"MU","","LINWOOD AVE",39.29222051,-76.57635927,1,0,1,"F",1,3,NA,3,6,99,1,52,"P",0,NA,0,"",NA,"Y",NA,1,NA,"05-DEC-63","6c78bafd-dae0-4e3a-bcfc-b9c095372493","","","","","A"
"3041","ADJ424002R",1,24,999,1,7,2,2,1,1,0,6.01,"08-31-2016","08:00:00","CAD#0818","N","N","BALTIMORE","UNK",3,0,1680,"MU","",1.32,"W","E FAYETTE ST",NA,"M","E",1445,"MU","","N BROADWAY",39.29402231,-76.59227014,1,0,1,"U",99,1,NA,3,6,1,2,53,"P",0,NA,0,"",NA,"Y",NA,1,NA,"31-AUG-16  00:00:00","d2da07e3-8a04-499c-a612-e92bb3263f0f","","","","",""
"3042","ADJ4240035",1,24,999,2,17,2,2,1,4,0,6.01,"10/28/2016","11:09:00","CAD#1075","Y","N","BALTIMORE","UNK",3,0,438,"MU","",3.07,"N","DUNDALK AVE",0,"F","N",1310,"MU","","HOLABIRD AVE",39.27289497,-76.53132632,1,0,1,"F",1,3,NA,3,6,1,1,52,"P",0,NA,0,"",NA,"Y",NA,0,NA,"29-Dec-65","f8f7f623-b56f-4db6-b44d-5b4a4931cd58","","","","","A"
"3043","ADJ424003H",3,24,999,2,17,2,1,1,4,0,6.01,"2/5/2017","18:20:00","CAD#1945","Y","N","BALTIMORE","UNK",3,0,438,"MU","",3.07,"N","DUNDALK AVE",0,"F","N",1310,"MU","","HOLABIRD AVE",39.27257105,-76.53115869,1,0,1,"M",2,4,NA,2,6,1,1,51,"P",0,NA,0,"",NA,"Y",NA,1,NA,"17-Apr-71","7ed89a3e-17bd-4578-bc14-619de3e1e7d4","","","","","A"
"3044","ADJ424003L",3,24,999,3,17,2,1,1,1,0,6.01,"3/16/2017","21:37:00","CAD#2591","Y","N","BALTIMORE","UNK",3,0,1310,"MU","",1.314,"E","HOLABIRD AVE",20,"F","E",438,"MU","","DUNDALK AVE",39.27259908,-76.53078452,1,1,1,"F",2,3,NA,3,6,1,1,57,"P",0,NA,0,"",NA,"Y",NA,1,NA,"6-Nov-76","59e97d97-3964-44ab-8dc6-a76d827757ab","","","","","A"
"3045","ADJ4290006",1,24,NA,1,3,2,2,1,4,0,6.01,"08-06-2015","17:37:00","CAD#","N","N","BALTIMORE","UNK",4,4,NA,"","",0,"","2600 BLK LIBERTY HEIGHTS AVE",5,"F","S",NA,"","","3300 BLK BURLEITH AVE",39.32038804,-76.6590786,1,1,1,"U",99,1,NA,0,4,1,2,53,"P",0,NA,0,"",NA,"U",NA,99,NA,"06-AUG-15","e10318c0-4893-42f1-abee-002d1ae464f9","","","","",""
"3046","ADJ429001J",3,24,999,2,17,1,1,1,2,0,3,"05-06-2016","21:30:00","CAD-3103","Y","N","BALTIMORE","UNK",1,3,129,"MD","",3.94,"N","PARK HEIGHTS AVE",0,"F","N",0,"UU","","SUMTER AVE",39.34190866,-76.66806936,1,0,1,"F",NA,3,NA,2,5,99,1,51,"P",0,NA,0,"",NA,"N",NA,1,NA,"15-JUL-60","541457f8-47a1-4972-a5c8-fa678b1ac5ad","","","","","A"
"3047","ADJ429001K",1,24,NA,1,17,2,1,1,1,0,6.01,"05-13-2016","19:44:00","CAD-2729","N","N","BALTIMORE","UNK",1,3,NA,"","",0,"","4200 KENSHAW AVE",100,"F","W",NA,"","","6100 OAKLEAF AVE",39.35284175,-76.70301855,1,0,1,"M",1,2,NA,0,6,99,1,52,"P",0,NA,0,"",NA,"U",NA,1,NA,"25-FEB-85","5b6194a6-0c29-4881-ab0a-71fc9e623723","","","","","A"
"3048","ADJ429001P",1,24,NA,2,88,2,1,1,3,0,6.01,"06-01-2016","14:59:00","CAD-1983","N","N","BALTIMORE","UNK",1,3,NA,"","",0,"","3900 N HILTON RD ",0,"F","W",NA,"","","3200 YOSEMITE AVE",39.32980374,-76.66867286,1,0,1,"M",NA,2,NA,3,6,1,1,52,"P",0,NA,0,"",NA,"U",NA,1,NA,"07-SEP-07","3f9d2e09-a616-4556-b4a1-8d94cfdbbd7d","","","","","A"
"3049","ADJ431000V",1,24,999,1,17,2,1,1,4,0,6.01,"06-15-2016","15:00:00","CAD#1775","N","N","BALTIMORE","UNK",3,1,147,"MD","",2.381,"N","HARFORD RD",0,"F","N",0,"UU","","OVERLAND AVE",39.33760009,-76.56990051,1,1,1,"F",NA,3,NA,3,4,1,1,52,"P",0,NA,0,"",NA,"Y",NA,0,NA,"05-DEC-96","7435c6f3-31fa-4171-9b09-3678de87ab1c","","","","","A"
"3050","ADJ431001D",1,24,NA,1,0,2,1,1,1,0,6.01,"10/10/2016","16:55:00","CAD#1908","N","N","BALTIMORE","UNK",3,0,NA,"","",0,"","MORAVIA RD",0,"F","W",NA,"","","SCHLEY AVE",39.33493225,-76.56375289,1,0,1,"M",NA,2,NA,3,6,1,1,52,"P",0,NA,0,"",NA,"Y",NA,0,NA,"20-Oct-04","2f0c803b-00d4-4b76-b906-ab4e094384cb","","","","","A"
"3051","ADJ431001L",5.02,24,NA,1,0,2,NA,1,2,0,6.01,"11/8/2016","16:00:00","CAD#1802","N","N","BALTIMORE","UNK",3,0,NA,"","",0,"","PARK AVE",0,"F","N",NA,"","","MULBERRY ST",39.29362376,-76.61822319,1,0,1,"F",NA,4,NA,99,1,0,1,88,"P",0,NA,0,"",NA,"N",NA,99,NA,"31-Dec-80","ff62b534-c485-48c2-afe5-7a634f28e4f4","","","","",""
"3052","ADJ431001V",6.02,24,NA,2,88,2,1,1,1,0,0,"1/10/2017","7:30:00","CAD#0520","Y","N","BALTIMORE","UNK",3,0,NA,"","",0,"","COLDSPRING LN",0,"F","S",NA,"","","ST GEORGES AVE",39.34538313,-76.60260201,1,0,1,"F",NA,2,NA,1,5,2,1,51,"P",0,NA,0,"",NA,"N",NA,1,NA,"10-May-05","45485e8d-c341-40bd-8a48-b8e31037a6e0","","","","",""
"3053","ADJ4310021",3,24,NA,1,88,2,1,1,1,0,6.01,"2/4/2017","20:30:00","CAD#2419","N","N","BALTIMORE","UNK",3,0,NA,"","",0,"","GLENDALE AVE",0,"F","W",NA,"","","SHADOWLAWN AVE",39.3695378,-76.54335201,1,0,1,"M",NA,4,NA,3,1,0,1,56,"P",0,NA,0,"",NA,"N",NA,0,NA,"19-Sep-52","81593804-94cb-4209-93bc-e84463b5ecfe","","","","","A"
"3054","ADJ434000G",3,24,NA,2,88,1,1,1,3,0,3,"11-30-2015","22:50:00","CAD#2822","Y","N","BALTIMORE","UNK",3,0,NA,"","",0,"","300 E 29TH ST ",0,"F","E",NA,"","","2900 BARCLAY ",39.32343199,-76.61117971,1,0,1,"F",1,2,NA,2,9.05,99,1,51,"P",0,NA,0,"",NA,"U",NA,1,NA,"29-OCT-85","f44fb559-47b8-4767-9e73-d153101c0e59","","","","","A"
"3055","ADJ434000M",3,24,NA,2,88,2,1,1,3,0,0,"01-21-2016","10:50:00","CAD#2822","Y","N","BALTIMORE","UNK",3,0,NA,"","",0,"","300 E. 29TH ",0,"F","U",NA,"","","2900 BARCLAY ",39.32344133,-76.61117569,1,0,1,"F",1,3,NA,2,9.05,99,1,51,"P",0,NA,0,"",NA,"U",NA,1,NA,"29-OCT-85","962191fa-41cd-485f-8caf-6823fa487a6f","","","","","A"
"3056","ADJ434000P",3,24,NA,2,88,0,1,1,3,0,0,"11-30-2015","22:53:00","CAD#2822","Y","N","BALTIMORE","UNK",3,0,NA,"","",0,"","2900 BARCLAY",0,"F","W",NA,"","","300 E 29TH",39.32343199,-76.61119848,1,0,1,"F",1,3,NA,2,5,99,1,51,"P",0,NA,0,"",NA,"U",NA,0,NA,"29-OCT-85","a3d4fd14-cbcc-447c-99c2-3d2f9672f42b","","","","","A"
"3057","ADJ434000S",1,24,NA,1,88,2,2,1,1,0,6.01,"02-04-2016","17:30:00","CAD#2344","N","N","BALTIMORE","UNK",3,0,NA,"","",0,"","400 E. 25TH",0,"F","E",NA,"","","2400 GREENMOUNT ",39.31811692,-76.60975009,1,0,1,"F",NA,2,NA,1,6,1,1,54,"P",0,NA,0,"",NA,"Y",NA,1,NA,"22-JUN-92","d465572f-fdff-4f62-ba5b-8d34ba0eeec3","","","","","A"
"3058","ADJ434001K",1,24,NA,2,88,2,1,1,0,0,0,"10/12/2016","14:00:00","CAD#1549","N","N","BALTIMORE","UNK",3,0,NA,"","",0,"","4100 EDGEHILL ",0,"F","E",NA,"","","1300 W 41ST ",39.33690098,-76.63912833,1,0,1,"F",0,1,NA,1,10.88,1,1,51,"P",0,NA,0,"",NA,"N",NA,1,NA,"7-Nov-85","b6c0419a-3a77-41b8-8e1c-ec25b5f82a20","","","","",""
"3059","ADJ437000C",1,24,NA,2,88,2,1,1,0,0,6.01,"06-26-2015","10:45:00","0885","N","N","BALTIMORE","UNK",3,3,NA,"","",NA,"","2400 BLK ASHTON ST.",0,"F","",NA,"","","500 BLK S. CATHERINE  ST.",39.28086895,-76.65408969,1,0,1,"F",1,1,NA,0,6,99,6,51,"P",0,NA,0,"",NA,"",NA,0,NA,"18-MAY-54","23184990-1c33-4e5b-8603-87a3068dd0ff","","","","","A"
"3060","ADJ437000L",3,24,NA,3,0,2,1,1,2,0,6.01,"07-22-2015","21:00:00","2976","N","N","BALTIMORE","UNK",3,0,NA,"","",0,"","4100 POTTER ST",0,"F","U",NA,"","","400 S. AUGUSTA AVE",39.27808683,-76.68444157,1,0,1,"M",NA,2,NA,2,6,0,1,99,"P",0,NA,0,"",NA,"U",NA,0,NA,"10-NOV-94","06dd203c-2edc-49f3-8cd2-fd7942b635c0","","","","",""
"3061","ADJ440000F",1,24,999,2,88,2,3,1,2,0,6.01,"02-29-2016","09:10:00","CAD#646","Y","N","BALTIMORE","UNK",3,0,2,"MD","",4,"N","LIGHT ST",0,"F","N",1392,"MU","","E PRATT ST",39.2865159,-76.61362857,1,1,1,"M",1,3,NA,1,6,0,2,53,"P",0,NA,0,"",NA,"N",NA,21,NA,"28-DEC-83","529e551c-d76e-4db4-932a-4005d5b17a7c","MD","","","","A"
"3062","ADJ440000G",1,24,0,2,88,1,1,1,2,0,3,"04-07-2016","09:30:00","CAD#0989","Y","N","BALTIMORE","UNK",3,0,2,"MD","",1.095,"S","ST PAUL PL (SB COUPLET)",0,"F","S",0,"UU","","HAMILTON ST",39.29568707,-76.61434472,1,0,1,"F",NA,1,NA,3,5,2,1,51,"P",0,NA,0,"",NA,"N",NA,1,NA,"14-MAR-85","31f3f030-5c12-45cd-af56-ccd26db05cb8","LA","","","",""
"3063","ADJ4400016",3,24,NA,2,17,2,1,1,1,0,0,"12/21/2016","19:15:00","CAD#1973","Y","N","BALTIMORE","UNK",0,0,NA,"","",0,"","DOLPHIN",0,"F","E",NA,"","","DRUD HILL",39.30124046,-76.62748218,1,0,1,"M",1,2,NA,2,6,2,1,54,"P",0,NA,0,"",NA,"U",NA,0,NA,"31-Jan-60","f317ce0d-df48-46d5-b195-3de085c96108","","","","","A"
"3064","ADJ4400018",1,24,NA,2,17,2,1,1,2,0,0,"1/12/2017","14:30:00","CAD#1635","Y","N","BALTIMORE","UNK",0,0,NA,"","",0,"","SOUTH",0,"F","N",NA,"","","E. PRATT",39.28669651,-76.61070228,1,0,1,"M",1,2,NA,3,5,99,1,53,"P",0,NA,0,"",NA,"U",NA,1,NA,"31-Jul-45","db2c46f6-f5f7-489e-8d50-01e2afbd34f3","","","","",""
"3065","ADJ4400019",1,24,NA,2,17,2,1,1,1,0,6.01,"1/19/2017","14:40:00","CAD#1870","Y","N","BALTIMORE","UNK",0,0,NA,"","",0,"","WASHINGTON",0,"F","N",NA,"","","OSTEND",39.28170356,-76.63402677,1,0,1,"M",1,3,NA,0,5,99,1,51,"P",0,NA,0,"",NA,"U",NA,1,NA,"11-Aug-66","b80fffb6-7410-40bb-936d-74682b88d844","","","","",""
"3066","ADJ4410018",1,24,NA,2,2,2,1,1,3,0,6.01,"07-20-2016","07:30:00","CAD#612","Y","N","BALTIMORE","UNK",4,1,NA,"","",0,"","600 W WEST STREET",0,"F","U",NA,"","","1200 RIDGELY STREET ",39.2781242,-76.6262041,1,0,1,"M",1,2,NA,2,88,88,2,53,"P",0,NA,0,"",NA,"N",NA,1,NA,"09-JUN-52  00:00:00","c2091cb8-6daf-42e8-bfe1-ff9b3980d194","","","","","A"
"3067","ADJ441001C",1,24,999,2,11,2,1,1,3,0,0,"07-24-2016","13:03:00","CAD#1335","Y","N","BALTIMORE","UNK",4,4,1552,"MU","",0.855,"E","E FORT AVE",0,"F","E",0,"UU","","WOODALL ST",39.27079777,-76.59885094,1,0,1,"M",1,2,NA,0,8,3,2,51,"P",0,NA,0,"",NA,"Y",NA,1,NA,"10-JAN-96  00:00:00","1aa55e2d-39e5-4d8e-b3c7-0379e8330904","","","","","A"
"3068","ADJ441001P",7.88,24,999,0,17,99,1,1,99,0,99,"12/17/2016","2:30:00","CAD#1040","N","N","BALTIMORE","UNK",1,1,1900,"MU","",0.353,"E","W LAFAYETTE AVE",0,"U","E",0,"UU","","CLAYMONT AVE",39.29789042,-76.66219935,1,0,1,"F",1,2,NA,0,1,0,1,56,"P",0,NA,0,"",NA,"N",NA,0,NA,"1-Oct-72","7951ec14-f687-40e0-84a0-9672ae94436e","","","","",""
"3069","ADJ4450002",3,24,NA,1,11,2,1,1,1,0,6.01,"01-20-2015","18:07:00","2452","N","N","BALTIMORE","UNK",3,3,2160,"MU","",1.516,"N","N ROGERS AVE",1,"M","N",NA,"UU","","LYNVIEW AVE",39.3451674,-76.69299245,1,0,1,"F",1,3,NA,2,5,1,1,52,"P",0,NA,0,"",NA,"",NA,1,NA,"26-OCT-00","56fde41d-e0b0-4b79-ac3c-0be3e6c045e2","","","","","A"
"3070","ADJ4450012",3,24,999,1,0,2,1,1,1,0,7.01,"12-18-2015","17:08:00","CAD 2229","N","N","BALTIMORE","UNK",3,0,6149,"MU","",0.23,"S","PREAKNESS WAY",0,"F","N",2170,"MU","","BELVEDERE AVE",39.35347225,-76.6676724,1,0,1,"M",1,3,NA,2,4,1,1,57,"P",0,NA,0,"",NA,"U",NA,1,NA,"25-MAY-01","c7ad4614-ec29-41e3-bc4e-c9bce377907a","","","","","A"
"3071","ADJ445001F",1,24,999,2,17,2,1,1,4,0,7.01,"01-11-2016","11:15:00","CAD1304","Y","N","BALTIMORE","UNK",3,0,2100,"MU","",1.02,"E","W COLD SPRING LA",0,"F","E",129,"MD","","PARK HEIGHTS AVE",39.33958534,-76.66642383,1,0,1,"F",1,2,NA,3,5,99,1,51,"P",0,NA,0,"",NA,"U",NA,1,NA,"11-MAY-46","22627663-6e1e-4a1f-b83d-d87b5c0eedd1","","","","","A"
"3072","ADJ445001L",1,24,999,1,15,1,1,1,3,0,3,"05-03-2016","07:30:00","CAD#0596","N","N","BALTIMORE","UNK",1,3,2100,"MU","",0.867,"E","W COLD SPRING LA",0,"F","E",0,"UU","","TOWANDA AVE",39.33815605,-76.66991472,1,0,1,"M",1,1,NA,2,3,0,1,53,"P",1,NA,1,"",NA,"N",NA,1,NA,"15-JUL-81","14e6e9ca-1d08-40b1-8712-cf137ab1a667","","","","",""
"3073","ADJ446000G",1,24,NA,1,17,2,2,1,1,0,6.01,"10-19-2015","16:29:00","1770","N","N","BALTIMORE","UNK",3,0,NA,"","",0,"","2300 GREENMOUNT AVE",NA,"F","N",NA,"","","500 E. 23RD ST",39.31569009,-76.60946846,1,0,1,"M",1,2,NA,1,1,1,1,52,"P",0,NA,0,"",NA,"Y",NA,1,NA,"25-APR-07","69de8a9f-705c-4b64-b055-ab55e9eb1672","","","","","A"
"3074","ADJ446000R",1,24,NA,3,3,2,1,1,1,0,6.01,"10-12-2015","10:52:00","1345","Y","N","BALTIMORE","UNK",5,0,NA,"","",0,"","900 GREENMOUNT AVE",NA,"F","S",NA,"","","500 E. MADISON ST",39.30141688,-76.60730124,1,0,1,"M",1,2,NA,1,1,1,2,53,"P",0,NA,0,"",NA,"Y",NA,21,NA,"22-NOV-60","548a980a-b2ae-4e71-acc0-a762f1a0b82c","","","","",""
"3075","ADJ446001L",1,24,NA,1,11,2,1,1,1,0,6.01,"07-06-2016","16:24:00","1971","N","N","BALTIMORE","UNK",4,0,NA,"","",0,"","2000 HARFORD RD",NA,"F","N",NA,"","","2000 N BROADWAY",39.31376433,-76.59843922,1,1,1,"U",NA,1,NA,99,6,1,2,52,"P",0,NA,0,"",NA,"U",NA,99,NA,"06-JUL-16  00:00:00","c1ac7cf3-f1c1-4f8e-b4c2-76340a10e76d","","","","",""
"3076","ADJ4470001",1,24,NA,NA,17,NA,NA,NA,NA,7,8.04,"01-06-2015","16:00:00","CAD 1099","N","N","BALTIMORE","UNK",9,0,NA,"","",NA,"","",NA,"","",NA,"","","",39.37011424,-76.67608649,1,0,1,"U",NA,1,NA,0,14.88,1,88,0,"P",0,NA,0,"",NA,"",NA,0,NA,"06-JAN-15","3f41d0c2-0134-49d0-ad20-c424bd92a9b2","","","","",""
"3077","ADJ447000R",1,24,NA,1,17,2,NA,1,1,0,6.01,"08-07-2015","12:32:00","CAD#1255","N","N","BALTIMORE","UNK",3,0,NA,"","",0,"","2800 LIBERTY HEIGHTS AVE",15,"F","S",NA,"","","3000 DRUID PARK DRIVE",39.32170772,-76.66365981,1,0,1,"F",1,1,NA,1,6,1,1,52,"P",0,NA,0,"",NA,"Y",NA,1,NA,"06-JUN-91","17229350-5b0e-4962-ab56-166cfed0427a","MD","C","","","A"
"3078","ADJ447000S",6.02,24,NA,1,17,2,1,1,2,0,6.01,"07-10-2015","18:25:00","CAD#2499","N","N","BALTIMORE","UNK",3,0,NA,"","",0,"","3200 SPAULDING AVE",15,"F","W",NA,"","","5000 DENMORE AVE",39.34703421,-76.67678118,1,0,1,"M",1,3,NA,1,6,99,1,55,"P",0,NA,0,"",NA,"Y",NA,1,NA,"25-SEP-03","b5cef539-8867-49f2-8a25-a02499822f51","","","","","A"
"3079","ADJ447001B",1,24,0,2,17,2,2,1,3,0,6.01,"11-20-2015","16:05:00","CAD#2160","Y","N","BALTIMORE","UNK",3,0,129,"MD","",3.335,"N","PARK HEIGHTS AVE",0,"F","N",0,"UU","","SHIRLEY AVE",39.33452978,-76.66268885,1,0,1,"F",0,4,NA,1,5,3,1,51,"P",0,NA,0,"",NA,"U",NA,0,NA,"19-FEB-06","d2c0c1b2-f07e-48f6-8d59-09e2345f9288","","","","","A"
"3080","ADJ447001R",1,24,NA,1,17,1,1,1,1,7,3,"02-24-2016","17:30:00","CAD#1904","N","N","BALTIMORE","UNK",9,10,NA,"","",0,"","2900 THORNDALE AVE",0,"F","E",NA,"","","NONE",39.34742831,-76.66640908,1,0,1,"F",0,1,NA,0,88,0,88,88,"P",0,NA,0,"",NA,"N",NA,0,NA,"24-FEB-16","a8e1d2d7-2538-4288-9ab6-4b4fcbb5802a","","","","",""
"3081","ADJ447001W",1,24,999,2,11,2,1,1,1,9,0,"04-08-2016","18:50:00","CAD#2591","Y","N","BALTIMORE","UNK",1,9,2915,"MU","",0.427,"S","HILLSDALE RD",0,"F","S",0,"UU","","RIDGEWOOD RD",39.33663545,-76.69167817,2,0,1,"F",0,1,NA,0,88,0,88,0,"P",0,NA,0,"",NA,"N",NA,0,NA,"08-APR-16","b5e913ed-162b-49c6-8012-a4a1a7006a47","","","","",""
"3082","ADJ447001X",1,24,0,1,17,2,2,1,3,0,6.01,"04-16-2016","19:45:00","CAD#2586","N","N","BALTIMORE","UNK",3,0,129,"MD","",3.335,"N","PARK HEIGHTS AVE",100,"F","S",0,"UU","","SHIRLEY AVE",39.33418125,-76.66231066,1,0,1,"M",99,4,NA,3,6,1,1,52,"P",0,NA,0,"",NA,"Y",NA,1,NA,"18-JAN-76","c69c096d-a41e-408f-b43c-9e325280e617","MD","","","","A"
"3083","ADJ447002M",1,24,NA,1,17,2,1,1,1,0,6.01,"2/27/2017","8:15:00","CAD#0558","N","N","BALTIMORE","UNK",3,0,NA,"","",0,"","3100 TOWANDA AVE",65,"F","N",NA,"","","2300 WICHITA AVE",39.32274697,-76.65814787,1,0,1,"F",5,2,NA,88,3,1,7,56,"P",0,NA,0,"",NA,"U",NA,1,NA,"17-Dec-59","9a8d1aa4-aada-4d34-ad3d-25d9d27c7938","MD","ID","","","A"
"3084","ADJ447002R",1,24,999,1,17,2,2,1,3,0,6.01,"4/10/2017","15:30:00","CAD#1837","N","N","BALTIMORE","UNK",3,0,140,"MD","",2.289,"N","REISTERSTOWN RD",50,"F","N",0,"UU","","BOARMAN AVE",39.33819754,-76.66734517,1,0,1,"M",1,2,NA,2,2,1,1,55,"P",0,NA,0,"",NA,"N",NA,1,NA,"2-Feb-14","811a7429-225a-4dbd-a8a5-ed58b69d6ead","","","","",""
"3085","ADJ447002V",1,24,999,2,11,2,1,1,5.01,11,6.01,"6/2/2017","9:00:00","CAD#0849","Y","N","BALTIMORE","UNK",1,9,129,"MD","",6.742,"N","PARK HEIGHTS AVE",0,"F","N",2810,"MU","","SEVEN MILE LA",39.36810497,-76.70684472,2,1,1,"U",NA,1,NA,0,88,0,88,88,"P",0,NA,0,"",NA,"N",NA,0,NA,"1-Jun-17","bc5b8a58-d4ad-4209-b666-0b98e3a0f9c9","","","","",""
"3086","ADJ447002Y",1,24,999,1,17,2,2,1,3,0,6.01,"6/16/2017","12:50:00","CAD#1281","N","N","BALTIMORE","UNK",3,0,140,"MD","",2.464,"N","REISTERSTOWN RD",85,"F","N",0,"UU","","RIDGEWOOD RD",39.33979223,-76.66979134,1,2,1,"M",1,3,NA,1,6,1,1,52,"P",0,NA,0,"",NA,"Y",NA,0,NA,"23-Dec-06","db9d5830-03de-43d6-9149-d8d62e97d192","","","","","A"
"3087","ADJ4480024",1,24,NA,2,11,2,1,1,1,0,6.01,"10/21/2016","16:59:00","CAD2293","N","N","BALTIMORE","UNK",3,0,NA,"","",0,"","SARATOGA ST",0,"F","E",NA,"","","TYSON ST",39.29293356,-76.61882132,1,0,1,"M",1,2,NA,3,6,88,1,52,"P",0,NA,0,"",NA,"Y",NA,1,NA,"21-Dec-06","3d955526-1b75-4103-be50-5818f31b7ec6","","","","","A"
"3088","ADJ448002D",1,24,999,2,0,2,1,0,0,0,6.01,"1/12/2017","11:20:00","CAD#1094","Y","N","BALTIMORE","UNK",3,3,1681,"MU","",0.466,"W","W FAYETTE ST",0,"F","W",295,"MD","","GREENE ST (SB COUPLET)",39.29030657,-76.62378609,1,0,1,"M",NA,4,NA,99,5,2,1,51,"P",0,NA,0,"",NA,"U",NA,0,NA,"24-Apr-25","7772d739-d244-42be-baec-dccf8978d194","","","","",""
"3089","ADJ448002R",1,24,999,1,0,2,2,1,1,0,6.01,"4/9/2017","9:30:00","CAD#810","N","N","BALTIMORE","UNK",3,3,1900,"MU","",2.246,"E","W LAFAYETTE AVE",0,"U","W",0,"UU","","MADISON AVE",39.3038193,-76.62784159,1,0,1,"F",NA,2,NA,99,6,99,1,54,"P",0,NA,0,"",NA,"U",NA,99,NA,"18-Aug-39","e4b9bfd2-958f-4c04-8266-3da95c50a91f","","","","",""
"3090","ADJ449000H",0,24,NA,1,88,0,1,1,0,0,0,"06-26-2015","16:19:00","CAD#2058","N","N","BALTIMORE","UNK",3,0,372,"MD","",0,"E","WILKENS AVE",100,"F","E",NA,"UU","","BALTIMORE CO/L",39.27324069,-76.67330503,1,0,1,"M",2,3,NA,2,3,0,1,51,"P",0,NA,0,"",NA,"",NA,0,NA,"05-APR-61","5cf6c5fa-4be1-465a-811a-017694517c65","MD","","","","A"
"3091","ADJ4500003",6.02,24,NA,0,17,2,1,1,2,0,6.01,"03-14-2015","20:28:00","32463","Y","N","BALTIMORE","UNK",3,0,1,"US","",8.69,"S","MONROE ST (SB COUPLET)",1,"F","S",1920,"MU","","EDMONDSON AVE",39.29511832,-76.64728694,1,3,1,"M",2,3,NA,1,6,1,1,52,"P",0,NA,0,"",NA,"",NA,0,NA,"17-SEP-66","e37f860e-bd96-40c2-8c19-3ecf84430913","MD","","","","A"