"UNIQUE_ID","REPORT_NO","LIGHT_CODE","COUNTY_NO","MUNI_CODE","JUNCTION_CODE","COLLISION_TYPE_CODE","SURF_COND_CODE","LANE_CODE","RD_COND_CODE","RD_DIV_CODE","FIX_OBJ_CODE","WEATHER_CODE","ACC_DATE","ACC_TIME","LOC_CODE","SIGNAL_FLAG","C_M_ZONE_FLAG","AGENCY_CODE","AREA_CODE","HARM_EVENT_CODE1","HARM_EVENT_CODE2","RTE_NO","ROUTE_TYPE_CODE","RTE_SUFFIX","LOG_MILE","LOGMILE_DIR_FLAG","MAINROAD_NAME","DISTANCE","FEET_MILES_FLAG","DISTANCE_DIR_FLAG","REFERENCE_NO","REFERENCE_TYPE_CODE","REFERENCE_SUFFIX","REFERENCE_ROAD_NAME","LATITUDE","LONGITUDE","drv","occ","ped","SEX_CODE","CONDITION_CODE","INJ_SEVER_CODE","OCC_SEAT_POS_CODE","PED_VISIBLE_CODE","PED_LOCATION_CODE","PED_OBEY_CODE","PED_TYPE_CODE","MOVEMENT_CODE","PERSON_TYPE","ALCOHOL_TEST_CODE","ALCOHOL_TESTTYPE_CODE","DRUG_TEST_CODE","DRUG_TESTRESULT_CODE","BAC_CODE","FAULT_FLAG","EQUIP_PROB_CODE","SAF_EQUIP_CODE","EJECT_CODE","DATE_OF_BIRTH","PERSON_ID","LICENSE_STATE_CODE","CLASS","CDL_FLAG","VEHICLE_ID","EMS_UNIT_LABEL"
"3432","ADJ558001Y",3,24,999,1,17,2,1,1,3,0,7.01,"5/5/2017","23:28:00","CAD#3207","N","N","BALTIMORE","UNK",3,0,2840,"MU","",0.509,"S","HAYWARD AVE",18,"F","S",0,"UU","","NELSON AVE",39.34670545,-76.6838146,1,1,1,"M",NA,3,NA,3,1,1,1,55,"P",0,NA,0,"",NA,"Y",NA,1,NA,"13-Apr-11","03650c16-47ad-454f-9ede-72e0eee5a7f6","","","","","A"
"3433","ADJ559000P",1,24,0,2,11,2,1,1,1,0,6.01,"2/20/2017","12:20:00","CAD1068","Y","N","BALTIMORE","UNK",3,1,1,"US","",7.81,"S","MONROE ST (SB COUPLET)",0,"F","S",0,"UU","","PRESBURY ST",39.30783681,-76.64803796,2,0,1,"M",99,4,NA,2,3,0,1,56,"P",0,NA,0,"",NA,"N",NA,1,NA,"3-Jul-79","fd8fe2e6-5a5d-4618-84b3-e2686381706b","","","","","A"
"3434","ADJ560000S",1,24,999,2,88,2,1,1,2,0,6.01,"03-31-2016","13:53:00","CAD#1597","N","N","BALTIMORE","UNK",3,1,173,"MD","",1.762,"S","PENNINGTON AVE (SB COUPLET)",0,"F","S",0,"UU","","FILBERT ST",39.22532605,-76.58842653,1,0,1,"M",0,2,NA,2,5,3,1,54,"P",0,NA,0,"",NA,"Y",NA,1,NA,"18-MAY-60","2ff420a3-270c-460f-8555-b8e0c2634e83","","","","","A"
"3435","ADJ563000N",1,24,NA,2,11,2,NA,1,1,0,6.01,"02-20-2015","12:45:00","CAD#1107","Y","N","BALTIMORE","UNK",1,3,NA,"MU","",0.53,"N","GREENMOUNT AVE",0,"F","N",NA,"MU","","E PRESTON ST",39.30481553,-76.60817564,2,0,1,"M",99,2,NA,99,3,99,88,99,"P",0,NA,0,"",NA,"",NA,0,NA,"20-FEB-15","ae8214ca-49d7-407e-903a-9a3acf29ffe6","MD","","","","A"
"3436","ADJ563000Q",4,24,999,1,88,2,1,1,2,0,6.01,"07-07-2015","20:50:00","CAD3050","N","N","BALTIMORE","UNK",3,0,4650,"MU","",0,"E","E 25TH ST",0,"F","E",4640,"MU","","W 25TH ST (BACK)",39.31655541,-76.59511328,1,0,1,"M",5,3,NA,3,3,1,1,52,"P",0,NA,0,"",NA,"Y",NA,1,NA,"16-APR-11","e1b546a6-f948-4a9e-afe2-4221d76c0b63","","","","","A"
"3437","ADJ563000V",1,24,999,2,88,2,NA,1,1,0,6.01,"09-22-2015","11:37:00","CAD979","N","N","BALTIMORE","UNK",3,0,4260,"MU","",0.506,"W","E EAGER ST",0,"F","W",0,"UU","","N BOND ST",39.30183511,-76.59643292,1,0,1,"F",1,3,NA,2,5,2,1,51,"P",0,NA,0,"",NA,"N",NA,1,NA,"09-DEC-97","dd89163f-1789-4409-9d5b-e2859476011b","","","","",""
"3438","ADJ563000W",1,24,999,1,88,2,1,1,1,0,6.01,"10-08-2015","10:26:00","1033","N","N","BALTIMORE","UNK",3,0,955,"MU","",0.98,"W","E PRESTON ST",0,"F","E",1025,"MU","","N WOLFE ST",39.30445025,-76.59037381,1,0,1,"M",1,3,NA,3,6,0,1,56,"P",0,NA,0,"",NA,"N",NA,0,NA,"27-MAY-66","cc4bf2f7-b86c-4e89-ae38-7ae3f529b761","MD","","","","A"
"3439","ADJ565000B",1,24,NA,NA,88,NA,NA,NA,NA,0,6.01,"04-10-2015","18:42:00","2139","N","N","BALTIMORE","UNK",3,0,NA,"","",NA,"","",NA,"","",NA,"","","",39.2845063,-76.61641002,1,0,1,"M",2,3,NA,3,88,1,1,88,"P",0,NA,0,"",NA,"",NA,1,NA,"11-MAY-89","02c9db8c-2b54-401a-9cae-5a6a02adb812","","","","",""
"3440","ADJ565000C",1,24,NA,3,88,2,NA,1,2,0,6.01,"04-11-2015","17:47:00","2134","Y","N","BALTIMORE","UNK",3,0,1395,"MU","",0.15,"W","W LOMBARD ST",10,"F","W",1714,"MU","","HOPKINS PL",39.28755804,-76.61766529,1,1,1,"F",1,3,NA,3,5,2,1,51,"P",0,NA,0,"",NA,"",NA,0,NA,"04-JUN-92","340bf779-78b0-40a9-bc1a-99fee835ed67","PA","","","","A"
"3441","ADJ565000T",1,24,999,88,88,2,2,1,4,0,0,"10-31-2015","16:20:00","1958","Y","N","BALTIMORE","UNK",3,0,5875,"MU","",0,"W","CONWAY ST",20,"F","W",2,"MD","","LIGHT ST",39.28436097,-76.61344886,1,0,1,"M",99,2,NA,3,6,3,1,52,"P",99,NA,99,"",NA,"Y",NA,1,NA,"17-JUN-63","db0347b1-8d1f-4b02-9ab5-70a19a810988","","","","","A"
"3442","ADJ5650013",3,24,999,2,88,2,1,1,2,0,6.01,"02-05-2016","19:35:00","CDA#2724","Y","N","BALTIMORE","UNK",3,0,1390,"MU","",1.5,"W","E LOMBARD ST",0,"F","W",2,"MD","","CALVERT ST (NB COUPLET)",39.28778847,-76.61210909,1,1,1,"M",1,2,NA,3,5,3,1,51,"P",0,NA,0,"",NA,"Y",NA,1,NA,"19-MAR-94","7fe746e7-83b7-4f06-b0a5-f45deffcb8c6","MD","","","","A"
"3443","ADJ565001Z",1,24,999,2,2,2,1,1,1,0,6.01,"2/16/2017","14:00:00","CAD#2514","Y","N","BALTIMORE","UNK",4,0,4252,"MU","",0.48,"N","N CAROLINE ST",0,"F","N",1370,"MU","","E MONUMENT ST",39.29825677,-76.597597,1,0,1,"M",1,3,NA,3,88,0,2,53,"P",0,NA,0,"",NA,"N",NA,24.88,NA,"14-Aug-93","988a40f4-2ca7-4116-a8bf-621c439d7f07","ME","","","",""
"3444","ADJ5650025",1,24,999,2,11,1,1,1,5.01,4,3,"5/13/2017","13:03:00","CAD#1257","Y","N","BALTIMORE","UNK",1,3,4210,"MU","",0.627,"S","MCMECHEN ST",0,"F","S",0,"UU","","DIVISION ST",39.30362974,-76.63250998,2,6,4,"M",1,3,NA,3,3,0,1,56,"P",0,NA,0,"",NA,"N",NA,0,NA,"8-May-96","3743573a-0f37-44f6-bff2-9979e3972a84","","","","","E"
"3445","ADJ5650025",1,24,999,2,11,1,1,1,5.01,4,3,"5/13/2017","13:03:00","CAD#1257","Y","N","BALTIMORE","UNK",1,3,4210,"MU","",0.627,"S","MCMECHEN ST",0,"F","S",0,"UU","","DIVISION ST",39.30362974,-76.63250998,2,6,4,"M",1,3,NA,3,3,0,1,56,"P",0,NA,0,"",NA,"N",NA,0,NA,"25-Dec-97","517e60e2-dbda-49f0-9189-48b53919d417","","","","","C"
"3446","ADJ5650025",1,24,999,2,11,1,1,1,5.01,4,3,"5/13/2017","13:03:00","CAD#1257","Y","N","BALTIMORE","UNK",1,3,4210,"MU","",0.627,"S","MCMECHEN ST",0,"F","S",0,"UU","","DIVISION ST",39.30362974,-76.63250998,2,6,4,"M",1,3,NA,3,3,0,1,56,"P",0,NA,0,"",NA,"N",NA,0,NA,"2-Nov-94","f15628d0-5d84-4d36-85a0-27672f831b0b","","","","","E"
"3447","ADJ5650025",1,24,999,2,11,1,1,1,5.01,4,3,"5/13/2017","13:03:00","CAD#1257","Y","N","BALTIMORE","UNK",1,3,4210,"MU","",0.627,"S","MCMECHEN ST",0,"F","S",0,"UU","","DIVISION ST",39.30362974,-76.63250998,2,6,4,"M",1,3,NA,3,3,0,1,56,"P",0,NA,0,"",NA,"N",NA,0,NA,"24-Aug-68","b550c801-6f78-44ce-969b-b53a454250f2","","","","","D"
"3448","ADJ5660001",3,24,NA,1,17,4,1,1,0,0,3,"01-18-2015","23:42:00","2828","N","N","BALTIMORE","UNK",3,0,140,"MD","",4.87,"N","REISTERSTOWN RD",1,"F","N",2825,"MU","","CLARKS LA",39.35776948,-76.70640349,1,0,1,"M",2,2,NA,2,0,1,1,88,"P",0,NA,0,"",NA,"",NA,1,NA,"22-OCT-67","eedf92d8-d3db-42f0-8f71-bcc1048aad84","","","","","A"
"3449","ADJ566000X",1,24,NA,NA,11,NA,NA,NA,NA,2,6.01,"08-17-2015","12:57:00","CAD#1406","N","N","BALTIMORE","UNK",3,1,NA,"","",NA,"","",NA,"","",NA,"","","",39.35725412,-76.70563236,3,3,1,"M",1,2,NA,0,88,0,1,52,"P",0,NA,0,"",NA,"N",NA,1,NA,"02-MAY-65","eec1f9fc-fb0b-4de7-b3b4-f29dc1dbf6e0","","","","","B"
"3450","ADJ566001H",1,24,999,3,0,99,1,99,99,0,6.01,"02-05-2016","16:24:00","CAD#2098","N","U","BALTIMORE","UNK",3,1,2125,"MU","",0.074,"N","GARRISON BLVD",0,"F","N",0,"UU","","WINDSOR AVE",39.3120087,-76.67541325,1,0,1,"M",NA,2,NA,99,9.05,99,1,51,"P",0,NA,0,"",NA,"U",NA,99,NA,"10-MAY-89","1c6296d5-8f74-4a00-9c35-a6e3a9cccb56","","","","",""
"3451","ADJ5660021",1,24,999,1,17,1,1,1,2,0,0,"05-13-2016","08:31:00","CAD#0647","N","N","BALTIMORE","UNK",3,1,2845,"MU","",0.03,"S","ELDORADO AVE",0,"F","N",0,"UU","","ELDORADO AVE (AHEAD)",39.33062013,-76.69105321,1,0,1,"M",NA,3,NA,2,88,1,1,55,"P",0,NA,0,"",NA,"Y",NA,1,NA,"26-APR-11","f8507283-7322-4945-a435-8ef24479c632","","","","","A"
"3452","ADJ566002M",3,24,999,1,17,2,1,1,1,0,6.01,"09-20-2016","19:28:00","CAD#2556","N","N","BALTIMORE","UNK",4,1,2170,"MU","",1.52,"S","BELVEDERE AVE",0,"F","N",0,"UU","","FAIRLAWN AVE",39.34254341,-76.68508932,1,0,1,"M",NA,2,NA,2,1,0,2,52,"P",0,NA,0,"",NA,"U",NA,1,NA,"15-NOV-08  00:00:00","1a45ad21-7052-4d4b-abb5-a5412de0b65c","","","","","A"
"3453","ADJ5660032",3,24,999,3,17,2,1,1,1,0,6.01,"1/18/2017","18:37:00","CAD#2316","Y","N","BALTIMORE","UNK",3,1,140,"MD","",3.5,"N","REISTERSTOWN RD",0,"F","N",2840,"MU","","HAYWARD AVE",39.34493405,-76.68631375,1,0,1,"F",NA,2,NA,0,5,1,1,99,"P",0,NA,0,"",NA,"U",NA,1,NA,"28-Apr-85","32cf86db-67ec-43a7-b12f-0a9f367050e5","","","","","A"
"3454","ADJ5660036",1,24,0,2,17,2,NA,1,1,0,6.01,"2/7/2017","11:17:00","CAD#971","Y","N","BALTIMORE","UNK",3,1,129,"MD","",3.883,"N","PARK HEIGHTS AVE",0,"F","N",0,"UU","","WYLIE AVE",39.34117797,-76.66749604,1,0,2,"F",NA,2,NA,4,9.05,0,1,59,"P",0,NA,0,"",NA,"N",NA,25.88,NA,"6-Sep-81","8377bc94-da36-48fb-8c59-b5eb92477e94","","","","",""
"3455","ADJ5660036",1,24,0,2,17,2,NA,1,1,0,6.01,"2/7/2017","11:17:00","CAD#971","Y","N","BALTIMORE","UNK",3,1,129,"MD","",3.883,"N","PARK HEIGHTS AVE",0,"F","N",0,"UU","","WYLIE AVE",39.34117797,-76.66749604,1,0,2,"M",NA,1,NA,4,9.05,0,1,59,"P",0,NA,0,"",NA,"N",NA,25.88,NA,"14-Oct-66","f7714ec8-499f-46ad-ad40-4bfd4228ab4b","","","","",""
"3456","ADJ566003Q",1,24,999,1,17,2,1,1,1,0,7.01,"6/19/2017","15:07:00","CAD#1672","N","N","BALTIMORE","UNK",3,1,2190,"MU","",1.042,"N","PIMLICO RD",0,"F","N",0,"UU","","OAKLEY AVE",39.34863652,-76.6688633,1,0,1,"M",NA,2,NA,99,6,1,1,52,"P",0,NA,0,"",NA,"U",NA,1,NA,"14-Oct-09","a0bfb99a-6cb3-4c70-b9d9-290b590ba15e","","","","","A"
"3457","ADJ5670001",1,24,NA,2,17,1,2,1,3,0,12.04,"01-26-2015","08:12:00","0530","Y","N","BALTIMORE","UNK",10,3,1,"US","",2.523,"N","FULTON AVE (NB COUPLET)",0,"F","N",6370,"MU","","RAMSAY ST",39.28318799,-76.64496213,1,0,1,"M",1,3,NA,3,10.88,1,1,51,"P",0,NA,0,"",NA,"",NA,1,NA,"29-MAR-83","b8867f99-9eef-46a0-a3f3-e1461b997ecc","MD","I.D.","","",""
"3458","ADJ5670002",1,24,NA,2,17,2,1,1,1,0,6.01,"03-02-2015","17:42:00","2005","Y","N","BALTIMORE","UNK",3,0,43,"MU","",1.26,"N","S MONROE ST",0,"F","N",6142,"MU","","EAGLE ST",39.28098988,-76.64653659,1,0,1,"M",1,2,NA,4,5,3,1,51,"P",0,NA,0,"",NA,"",NA,25.88,NA,"05-OCT-49","67b4ebb9-5f2d-4954-9da4-25b876f030a6","","","","","A"
"3459","ADJ5670008",1,24,NA,1,17,0,1,1,1,0,6.01,"05-20-2015","09:00:00","760","N","N","BALTIMORE","UNK",3,0,NA,"","",NA,"","COLE ST",0,"F","",NA,"","","ST. VINCENT",39.2821873,-76.643098,1,0,1,"F",1,3,NA,1,6,1,1,52,"P",0,NA,0,"",NA,"",NA,0,NA,"16-JUN-99","2c013f8a-74f7-4851-a231-c1ef32fdf3a6","","","","",""
"3460","ADJ567000D",1,24,999,2,17,2,NA,1,88,0,6.01,"07-10-2015","10:54:00","11054","Y","N","BALTIMORE","UNK",4,0,43,"MU","",0.77,"N","S MONROE ST",0,"F","N",1281,"MU","","WASHINGTON BLVD",39.27535235,-76.64217934,1,0,1,"F",1,1,NA,3,9.05,2,2,51,"P",0,NA,0,"",NA,"N",NA,21,NA,"12-JUL-80","e84fef7e-8834-4ece-b50f-135f0236fa2c","MD","C","","",""
"3461","ADJ568000L",3,24,NA,NA,88,NA,NA,NA,NA,99,6.01,"06-06-2015","23:30:00","CAD845","N","N","BALTIMORE","UNK",3,99,NA,"","",NA,"","",NA,"","",NA,"","","",39.31383074,-76.56354904,1,0,1,"F",1,3,NA,2,6,1,1,52,"P",0,NA,0,"",NA,"U",NA,0,NA,"13-OCT-69","1985ba41-d6f5-477b-a9df-0b07f2b936f2","MD","","","",""
"3462","ADJ568000N",1,24,999,0,11,2,2,1,1,0,6.01,"07-20-2015","19:25:00","CAD2608","N","N","BALTIMORE","UNK",4,0,1070,"MU","",1.01,"E","SINCLAIR LA",0,"F","W",2940,"MU","","EDISON HWY",39.3134572,-76.56855941,1,0,1,"M",1,2,NA,2,1,99,2,53,"P",0,NA,0,"",NA,"U",NA,1,NA,"18-APR-04","09922355-355c-4dfd-8a3e-27c31136e7eb","","","","","A"
"3463","ADJ5680017",3,24,999,2,0,2,1,1,4,0,6.01,"04-08-2016","20:33:00","CAD#2942","Y","N","BALTIMORE","UNK",3,0,151,"MD","",2.12,"N","ERDMAN AVE",0,"F","N",1180,"MU","","FEDERAL ST",39.30896425,-76.56207383,1,3,1,"M",1,3,NA,3,9.05,3,1,51,"P",0,NA,0,"",NA,"Y",NA,1,NA,"31-DEC-99","e296dc74-fd08-4da5-9e3c-b53fd1aa8aac","","","","","A"
"3464","ADJ5690002",3,24,NA,NA,17,NA,NA,NA,NA,0,6.01,"01-05-2015","15:42:00","1C13","N","N","BALTIMORE","UNK",3,0,NA,"","",NA,"","",NA,"","",NA,"","","",39.29121165,-76.62104487,1,0,1,"F",NA,1,NA,3,14.88,1,1,88,"P",0,NA,0,"",NA,"",NA,1,NA,"01-DEC-88","9bd83608-3f17-4537-bff8-0c6b57142a0b","MD","","","",""
"3465","ADJ5690005",1,24,NA,0,17,1,2,1,3,0,0,"01-18-2015","14:15:00","1B12","Y","N","BALTIMORE","UNK",3,0,1455,"MU","",0.2,"S","SOUTH ST",0,"U","S",1392,"MU","","E PRATT ST",39.28669858,-76.61072373,1,0,1,"F",1,1,NA,3,5,3,1,51,"P",0,NA,0,"",NA,"",NA,1,NA,"15-SEP-94","dbb61343-2abf-408f-940d-a6ba07812c2b","","","","",""
"3466","ADJ569000K",1,24,NA,3,17,2,3,1,4,0,6.01,"04-15-2015","17:30:00","CAD52183","Y","N","BALTIMORE","UNK",3,0,1383,"MU","",0.326,"N","PRESIDENT ST",0,"F","N",1390,"MU","","E LOMBARD ST",39.28829293,-76.60500526,1,0,1,"F",1,3,NA,4,10.88,0,88,56,"P",0,NA,0,"",NA,"",NA,25.88,NA,"30-AUG-62","2f58566a-3f1a-4a00-a997-747eaee0b4e8","","","","",""
"3467","ADJ569000Y",1,24,999,1,17,2,4,1,2,0,6.01,"08-31-2015","14:56:00","CAD1818","N","N","BALTIMORE","UNK",3,0,1571,"MU","",0.46,"N","S CHARLES ST",0,"F","N",0,"UU","","E REDWOOD ST",39.28837182,-76.61506891,1,0,1,"F",0,3,NA,0,6,0,1,52,"P",0,NA,0,"",NA,"Y",NA,0,NA,"18-MAR-42","742d6adc-fe11-4f93-97aa-11633d045706","","","","",""
"3468","ADJ5690014",3,24,999,3,17,2,2,1,2,0,6.01,"10-15-2015","22:00:00","CAD3070","Y","N","BALTIMORE","UNK",3,0,2,"MD","",4,"N","CALVERT ST (NB COUPLET)",0,"F","N",1392,"MU","","E PRATT ST",39.28424887,-76.61598623,1,0,1,"F",NA,1,NA,1,5,2,1,51,"P",1,NA,1,"",NA,"N",NA,1,NA,"30-NOV-92","a5b36e96-3146-4aff-87df-2a6143c5c5d1","","","","",""
"3469","ADJ569001G",1,24,999,3,17,2,1,1,2,0,6.01,"12-16-2015","12:15:00","CAD1180","Y","N","BALTIMORE","UNK",3,0,1390,"MU","",1.5,"W","E LOMBARD ST",0,"F","W",2,"MD","","CALVERT ST (NB COUPLET)",39.28778847,-76.61223114,1,0,1,"M",1,3,NA,3,5,2,1,51,"P",0,NA,0,"",NA,"N",NA,1,NA,"03-MAR-88","f9f8720b-f532-4b31-89cd-c651eaef938d","","","","","A"
"3470","ADJ569001J",1,24,999,1,17,2,1,1,3,0,6.01,"05-24-2015","14:00:00","CAD1403","N","N","BALTIMORE","UNK",3,0,1875,"MU","",0.14,"S","S CAREY ST",10,"F","S",1395,"MU","","W LOMBARD ST",39.29254019,-76.6095221,1,0,1,"M",1,3,NA,99,6,0,1,57,"P",0,NA,0,"",NA,"U",NA,1,NA,"01-JAN-80","8e3b4941-2e59-4ddb-b305-01584fdb576f","","","","",""
"3471","ADJ569001V",1,24,999,3,17,2,1,1,2,0,6.01,"02-22-2016","13:45:00","CAD1418","Y","N","BALTIMORE","UNK",3,0,1665,"MU","",0.265,"E","E BALTIMORE ST",0,"F","W",0,"UU","","HOLLIDAY ST",39.28977514,-76.6102758,1,0,1,"M",NA,2,NA,2,5,99,1,56,"P",0,NA,0,"",NA,"U",NA,1,NA,"27-OCT-83","5398bc5a-fc68-477d-97e5-e3f96185ac6f","","","","","A"
"3472","ADJ569001W",1,24,999,2,17,2,1,1,3,0,6.01,"02-22-2016","15:30:00","CAD1729","Y","N","BALTIMORE","UNK",3,0,1690,"MU","",0.25,"W","E SARATOGA ST",0,"F","W",1720,"MU","","ST PAUL ST",39.29228694,-76.61408454,1,0,1,"M",1,3,NA,3,5,2,1,51,"P",0,NA,0,"",NA,"N",NA,1,NA,"03-OCT-70","e34eaf14-d312-4486-a223-02264dbdb661","MD","","","","A"
"3473","ADJ5690026",1,24,999,3,17,2,1,1,2,0,6.01,"04-24-2016","13:45:00","CAD#1420","Y","N","BALTIMORE","UNK",3,0,1571,"MU","",0.31,"N","S CHARLES ST",2,"F","N",1391,"MU","","W PRATT ST",39.28653666,-76.61490664,1,0,1,"F",NA,2,NA,3,5,2,1,51,"P",0,NA,0,"",NA,"N",NA,1,NA,"17-APR-53","15fef39a-566d-43ca-917f-a7c2fa6f92d5","TX","","","","A"
"3474","ADJ569002G",1,24,999,3,17,2,3,1,2,0,6.01,"06-06-2016","11:45:00","CAD#1187","Y","N","BALTIMORE","UNK",3,0,1395,"MU","",0.24,"W","W LOMBARD ST",5,"F","W",1700,"MU","","S HOWARD ST",39.28761202,-76.61934704,1,3,1,"M",NA,2,NA,1,5,3,1,51,"P",0,NA,0,"",NA,"Y",NA,1,NA,"26-DEC-38","85c740a6-3f46-41ce-a4a7-73b1364b256a","","","","","A"
"3475","ADJ570000J",1,24,NA,1,7,2,1,0,4,0,0,"06-24-2015","15:05:00","1718","N","N","BALTIMORE","UNK",1,4,140,"MD","",1.4,"N","REISTERSTOWN RD",0,"F","N",NA,"UU","","SUFFOLK AVE",39.3270858,-76.65894985,1,0,1,"M",1,1,NA,2,12.88,0,2,53,"P",0,NA,0,"",NA,"",NA,1,NA,"21-NOV-96","b0f12290-27fa-4968-b469-fd174eb6dbd7","","","","","M"
"3476","ADJ5700016",3,24,NA,2,11,2,NA,1,4,7,6.01,"11-08-2015","20:27:00","CAD 2472","N","N","BALTIMORE","UNK",1,1,NA,"","",0,"","PARK HEIGHTS",0,"F","S",NA,"","","SPRINGHILL AVE ",39.33198216,-76.66077375,3,3,1,"F",NA,1,NA,0,15.88,0,88,88,"P",0,NA,0,"",NA,"N",NA,1,NA,"27-APR-51","911e217f-74ad-4f9d-98c4-91ee3f8be3b2","MD","","","",""
"3477","ADJ570001B",1,24,NA,1,17,2,1,1,4,0,6.01,"12-04-2015","15:20:00","CAD 1680","N","N","BALTIMORE","UNK",1,3,NA,"","",0,"","PARK HEIGHTS",15,"F","N",NA,"","","SPRINGHILL",39.33215643,-76.66076303,1,1,1,"M",0,2,NA,1,6,1,1,55,"P",0,NA,0,"",NA,"Y",NA,1,NA,"03-JAN-04","77126346-f766-4407-b98e-35c0d0f2c818","","","","","A"
"3478","ADJ5700023",1,24,999,2,88,2,NA,1,4,0,6.01,"07-03-2016","17:56:00","CAD 2095","Y","N","BALTIMORE","UNK",1,3,10,"MU","",0.5,"W","WABASH AVE",0,"F","W",2100,"MU","","W COLD SPRING LA",39.33661263,-76.67380795,1,0,1,"M",0,2,NA,1,9.05,99,1,51,"P",0,NA,0,"",NA,"N",NA,1,NA,"23-NOV-65  00:00:00","c77e993b-69be-449f-8d07-ee431c9b2cc3","MD","","","","A"
"3479","ADJ570002F",1,24,999,2,17,2,NA,1,4,0,6.01,"10/9/2016","17:15:00","CAD 1992","Y","N","BALTIMORE","UNK",1,3,26,"MD","",0.91,"E","LIBERTY HEIGHTS AVE",0,"F","E",2925,"MU","","GWYNN OAK AVE",39.3313888,-76.6957511,1,0,1,"F",0,1,NA,2,9.05,99,1,99,"P",0,NA,0,"",NA,"U",NA,0,NA,"25-Jun-66","6eb5cdc4-60e9-4b87-815d-cec98ffbe410","","","","",""
"3480","ADJ5720009",1,24,NA,3,11,2,1,1,4,0,7.01,"03-30-2015","12:00:00","CAD91136","Y","N","BALTIMORE","UNK",3,0,6020,"MU","",0.88,"N","MARTIN LUTHER KING JR BLVD",5,"F","N",1281,"MU","","WASHINGTON BLVD",39.28341636,-76.62642807,1,0,1,"F",1,3,NA,3,9.05,99,1,51,"P",0,NA,0,"",NA,"",NA,0,NA,"11-SEP-89","7a65a667-a866-47cf-93cd-a3228a2a7ade","MD","","","","A"
"3481","ADJ572000K",1,24,NA,2,11,2,1,1,1,0,6.01,"05-22-2015","13:05:00","CAD1226","Y","N","BALTIMORE","UNK",3,0,1281,"MU","",0.74,"W","WASHINGTON BLVD",0,"F","W",NA,"UU","","S CAREY ST",39.28103712,-76.63583994,1,0,1,"F",1,3,NA,3,6,3,1,51,"P",0,NA,0,"",NA,"",NA,0,NA,"10-SEP-78","d2d8ba8e-0b1c-4b59-a52d-10aba47e4dd9","MD","","","","A"
"3482","ADJ572000S",1,24,NA,0,11,2,1,1,2,0,7.01,"06-18-2015","19:35:00","CAD2607","Y","Y","BALTIMORE","UNK",4,0,144,"MD","",0.1,"W","W LOMBARD ST (WB COUPLET)",0,"F","W",1,"US","","MONROE ST (SB COUPLET)",39.28617128,-76.64683834,1,0,1,"M",1,3,NA,3,5,99,2,51,"P",0,NA,0,"",NA,"",NA,1,NA,"11-MAR-98","938c895b-4ac2-456b-a6d4-2ba49830f983","","","","","A"
"3483","ADJ572000W",1,24,999,0,11,2,NA,1,2,0,6.01,"07-07-2015","11:14:00","CAD0978","N","N","BALTIMORE","UNK",3,3,1391,"MU","",0.457,"E","W PRATT ST",0,"F","E",0,"UU","","S CARROLLTON ST",39.2856803,-76.6365172,1,1,1,"F",99,3,NA,1,6,0,1,52,"P",0,NA,0,"",NA,"N",NA,1,NA,"10-FEB-59","e6a3337c-7fbb-46b6-a9ef-906fd26e8b73","","","","","A"
"3484","ADJ572001L",1,24,999,0,11,2,1,1,3,0,6.01,"12-19-2015","11:16:00","CAD1182","Y","N","BALTIMORE","UNK",3,0,43,"MU","",0.77,"N","S MONROE ST",0,"F","N",1281,"MU","","WASHINGTON BLVD",39.27533003,-76.64215788,1,0,1,"M",NA,4,NA,3,5,99,1,51,"P",0,NA,0,"",NA,"U",NA,0,NA,"02-SEP-81","48e7f18e-2a9d-4e2b-9db9-73b0e3ffd7b6","","","","","A"
"3485","ADJ5730010",3,24,999,2,2,1,1,1,4,0,0,"11/19/2016","21:28:00","CAD#2707","N","N","BALTIMORE","UNK",1,1,2170,"MU","",1.345,"S","BELVEDERE AVE",0,"F","S",0,"UU","","ST. CHARLES AVE",39.34423398,-76.68247819,2,0,1,"M",NA,1,NA,0,1,0,1,56,"P",0,NA,0,"",NA,"N",NA,0,NA,"3-Mar-66","6aaad4a0-fb27-4acf-bfc9-65cffcd7982a","MD","C","","",""
"3486","ADJ5730011",5.02,24,999,2,17,2,1,1,4,0,6.01,"11/25/2016","17:37:00","CAD#1731","Y","N","BALTIMORE","UNK",3,0,1022,"MU","",1.91,"N","W NORTHERN PKWY",0,"F","N",129,"MD","","PARK HEIGHTS AVE",39.35245805,-76.68437988,1,0,1,"M",1,4,NA,3,99,99,1,99,"P",0,NA,0,"",NA,"U",NA,1,NA,"13-Apr-36","b6346966-402f-463b-b991-85ac72690efa","MD","C","","",""
"3487","ADJ575000J",1,24,999,2,0,2,2,1,2,0,6.01,"04-01-2016","16:29:00","2138","N","N","BALTIMORE","UNK",1,3,1370,"MU","",0.619,"E","E MONUMENT ST",0,"F","E",0,"UU","","N EDEN ST",39.29817375,-76.59909368,1,0,1,"F",1,2,NA,0,11.05,0,1,88,"P",0,NA,0,"",NA,"N",NA,1,NA,"01-SEP-08","2b0fbf5a-8f82-498c-8e94-7f05a7c63307","","","","","A"