"UNIQUE_ID","REPORT_NO","LIGHT_CODE","COUNTY_NO","MUNI_CODE","JUNCTION_CODE","COLLISION_TYPE_CODE","SURF_COND_CODE","LANE_CODE","RD_COND_CODE","RD_DIV_CODE","FIX_OBJ_CODE","WEATHER_CODE","ACC_DATE","ACC_TIME","LOC_CODE","SIGNAL_FLAG","C_M_ZONE_FLAG","AGENCY_CODE","AREA_CODE","HARM_EVENT_CODE1","HARM_EVENT_CODE2","RTE_NO","ROUTE_TYPE_CODE","RTE_SUFFIX","LOG_MILE","LOGMILE_DIR_FLAG","MAINROAD_NAME","DISTANCE","FEET_MILES_FLAG","DISTANCE_DIR_FLAG","REFERENCE_NO","REFERENCE_TYPE_CODE","REFERENCE_SUFFIX","REFERENCE_ROAD_NAME","LATITUDE","LONGITUDE","drv","occ","ped","SEX_CODE","CONDITION_CODE","INJ_SEVER_CODE","OCC_SEAT_POS_CODE","PED_VISIBLE_CODE","PED_LOCATION_CODE","PED_OBEY_CODE","PED_TYPE_CODE","MOVEMENT_CODE","PERSON_TYPE","ALCOHOL_TEST_CODE","ALCOHOL_TESTTYPE_CODE","DRUG_TEST_CODE","DRUG_TESTRESULT_CODE","BAC_CODE","FAULT_FLAG","EQUIP_PROB_CODE","SAF_EQUIP_CODE","EJECT_CODE","DATE_OF_BIRTH","PERSON_ID","LICENSE_STATE_CODE","CLASS","CDL_FLAG","VEHICLE_ID","EMS_UNIT_LABEL"
"3545","ADJ5980015",1,24,NA,2,88,2,2,1,2,0,6.01,"09-06-2016","17:50:00","CAD#2385","Y","N","BALTIMORE","UNK",1,3,NA,"","",0,"","PARK AVE",0,"F","N",NA,"","","MADSION ST",39.29844773,-76.6184485,1,0,1,"F",NA,1,NA,1,6,3,1,56,"P",0,NA,0,"",NA,"Y",NA,0,NA,"11-FEB-88  00:00:00","afbf870e-026a-4293-bb3e-4243a7fb055d","","","","",""
"3546","ADJ5980016",3,24,NA,2,88,2,3,1,4,0,6.01,"09-07-2016","20:46:00","CAD#2912","Y","N","BALTIMORE","UNK",3,1,NA,"","",0,"","N. HOWARD ST",0,"F","W",NA,"","","W. NORTH AVE",39.31108884,-76.6193115,1,0,1,"F",NA,2,NA,1,5,99,1,51,"P",99,NA,99,"",NA,"N",NA,0,NA,"23-OCT-78  00:00:00","c13ba9b8-a09d-447d-80b7-e940c85bc44c","","","","","A"
"3547","ADJ598001J",3,24,NA,1,11,2,1,1,2,0,6.01,"11/20/2016","19:30:00","CAD#2450","N","N","BALTIMORE","UNK",3,3,NA,"","",0,"","PRIVATE RD",5,"F","S",NA,"","","LOMBARD ST",39.28807911,-76.60552897,1,0,2,"F",NA,2,NA,1,5,1,1,51,"P",0,NA,0,"",NA,"N",NA,0,NA,"11-Aug-94","983f6b2b-0104-4be7-ab91-476fb99c40c4","","","","","A"
"3548","ADJ598001J",3,24,NA,1,11,2,1,1,2,0,6.01,"11/20/2016","19:30:00","CAD#2450","N","N","BALTIMORE","UNK",3,3,NA,"","",0,"","PRIVATE RD",5,"F","S",NA,"","","LOMBARD ST",39.28807911,-76.60552897,1,0,2,"M",NA,2,NA,1,5,1,1,51,"P",0,NA,0,"",NA,"N",NA,0,NA,"8-Aug-90","c26f0fc1-f3d0-4fea-af35-8fba6427dba4","","","","","A"
"3549","ADJ598001T",1,24,NA,2,11,2,5,1,2,0,6.01,"3/28/2017","18:07:00","CAD#2320","Y","N","BALTIMORE","UNK",3,0,NA,"","",0,"","S. CALVERT ST",0,"F","W",NA,"","","E. LOMBARD ST",39.2878082,-76.61211714,1,0,1,"F",NA,3,NA,1,16.05,3,1,51,"P",0,NA,0,"",NA,"Y",NA,1,NA,"15-Feb-93","57f42257-ab18-4919-8778-70b359b1cf1e","","","","","A"
"3550","ADJ598001Y",1,24,999,2,11,2,2,1,88,0,6.01,"4/10/2017","16:50:00","CAD#2116","Y","N","BALTIMORE","UNK",1,3,1790,"MU","",0.57,"E","CENTRE ST",0,"F","E",83,"IS","","JONES FALLS EXPWY",39.29650282,-76.61131248,1,0,1,"M",NA,2,NA,2,5,3,1,51,"P",0,NA,0,"",NA,"Y",NA,1,NA,"12-Nov-92","a467a300-b91c-4e13-a3b6-d6eeee493517","MD","","","","A"
"3551","ADJ598001Z",1,24,NA,1,11,2,3,1,2,0,0,"5/1/2017","9:28:00","CAD#774","Y","N","BALTIMORE","UNK",1,1,NA,"","",0,"","W. PRESTON ST",10,"F","S",NA,"","","MARYLAND AVE",39.30444558,-76.6174829,2,0,1,"F",1,2,NA,1,9.05,2,1,51,"P",0,NA,0,"",NA,"N",NA,1,NA,"8-May-74","cc6d1ac2-4993-465a-82b6-88ec226cc587","MD","C","","",""
"3552","ADJ5980021",1,24,NA,2,11,2,3,1,4,0,0,"5/15/2017","8:54:00","CAD#661","Y","N","BALTIMORE","UNK",4,1,NA,"","",0,"","GUILFORD AVE",0,"F","E",NA,"","","E BIDDLE ST",39.30359515,-76.61172688,1,0,1,"M",NA,2,NA,1,9.05,2,2,51,"P",0,NA,0,"",NA,"N",NA,21,NA,"24-Oct-88","b009a47b-99ca-454d-a996-90e673337f73","","","","",""
"3553","ADJ5980023",1,24,NA,2,88,2,2,1,4,0,0,"6/13/2017","12:45:00","CAD#2350","Y","N","BALTIMORE","UNK",1,3,NA,"","",0,"","W NORTH AVE",0,"F","E",NA,"","","MARYLAND AVE",39.31112775,-76.61786512,1,0,1,"M",NA,2,NA,99,5,99,1,51,"P",0,NA,0,"",NA,"N",NA,0,NA,"1-Nov-82","d706b573-66df-4329-ae8d-b26b88b36311","MD","","","",""
"3554","ADJ5990011",1,24,NA,1,88,2,NA,1,4,0,6.01,"06-23-2015","15:00:00","CAD#1812","N","N","BALTIMORE","UNK",0,3,1440,"MU","",0.19,"N","S BROADWAY",0,"U","N",1230,"MU","","FLEET ST",39.28404956,-76.59320354,1,0,1,"M",1,3,NA,1,88,1,1,52,"P",0,NA,0,"",NA,"",NA,0,NA,"13-MAY-23","77cb3065-11b3-4b29-a15a-2b275521efff","","","","","A"
"3555","ADJ599001K",0,24,NA,NA,88,NA,NA,NA,NA,0,6.01,"10-21-2015","18:30:00","CAD#2527","Y","N","BALTIMORE","UNK",3,0,NA,"","",NA,"","",NA,"","",NA,"","","",39.2929429,-76.59722686,1,0,1,"F",0,1,NA,99,6,99,1,52,"P",0,NA,0,"",NA,"Y",NA,0,NA,"29-OCT-04","7832cae3-b053-4633-a601-cc3f021734e2","","","","",""
"3556","ADJ599001T",1,24,NA,NA,88,NA,NA,NA,NA,0,6.01,"12-03-2015","13:57:00","CAD1564","N","N","BALTIMORE","UNK",1,4,NA,"","",NA,"","",NA,"","",NA,"","","",39.28893232,-76.53675914,1,0,1,"M",NA,1,NA,99,0,0,2,88,"P",0,NA,0,"",NA,"Y",NA,1,NA,"09-APR-96","567e5be2-14ef-4bad-94ab-9e6bd0870051","MD","","","",""
"3557","ADJ6020009",1,24,NA,2,88,2,1,1,2,0,6.01,"03-25-2015","13:10:00","41237","Y","N","BALTIMORE","UNK",3,3,6020,"MU","",1.54,"N","MARTIN LUTHER KING JR BLVD",0,"F","N",1695,"MU","","W SARATOGA ST",39.29272909,-76.62782684,1,0,1,"M",1,3,NA,99,9.05,2,1,51,"P",0,NA,0,"",NA,"",NA,1,NA,"19-MAY-33","957d4c6b-dcb2-46ba-95b5-c0e6e836b1bc","MD","","","","A"
"3558","ADJ602000G",1,24,NA,1,88,2,NA,1,2,0,6.01,"09-14-2015","15:04:00","CAD#1743","N","N","BALTIMORE","UNK",3,3,NA,"","",0,"","SARATOGA",5,"M","E",NA,"","","CALVERT",39.29236167,-76.61256909,1,0,1,"M",1,3,NA,99,99,99,1,0,"P",0,NA,0,"",NA,"U",NA,0,NA,"24-NOV-75","28c8bcc1-71af-4898-8b5e-8d30744d6151","","","","",""
"3559","ADJ602000J",1,24,NA,2,88,2,1,1,2,0,6.01,"08-03-2015","15:15:00","CAD#1838","N","N","BALTIMORE","UNK",3,1,NA,"","",0,"","CALVERT",0,"F","W",NA,"","","FAYETTE",39.29045604,-76.61236525,1,0,1,"F",1,3,NA,99,5,99,1,51,"P",0,NA,0,"",NA,"U",NA,0,NA,"08-DEC-79","b4034b89-d2d6-4552-ba0d-5857aed5172d","","","","",""
"3560","ADJ602000V",99,24,999,2,11,0,1,1,2,0,0,"04-28-2015","11:15:00","CAD#1164","N","N","BALTIMORE","UNK",0,1,1712,"MU","",0.18,"S","LIBERTY ST",0,"F","S",1681,"MU","","W FAYETTE ST",39.29381474,-76.62256435,1,0,1,"F",1,3,NA,4,5,0,1,0,"P",0,NA,0,"",NA,"N",NA,0,NA,"06-FEB-90","67ec647e-b320-4a5c-b91b-068892cc5427","","","","",""
"3561","ADJ602000X",1,24,999,0,88,0,1,1,2,0,0,"10-22-2015","08:41:00","CAD#0617","Y","N","BALTIMORE","UNK",3,0,2,"MD","",4,"N","LIGHT ST",15,"M","S",1392,"MU","","E PRATT ST",39.28652628,-76.61357358,1,0,1,"M",1,3,NA,0,9.05,2,2,51,"P",0,NA,0,"",NA,"N",NA,0,NA,"25-APR-81","0bfa52fc-1a30-4b53-9961-6328a6d4a375","MD","","","",""
"3562","ADJ6020014",1,24,999,1,88,2,1,1,1,0,6.01,"07-28-2016","10:41:00","CAD#1015","N","N","BALTIMORE","UNK",5,1,1695,"MU","",0.375,"W","W SARATOGA ST",5,"M","W",0,"UU","","JASPER ST",39.29284949,-76.62077397,1,0,1,"M",1,3,NA,99,1,1,2,54,"P",0,NA,0,"",NA,"U",NA,1,NA,"19-JUN-72  00:00:00","72ed9bb1-7dbd-4619-a4aa-42ba2bb50059","MD","","","","A"
"3563","ADJ602001D",1,24,999,0,88,2,1,1,2,0,6.01,"11/11/2016","13:52:00","CAD#1394","N","N","BALTIMORE","UNK",3,3,1750,"MU","",0.79,"N","N EUTAW ST",5,"M","S",6020,"MU","","MARTIN LUTHER KING JR BLVD",39.30039674,-76.62211508,1,0,1,"F",NA,2,NA,99,6,1,1,52,"P",0,NA,0,"",NA,"Y",NA,0,NA,"1-Jun-74","cf85572e-daf9-4201-b305-5c1100c1612f","","","","","A"
"3564","ADJ602001R",1,24,NA,0,88,2,1,0,2,0,6.01,"1/8/2017","12:30:00","CAD#864","N","N","BALTIMORE","UNK",3,3,NA,"","",0,"","CHAUNCEY",5,"F","W",NA,"","","BROOKFIELD",39.31521073,-76.63444787,1,0,1,"M",NA,2,NA,2,6,1,1,54,"P",0,NA,0,"",NA,"Y",NA,0,NA,"11-Mar-91","1f5b7284-552c-4382-8d06-4dca6bdeb77f","","","","","A"
"3565","ADJ602001T",1,24,999,1,17,2,2,1,1,0,6.01,"2/14/2017","14:29:00","CAD#1506","N","N","BALTIMORE","UNK",3,3,4005,"MU","",1.481,"S","PENNSYLVANIA AVE",20,"F","N",0,"UU","","W PRESTON ST",39.29799109,-76.62780404,1,0,1,"M",NA,3,NA,2,6,1,1,52,"P",0,NA,0,"",NA,"Y",NA,1,NA,"22-Feb-08","d942acd8-6ee2-44a0-ab47-029d33290d86","","","","",""
"3566","ADJ603000C",0,24,NA,2,0,2,1,1,2,0,6.01,"05-11-2015","20:20:00","CAD#2725","Y","N","BALTIMORE","UNK",3,0,955,"MU","",2.17,"W","E PRESTON ST",0,"F","W",2,"MD","","CALVERT ST (NB COUPLET)",39.30464119,-76.61334157,1,1,1,"M",99,3,NA,2,5,99,1,51,"P",0,NA,0,"",NA,"",NA,0,NA,"03-MAR-82","64e36322-33ba-496c-8fb8-961257d9cf31","MD","","","","A"
"3567","ADJ603000Y",3,24,999,2,88,1,1,1,4,0,3,"03-14-2016","20:35:00","CAD2783","Y","N","BALTIMORE","UNK",3,0,139,"MD","",0,"N","N CHARLES ST",0,"F","N",1,"US","","NORTH AVE",39.31101672,-76.61651194,1,0,1,"M",4,3,NA,99,5,99,1,51,"P",0,NA,0,"",NA,"U",NA,1,NA,"18-MAR-57","7c86a228-18b0-4f62-aae5-861aa0b81afd","MD","","","","A"
"3568","ADJ6030010",1,24,999,0,3,2,1,1,2,0,0,"06-08-2016","08:17:00","CAD 0609","N","N","BALTIMORE","UNK",3,0,1703,"MU","",0.76,"N","N HOWARD ST",0,"F","N",0,"UU","","ARMORY PL",39.30026598,-76.62035823,1,0,1,"M",1,3,NA,2,6,1,1,54,"P",0,NA,99,"U",NA,"Y",NA,0,NA,"01-MAY-79","c5850b23-19d8-4a78-b5c9-2c89422bf6a6","","","","",""
"3569","ADJ6040009",1,24,NA,2,11,2,1,1,1,0,0,"04-04-2015","18:07:00","2306","Y","N","BALTIMORE","UNK",3,1,NA,"","",NA,"","HARFORD AVE",0,"F","",NA,"","","BONAPARTE AVE",39.31419597,-76.59805298,1,0,1,"M",NA,3,NA,3,5,3,2,51,"P",0,NA,0,"",NA,"",NA,1,NA,"21-AUG-99","a5e754f5-4024-4ccf-8730-87ecbfab7e7d","","","","","A"
"3570","ADJ604000P",1,24,NA,1,88,2,1,1,1,0,6.01,"05-19-2015","17:30:00","2113","N","N","BALTIMORE","UNK",3,1,NA,"","",NA,"","E LAFAYETTE AVE",15,"F","",NA,"","","N DURHAM ST",39.31069298,-76.5926671,1,0,1,"F",1,3,NA,3,4,1,1,52,"P",0,NA,0,"",NA,"",NA,0,NA,"04-DEC-04","e6f28277-f4ae-4233-99c6-86cab664b7a3","","","","",""
"3571","ADJ6040014",1,24,NA,2,6,2,1,1,2,0,6.01,"07-17-2015","18:23:00","2369","Y","N","BALTIMORE","UNK",4,1,NA,"","",0,"","700 N. PORT ST",0,"F","S",NA,"","","2400 E. MONUMENT ST",39.29888984,-76.58300847,1,0,1,"F",1,2,NA,1,6,1,2,54,"P",0,NA,0,"",NA,"Y",NA,99,NA,"10-OCT-05","2074d401-3862-45fd-8150-706847193912","","","","","A"
"3572","ADJ604001F",1,24,NA,1,3,2,1,1,1,0,0,"08-21-2015","13:40:00","1475","N","N","BALTIMORE","UNK",1,1,NA,"","",0,"","N BRADFORD ST",50,"F","N",NA,"","","E HOFFMAN ST",39.30632645,-76.58481359,2,1,1,"M",1,3,NA,1,1,0,1,56,"P",0,NA,0,"",NA,"N",NA,1,NA,"03-APR-67","1e8dfc3a-c3e4-43df-b492-4839ba5cfd68","","","","","A"
"3573","ADJ604002C",3,24,NA,1,88,2,1,1,1,0,0,"02-25-2016","19:17:00","2613","N","N","BALTIMORE","UNK",3,1,NA,"","",0,"","HARFORD RD",100,"F","N",NA,"","","N. BROADWAY AVE",39.3145363,-76.59752727,1,0,1,"M",1,3,NA,2,3,1,1,52,"P",0,NA,0,"",NA,"N",NA,1,NA,"25-JAN-64","ea175fce-6502-42fd-9e3b-e25e6ecbb182","","","","","A"
"3574","ADJ606001P",1,24,NA,2,7,2,2,1,0,0,6.01,"4/27/2017","17:27:00","CAD#2471","Y","N","BALTIMORE","UNK",8,1,NA,"","",0,"","001. W. BIDDLE ST. ",0,"F","E",NA,"","","1200 N. CHARLES ST.",39.30340213,-76.61644757,1,0,1,"M",0,1,NA,1,1,0,4,53,"P",0,NA,0,"",NA,"Y",NA,0,NA,"17-Jun-79","2dbef38b-ebea-4ad4-a9de-3bb19d7e579c","","","","",""
"3575","ADJ606001Q",3,24,NA,0,11,2,3,1,1,0,0,"4/27/2017","21:05:00","CAD#3241","Y","N","BALTIMORE","UNK",1,3,NA,"","",0,"","1800 N. CHARLES ST.",0,"U","E",NA,"","","001 W. NORTH AVE",39.31100842,-76.61663532,1,0,1,"F",NA,2,NA,2,9.05,3,1,51,"P",0,NA,0,"",NA,"Y",NA,1,NA,"22-May-53","e09049eb-0ecc-4593-b12a-bd4f54baf0a6","MD","","","",""
"3576","ADJ6060023",0,24,NA,0,3,2,1,0,0,0,7.01,"6/16/2017","18:40:00","CAD#2384","N","N","BALTIMORE","UNK",2,1,NA,"","",0,"","1500 BLK. N. CHARLES ST.",0,"U","W",NA,"","","PENN STATION",39.3070601,-76.61540687,1,0,1,"F",NA,2,NA,1,3,0,1,56,"P",0,NA,0,"",NA,"Y",NA,0,NA,"15-Jan-53","9a9591ce-96f6-401a-9d14-395fd0c1d0b9","","","","","A"
"3577","ADJ607000H",3,24,NA,0,8,2,2,0,4,0,0,"05-15-2015","22:45:00","","N","N","BALTIMORE","UNK",1,3,4161,"MU","",0.96,"N","N WARWICK AVE",50,"F","N",4150,"MU","","WINCHESTER ST",39.3094229,-76.65787697,2,0,1,"M",1,3,NA,1,3,99,1,55,"P",0,NA,0,"",NA,"",NA,0,NA,"28-AUG-01","9e7def90-21e7-4ce7-8ef4-5394c356b0de","","","","","A"
"3578","ADJ607000W",3,24,NA,2,88,2,1,0,1,0,0,"12-31-2015","18:52:00","CAD2210","N","N","BALTIMORE","UNK",1,3,NA,"","",0,"","W. NORTH AVE",0,"F","S",NA,"","","PENNSYLVANIA AVE",39.30999776,-76.64240062,1,0,1,"M",1,3,NA,99,6,99,1,52,"P",0,NA,0,"",NA,"U",NA,1,NA,"25-MAY-87","32b1a536-4d42-4365-b411-2a378342eea1","","","","","A"
"3579","ADJ607001K",3,24,NA,2,88,2,1,1,1,0,0,"12/8/2016","20:22:00","CAD2547","Y","N","BALTIMORE","UNK",1,0,NA,"","",0,"","W. NORTH AVE",0,"F","E",NA,"","","PENNSYLVANIA AVE",39.31006209,-76.64198756,1,0,1,"F",1,2,NA,3,12.88,3,1,99,"P",0,NA,0,"",NA,"Y",NA,0,NA,"15-Jan-61","0015b993-148f-4eeb-b8c5-4f0e7e564fb8","","","","","A"
"3580","ADJ6080035",1,24,999,1,7,1,1,1,1,0,3,"5/11/2017","9:10:00","CAD#0680","N","N","BALTIMORE","UNK",4,1,140,"MD","",1.85,"N","REISTERSTOWN RD",50,"F","S",0,"UU","","KEYWORTH AVE",39.33242613,-76.66288197,2,0,1,"M",NA,2,NA,0,6,0,2,53,"P",0,NA,0,"",NA,"N",NA,1,NA,"28-Dec-79","75f826c5-5822-4591-a1e1-fa410b902b6a","","","","",""
"3581","ADJ6080037",1,24,999,1,7,2,1,1,1,0,6.01,"5/26/2017","9:45:00","CAD#0896","N","N","BALTIMORE","UNK",3,0,2840,"MU","",0.459,"S","HAYWARD AVE",10,"F","S",0,"UU","","CORDELIA AVE",39.34723126,-76.68297574,1,0,1,"M",NA,1,NA,3,6,0,1,52,"P",0,NA,0,"",NA,"Y",NA,0,NA,"25-Jan-62","1800ca5e-efc0-434e-8047-f138abbcae47","MD","C","","",""
"3582","ADJ6090009",7.88,24,NA,2,8,2,NA,1,2,88,99,"06-30-2015","01:00:00","CAD11361","N","N","BALTIMORE","UNK",2,0,NA,"MD","",6.847,"S","DRUID HILL AVE (SB COUPLET)",0,"F","S",NA,"UU","","PRESTON ST (BACK)",39.29925516,-76.62509769,1,0,1,"F",NA,1,NA,0,0,0,88,0,"P",0,NA,0,"",NA,"",NA,0,NA,"11-JUL-66","dcce052d-ee67-4f0a-900c-f23709379dba","MD","","","",""
"3583","ADJ609000L",1,24,999,2,88,2,1,1,4,0,6.01,"02-11-2016","12:00:00","CAD#1226","N","N","BALTIMORE","UNK",4,4,1571,"MU","",0.31,"N","S CHARLES ST",0,"F","N",1392,"MU","","E PRATT ST",39.28540108,-76.61477119,1,0,1,"M",1,3,NA,2,6,1,2,51,"P",0,NA,0,"",NA,"Y",NA,1,NA,"27-JUN-96","ccf4e0ae-6c6e-4160-8083-8c3d23f2e236","","","","","A"
"3584","ADJ609001B",3,24,999,2,88,2,1,1,4,0,6.01,"06-30-2016","21:19:00","CAD#2996","Y","N","BALTIMORE","UNK",3,0,83,"IS","",0,"N","JONES FALLS EXPWY",0,"F","N",1680,"MU","","E FAYETTE ST",39.29073939,-76.6064027,1,0,1,"F",88,4,NA,3,9.05,3,1,51,"P",0,NA,0,"",NA,"Y",NA,1,NA,"02-MAR-58","a3fefc16-ae98-43c6-bc3e-ec02cdb10f1b","MD","","","","A"
"3585","ADJ609001C",1,24,999,3,88,2,2,1,2,0,0,"07-06-2016","18:30:00","CAD#2395","Y","N","BALTIMORE","UNK",3,0,1480,"MU","",0,"E","GAY ST",8,"F","E",1392,"MU","","E PRATT ST",39.28674945,-76.60871342,1,0,1,"F",0,3,NA,1,5,99,1,51,"P",0,NA,0,"",NA,"N",NA,1,NA,"31-MAR-60  00:00:00","d3e5fb7a-18e0-4535-969f-5fd2714b8aa8","","","","","A"
"3586","ADJ609001D",1,24,999,2,11,2,2,1,2,88,6.01,"07-07-2016","18:04:00","CAD 2164","N","N","BALTIMORE","UNK",3,3,295,"MD","",0.43,"S","GREENE ST (SB COUPLET)",0,"F","S",0,"UU","","W REDWOOD ST",39.28853166,-76.62364662,1,0,1,"F",1,2,NA,1,10.88,3,1,0,"P",0,NA,0,"",NA,"Y",NA,1,NA,"06-AUG-81  00:00:00","870688a0-115b-4af9-a9f9-0963cb546372","MD","","","","A"
"3587","ADJ609001G",1,24,999,3,88,2,3,1,2,0,6.01,"07-13-2016","18:30:00","CAD#2504","Y","N","BALTIMORE","UNK",3,0,2,"MD","",4,"N","LIGHT ST",0,"F","N",1392,"MU","","E PRATT ST",39.28635708,-76.61202595,1,0,1,"M",1,2,NA,3,5,2,6,52,"P",0,NA,0,"",NA,"N",NA,1,NA,"31-JAN-42  00:00:00","6fe43f55-5bbf-4d32-878d-1fd8728b0850","","","","",""
"3588","ADJ609001P",1,24,999,2,17,2,1,88,3,0,6.01,"08-14-2016","11:20:00","CAD#1032","Y","N","BALTIMORE","UNK",3,0,1703,"MU","",0.07,"N","N HOWARD ST",0,"F","N",1681,"MU","","W FAYETTE ST",39.29039999,-76.61945835,1,0,1,"F",88,3,NA,1,5,2,1,51,"P",0,NA,0,"",NA,"N",NA,99,NA,"08-FEB-63  00:00:00","cdce90ec-613d-42f6-b084-6b5b029fcdaf","MD","","","",""
"3589","ADJ609001W",1,24,999,1,17,2,4,1,2,0,0,"09-27-2016","13:30:00","CAD#1445","N","N","BALTIMORE","UNK",3,0,1665,"MU","",0.15,"E","E BALTIMORE ST",100,"F","E",2,"MD","","CALVERT ST (NB COUPLET)",39.28963917,-76.61188781,1,0,1,"M",1,3,NA,2,6,88,1,52,"P",0,NA,0,"",NA,"Y",NA,1,NA,"02-NOV-56  00:00:00","74234654-8f48-46a8-8def-494fefba0b40","","","","","A"
"3590","ADJ6090020",1,24,999,2,17,2,2,1,4,0,6.01,"10/6/2016","16:43:00","CAD#2001","Y","N","BALTIMORE","UNK",3,0,1750,"MU","",0.955,"N","N EUTAW ST",0,"F","N",0,"UU","","29TH DIVISION ST",39.3022772,-76.62406169,1,0,1,"F",1,2,NA,2,10.88,1,1,51,"P",0,NA,0,"",NA,"N",NA,1,NA,"2-Jul-65","fa322f25-a68c-4a31-8934-ca388d979270","MD","C","","",""
"3591","ADJ6090027",3,24,999,2,88,2,3,1,2,0,6.01,"11/9/2016","23:07:00","CAD#2941","Y","N","BALTIMORE","UNK",3,0,295,"MD","",3.5,"N","PACA ST (NB COUPLET)",0,"F","N",1695,"MU","","W SARATOGA ST",39.29279656,-76.62251338,1,2,1,"F",1,2,NA,2,5,2,1,51,"P",0,NA,0,"",NA,"N",NA,1,NA,"15-Apr-87","b615f8d6-cd92-4770-be06-f3c08d2887e0","","","","","A"
"3592","ADJ6090028",6.02,24,NA,NA,88,NA,NA,NA,NA,0,0,"11/13/2016","15:52:00","CAD#1586","N","N","BALTIMORE","UNK",3,0,NA,"","",NA,"","",NA,"","",NA,"","","",39.28743971,-76.60685599,1,1,1,"F",1,2,NA,99,88,0,88,99,"P",0,NA,0,"",NA,"Y",NA,88,NA,"15-Jul-15","340dfaa9-ccdc-4126-ad00-61df36b3df3f","","","","",""
"3593","ADJ6090029",5.02,24,999,2,88,2,4,1,1,0,0,"12/2/2016","7:00:00","CAD#455","Y","N","BALTIMORE","UNK",3,0,1680,"MU","",2.07,"W","E FAYETTE ST",0,"F","W",0,"UU","","SPUR FR IS 83",39.2907342,-76.6063115,1,0,1,"F",1,3,NA,2,5,2,1,51,"P",0,NA,0,"",NA,"N",NA,1,NA,"16-Jan-71","9f27b90b-5514-499e-856c-5e0ed0157894","","","","",""
"3594","ADJ6100003",1,24,NA,1,88,1,1,1,2,0,3,"10/21/2016","16:00:00","","N","N","BALTIMORE","UNK",3,0,NA,"","",0,"","MONROE",10,"F","W",NA,"","","WILHELM",39.28370493,-76.64665997,1,0,1,"M",1,3,NA,1,6,1,1,55,"P",0,NA,0,"",NA,"Y",NA,0,NA,"19-Oct-06","143a6ba1-ab44-4d8b-a1ae-feef4713b411","","","","","A"
"3595","ADJ610000C",3,24,NA,0,17,1,1,0,5.01,0,3,"5/19/2017","22:55:00","3485","N","N","BALTIMORE","UNK",3,0,NA,"","",0,"","NORTH AVE",10,"F","N",NA,"","","ASQUITH",39.31177627,-76.60263956,1,0,1,"F",99,2,NA,99,16.05,0,1,63.88,"P",0,NA,0,"",NA,"N",NA,0,NA,"6-Jul-70","0d582431-f025-4cdb-8c28-523382e9ffca","","","","","A"
"3596","ADJ6110015",1,24,NA,NA,3,NA,NA,NA,NA,0,6.01,"07-25-2015","15:56:00","CAD61917","N","N","BALTIMORE","UNK",17,0,NA,"","",NA,"","",NA,"","",NA,"","","",39.33877009,-76.58860087,1,0,1,"M",0,1,NA,0,0,0,88,0,"P",0,NA,0,"",NA,"N",NA,0,NA,"22-DEC-62","8042fa9b-df96-4f05-8903-1e1c60ce013c","","","","",""
"3597","ADJ6110018",0,24,NA,NA,17,NA,NA,NA,NA,0,6.01,"08-01-2015","21:27:00","CAD2883","N","N","BALTIMORE","UNK",9,1,NA,"","",NA,"","",NA,"","",NA,"","","",39.33838839,-76.59369707,1,0,1,"F",0,1,NA,0,0,0,88,0,"P",0,NA,0,"",NA,"N",NA,0,NA,"07-DEC-77","70492964-0164-4469-9b07-c625a3e69948","MD","","","",""
"3598","ADJ611001Q",0,24,999,2,17,2,1,1,2,0,6.01,"09-09-2015","12:25:00","CAD1312","N","N","BALTIMORE","UNK",0,0,1070,"MU","",1.373,"E","SINCLAIR LA",0,"F","E",0,"UU","","SINCLAIR LANE CHURCH OF GOD",39.31460271,-76.56127453,1,0,1,"M",0,1,NA,99,0,99,99,99,"P",0,NA,0,"",NA,"N",NA,99,NA,"01-JAN-15","ca8346b8-b5d4-459c-a8ac-7704279a4c7c","","","","",""
"3599","ADJ6130004",3,24,NA,1,17,4,1,1,1,0,12.04,"02-16-2015","16:45:00","CAD1676","N","N","BALTIMORE","UNK",3,0,NA,"","",NA,"","2300 BELAIR ROAD",25,"F","",NA,"","","ELMELY ",39.31739168,-76.57848358,1,0,1,"F",1,3,NA,3,6,1,1,54,"P",0,NA,0,"",NA,"",NA,0,NA,"22-JUL-86","7322bade-b374-4fd4-bb66-bc998b639cdb","","","","","A"
"3600","ADJ613000H",1,24,NA,NA,17,NA,NA,NA,NA,0,6.01,"09-01-2015","13:10:00","CAD1680","N","N","BALTIMORE","UNK",3,0,NA,"","",NA,"","",NA,"","",NA,"","","",39.33847967,-76.55100703,1,0,1,"M",1,3,NA,1,6,1,1,52,"P",0,NA,0,"",NA,"Y",NA,1,NA,"06-JUN-94","f58b0bee-b32e-428d-935c-81c24fcd46a4","","","","","A"
"3601","ADJ6140001",3,24,999,1,17,2,1,1,1,0,0,"08-15-2015","20:43:00","2731","N","N","BALTIMORE","UNK",3,0,2290,"MU","",0.786,"N","N ATHOL AVE",15,"F","S",0,"UU","","ADELLE TERR",39.28205547,-76.68855473,1,0,1,"M",1,1,NA,1,6,1,1,55,"P",0,NA,0,"",NA,"Y",NA,1,NA,"09-OCT-10","e1d48b85-587f-46fc-a9dd-9205029b4d88","","","","",""