"UNIQUE_ID","REPORT_NO","LIGHT_CODE","COUNTY_NO","MUNI_CODE","JUNCTION_CODE","COLLISION_TYPE_CODE","SURF_COND_CODE","LANE_CODE","RD_COND_CODE","RD_DIV_CODE","FIX_OBJ_CODE","WEATHER_CODE","ACC_DATE","ACC_TIME","LOC_CODE","SIGNAL_FLAG","C_M_ZONE_FLAG","AGENCY_CODE","AREA_CODE","HARM_EVENT_CODE1","HARM_EVENT_CODE2","RTE_NO","ROUTE_TYPE_CODE","RTE_SUFFIX","LOG_MILE","LOGMILE_DIR_FLAG","MAINROAD_NAME","DISTANCE","FEET_MILES_FLAG","DISTANCE_DIR_FLAG","REFERENCE_NO","REFERENCE_TYPE_CODE","REFERENCE_SUFFIX","REFERENCE_ROAD_NAME","LATITUDE","LONGITUDE","drv","occ","ped","SEX_CODE","CONDITION_CODE","INJ_SEVER_CODE","OCC_SEAT_POS_CODE","PED_VISIBLE_CODE","PED_LOCATION_CODE","PED_OBEY_CODE","PED_TYPE_CODE","MOVEMENT_CODE","PERSON_TYPE","ALCOHOL_TEST_CODE","ALCOHOL_TESTTYPE_CODE","DRUG_TEST_CODE","DRUG_TESTRESULT_CODE","BAC_CODE","FAULT_FLAG","EQUIP_PROB_CODE","SAF_EQUIP_CODE","EJECT_CODE","DATE_OF_BIRTH","PERSON_ID","LICENSE_STATE_CODE","CLASS","CDL_FLAG","VEHICLE_ID","EMS_UNIT_LABEL"
"3602","ADJ6140019",1,24,NA,1,88,0,NA,1,2,0,0,"03-04-2016","08:00:00","487","N","N","BALTIMORE","UNK",3,3,NA,"","",0,"","N MORLEY ST",100,"F","E",NA,"","","N HILTON ST",39.28806354,-76.67202428,1,0,1,"M",1,2,NA,88,88,88,1,61,"P",0,NA,0,"",NA,"N",NA,1,NA,"30-MAY-01","b686cc94-a54c-493e-8172-40c1eea52be3","","","","","A"
"3603","ADJ614001C",1,24,NA,2,88,2,NA,1,4,0,0,"03-10-2016","07:30:00","2390","N","N","BALTIMORE","UNK",3,3,NA,"","",0,"","EDMONDSON AVE",0,"F","W",NA,"","","LYNDHURST ST",39.29376077,-76.68137848,1,0,1,"F",1,2,NA,88,10.88,88,1,51,"P",0,NA,0,"",NA,"N",NA,0,NA,"30-MAR-89","2fd0fab1-2e4e-4302-a6b0-9f45e21a1ed5","MD","ID","","","A"
"3604","ADJ6140021",5.02,24,NA,2,88,2,NA,1,4,0,0,"06-17-2016","07:51:00","567","Y","N","BALTIMORE","UNK",3,0,NA,"","",0,"","EDMONDSON AVE",0,"F","W",NA,"","","WILDWOOD PKWY",39.29367566,-76.68408215,1,0,1,"F",1,2,NA,3,5,3,1,51,"P",0,NA,0,"",NA,"U",NA,1,NA,"27-APR-98","a1ec636c-6eb5-41f5-b1f9-db5716ef28e5","","","","","A"
"3605","ADJ6140028",1,24,NA,1,11,2,1,1,3,0,0,"08-02-2016","13:48:00","1545","N","N","BALTIMORE","UNK",3,0,NA,"","",0,"","W BALTIMORE ST",30,"F","E",NA,"","","S ABINGTON ST",39.28586403,-76.67081058,1,0,1,"M",1,3,NA,3,6,1,1,52,"P",0,NA,0,"",NA,"Y",NA,1,NA,"24-NOV-09  00:00:00","067c0aa6-544a-4b9e-97a9-624ebacb55cd","","","","","A"
"3606","ADJ614002F",1,24,NA,3,88,2,1,1,2,0,0,"08-17-2016","18:24:00","2327","N","N","BALTIMORE","UNK",3,0,NA,"","",0,"","W MULBERRY ST",10,"F","E",NA,"","","LYNDHURST ST",39.29167353,-76.6804491,1,0,1,"M",1,4,NA,0,1,1,1,51,"P",0,NA,0,"",NA,"N",NA,1,NA,"21-OCT-88  00:00:00","dd1f9b51-a74b-44b0-ad04-3208f78b2aa2","","","","","A"
"3607","ADJ614002S",1,24,NA,1,17,2,1,1,3,0,6.01,"4/20/2017","16:34:00","2072","N","N","BALTIMORE","UNK",3,0,NA,"","",0,"","WASHINGTON BLVD",60,"F","E",NA,"","","HARMAN AVE",39.2671109,-76.65193051,1,0,1,"M",88,2,NA,88,6,88,1,52,"P",0,NA,0,"",NA,"N",NA,0,NA,"30-May-95","5876432f-3cff-4697-8af5-7e9950c30128","","","","","A"
"3608","ADJ614002V",4,24,NA,2,88,2,1,1,3,0,6.01,"6/6/2017","21:40:00","3205","N","N","BALTIMORE","UNK",3,0,NA,"","",0,"","FREDERICK AVE",0,"F","U",NA,"","","COLLINS AVE",39.2817347,-76.68356985,1,0,1,"M",1,2,NA,3,6,1,1,52,"P",0,NA,0,"",NA,"Y",NA,0,NA,"6-Oct-72","34009314-2ce5-4185-b45a-49ea28ad7853","","","","","A"
"3609","ADJ6180009",1,24,NA,2,88,1,NA,1,1,0,6.01,"02-26-2015","15:30:00","CAD 1471","Y","N","BALTIMORE","UNK",3,0,NA,"","",NA,"","6200 EASTER AVE",0,"F","",NA,"","","400 GUSRYAN ",39.28767118,-76.54095545,1,0,1,"F",1,2,NA,1,9.05,3,1,51,"P",0,NA,0,"",NA,"",NA,0,NA,"03-APR-85","b4ee0f33-3d23-4979-8544-48f38172f827","","","","","A"
"3610","ADJ618000Q",1,24,NA,2,88,0,2,1,0,0,0,"04-26-2015","18:43:00","CAD#2196","N","N","BALTIMORE","UNK",3,0,3040,"MU","",1.036,"E","BOSTON ST",0,"F","E",NA,"UU","","S EAST ST",39.27719507,-76.57096133,1,0,1,"M",1,3,NA,1,1,0,2,53,"P",0,NA,0,"",NA,"",NA,21,NA,"24-AUG-78","a888fe1b-26df-4f43-a583-6e5cb6c8379f","","","","","A"
"3611","ADJ618000X",1,24,NA,1,88,0,NA,1,3,0,6.01,"06-05-2015","13:45:00","CAD1523","N","N","BALTIMORE","UNK",3,0,1340,"MU","",1.82,"E","EASTERN AVE",0,"M","E",2965,"MU","","S HIGHLAND AVE",39.28654081,-76.56868279,1,2,1,"F",NA,2,NA,99,2,88,1,57,"P",99,NA,99,"",NA,"",NA,99,NA,"03-JUN-59","208a7102-d91b-491c-803c-ea040a417fc3","","","","",""
"3612","ADJ6180028",3,24,999,0,88,2,1,1,3,0,6.01,"11-04-2015","19:30:00","CAD#2694","N","N","BALTIMORE","UNK",3,0,1230,"MU","",1.6,"E","FLEET ST",15,"F","W",2960,"MU","","S ELLWOOD AVE",39.28534917,-76.57306552,1,0,1,"M",1,2,NA,2,1,0,2,56,"P",0,NA,0,"",NA,"N",NA,1,NA,"18-JUL-85","f1368206-9ea4-4c45-affa-454b7ae97c53","","","","",""
"3613","ADJ6180033",1,24,999,1,88,2,1,1,2,0,6.01,"07-13-2016","12:30:00","CAD#1387","N","N","BALTIMORE","UNK",3,0,1680,"MU","",0.593,"W","E FAYETTE ST",15,"F","E",0,"UU","","N LUZERNE AVE",39.29419875,-76.58056363,1,0,1,"M",NA,2,NA,99,3,99,1,51,"P",0,NA,0,"",NA,"N",NA,1,NA,"28-DEC-81  00:00:00","222b114e-5f22-4b6c-ae3d-8599fd4b49c1","","","","",""
"3614","ADJ6200006",1,24,NA,2,17,2,1,1,2,0,6.01,"05-12-2015","17:13:00","2107","Y","N","BALTIMORE","UNK",3,0,1665,"MU","",0.33,"E","E BALTIMORE ST",0,"F","E",1480,"MU","","GAY ST",39.2898042,-76.6089642,1,2,1,"F",1,4,NA,3,9.05,2,1,51,"P",0,NA,0,"",NA,"",NA,1,NA,"07-OCT-99","9232bce4-284f-4788-9324-97e7d04906c1","","","","","A"
"3615","ADJ620000B",1,24,NA,2,88,2,NA,1,99,0,6.01,"06-01-2015","14:45:00","1646","N","N","BALTIMORE","UNK",3,0,NA,"","",NA,"","S PACA",0,"F","",NA,"","","W SARATOGA",39.29274362,-76.62254691,1,0,1,"F",1,3,NA,0,9.05,99,1,51,"P",0,NA,0,"",NA,"",NA,1,NA,"21-APR-55","d1261666-3a48-4fc1-aa36-c2911fe7bbbe","","","","",""
"3616","ADJ6200017",1,24,NA,1,17,2,1,1,2,0,6.01,"03-03-2016","16:45:00","2125","N","N","BALTIMORE","UNK",3,0,NA,"","",0,"","700 W FAYETTE ST",0,"M","W",NA,"","","MARTIN LUTHER KING BLVD",39.2901021,-76.62800521,1,1,1,"M",NA,2,NA,0,6,88,1,53,"P",0,NA,99,"U",NA,"Y",NA,1,NA,"29-JUL-95","2820dfd9-4e24-427f-99c9-5b5d7e04f1e8","MD","C","","","A"
"3617","ADJ6220002",99,24,NA,2,17,99,1,99,2,0,99,"01-09-2015","17:30:00","CAD0937","Y","U","BALTIMORE","UNK",3,3,2570,"MU","",0.909,"N","HILLEN RD",0,"F","N",NA,"UU","","WAVEWORTH RD",39.36374306,-76.58288643,1,0,2,"M",99,3,NA,99,10.88,1,1,51,"P",0,NA,0,"",NA,"",NA,99,NA,"02-DEC-90","c2555eae-0def-4284-8a29-04827cc35635","MD","","","",""
"3618","ADJ6220002",99,24,NA,2,17,99,1,99,2,0,99,"01-09-2015","17:30:00","CAD0937","Y","U","BALTIMORE","UNK",3,3,2570,"MU","",0.909,"N","HILLEN RD",0,"F","N",NA,"UU","","WAVEWORTH RD",39.36374306,-76.58288643,1,0,2,"F",99,3,NA,99,10.88,1,1,51,"P",0,NA,0,"",NA,"",NA,99,NA,"07-OCT-90","7c27cf2d-4564-4fed-ac5a-b2e3e78c8dcc","MD","","","",""
"3619","ADJ622000J",1,24,NA,0,0,0,2,0,1,0,7.01,"04-08-2015","16:30:00","CAD1869","N","N","BALTIMORE","UNK",3,0,147,"MD","",4.074,"N","HARFORD RD",50,"F","N",NA,"UU","","ROYSTON AVE",39.35894744,-76.55575991,1,0,1,"F",1,2,NA,1,6,88,1,88,"P",0,NA,0,"",NA,"",NA,0,NA,"05-FEB-93","279e695d-66f9-4500-98a0-a1830e7d5543","","","","","A"
"3620","ADJ6220014",1,24,NA,NA,88,NA,NA,NA,NA,0,6.01,"06-19-2015","19:15:00","CAD2723","N","N","BALTIMORE","UNK",3,0,NA,"","",NA,"","",NA,"","",NA,"","","",39.32115163,-76.56942844,1,0,1,"M",1,3,NA,3,5,99,1,51,"P",0,NA,0,"",NA,"",NA,1,NA,"25-JUN-06","6cf6073e-48f8-44cc-89e4-809120bcc088","","","","",""
"3621","ADJ6220015",1,24,NA,NA,17,NA,NA,NA,NA,0,6.01,"06-21-2015","19:00:00","CAD#2002","N","N","BALTIMORE","UNK",3,0,NA,"","",NA,"","",NA,"","",NA,"","","",39.31974893,-76.54758453,1,0,1,"M",1,2,NA,2,6,1,1,55,"P",0,NA,0,"",NA,"",NA,1,NA,"28-DEC-00","e6f09c93-26c4-4cf3-aaee-12527e6b11f2","","","","",""
"3622","ADJ622001L",1,24,999,3,2,0,2,1,1,0,6.01,"07-24-2015","14:00:00","CAD1637","N","N","BALTIMORE","UNK",1,0,1,"US","",9.305,"N","BELAIR RD",0,"F","S",0,"UU","","EIERMAN AVE",39.3289531,-76.5646863,2,3,1,"M",NA,1,NA,0,3,0,88,0,"P",0,NA,0,"",NA,"U",NA,0,NA,"30-AUG-93","2e4c1653-7615-4af5-b80c-600c4d1ab4aa","MD","C PDL","","",""
"3623","ADJ6220026",1,24,999,1,17,2,NA,1,1,6,6.01,"10-27-2015","15:00:00","CAD1594","N","N","BALTIMORE","UNK",9,9,1100,"MU","",1.334,"N","PARKSIDE DR",40,"F","N",2505,"MU","","HARCOURT RD",39.33279749,-76.57005608,1,0,1,"F",NA,1,NA,0,15.88,0,88,0,"P",0,NA,0,"",NA,"N",NA,0,NA,"07-MAR-65","bf522dff-a0c7-438d-b993-59f8eeda7ba0","","","","",""
"3624","ADJ622002L",1,24,999,2,88,2,1,1,1,0,6.01,"12-21-2015","12:55:00","CAD1244","N","N","BALTIMORE","UNK",3,0,1041,"MU","",1.502,"E","ECHODALE AVE",0,"F","E",0,"UU","","BIDDISON AVE",39.3412262,-76.55608177,1,0,1,"M",1,3,NA,3,6,0,1,59,"P",0,NA,0,"",NA,"N",NA,0,NA,"04-APR-88","b4ecff7a-1467-49a0-8c2e-fa043d96ef9f","MD","C","","","A"
"3625","ADJ622002Y",6.02,24,NA,NA,17,NA,NA,NA,NA,0,6.01,"01-31-2016","18:14:00","CAD2132","N","N","BALTIMORE","UNK",3,0,NA,"","",NA,"","",NA,"","",NA,"","","",39.33741442,-76.55054569,1,0,1,"M",1,3,NA,2,88,1,1,88,"P",0,NA,0,"",NA,"U",NA,1,NA,"18-APR-97","c548ef64-544f-41c7-8769-d2a168c8ca0f","MD","","","",""
"3626","ADJ6220035",99,24,NA,NA,99,NA,NA,NA,NA,0,99,"03-03-2016","23:00:00","CAD1440","N","N","BALTIMORE","UNK",2,0,NA,"","",NA,"","",NA,"","",NA,"","","",39.36954817,-76.5632835,1,0,1,"M",NA,1,NA,0,0,0,88,0,"P",0,NA,0,"",NA,"N",NA,0,NA,"23-SEP-78","694a9c77-8c27-4e6f-b828-9767e0fc31f1","MD","","","",""
"3627","ADJ6220039",99,24,999,0,88,99,NA,1,4,0,99,"03-11-2016","18:15:00","CAD2439","Y","N","BALTIMORE","UNK",2,0,1021,"MU","",4.09,"N","E NORTHERN PKWY",25,"F","S",147,"MD","","HARFORD RD",39.36338119,-76.5522033,1,0,1,"F",NA,1,NA,0,88,0,88,0,"P",0,NA,0,"",NA,"N",NA,0,NA,"25-JUN-81","47259472-6143-4b2d-82f9-a6f6a89ce964","","","","",""
"3628","ADJ622003C",3,24,999,2,88,2,1,1,4,0,6.01,"03-29-2016","19:50:00","CAD2690","Y","N","BALTIMORE","UNK",3,0,697,"MU","",1.4,"E","WALTHER AVE",0,"F","E",0,"UU","","WINTHORPE AVE",39.34702592,-76.55460119,1,0,1,"M",1,2,NA,3,6,1,1,51,"P",0,NA,0,"",NA,"N",NA,1,NA,"12-SEP-02","a81bb70f-f73e-4f31-ad2b-cfa7f75214e8","","","","","A"
"3629","ADJ622003L",1,24,999,1,3,2,NA,1,1,0,6.01,"05-15-2016","16:30:00","CAD#1759","N","N","BALTIMORE","UNK",2,2,1040,"MU","",1.824,"E","E BELVEDERE AVE",50,"F","W",0,"UU","","WELBOURNE RD",39.35857414,-76.58460975,1,0,1,"M",NA,1,NA,2,3,0,88,0,"P",0,NA,0,"",NA,"U",NA,0,NA,"12-FEB-95","05a23b7e-45ac-43b4-94a6-6c017d58583a","MD","ELGB","","",""
"3630","ADJ622004K",1,24,999,2,17,2,3,1,4,0,6.01,"09-21-2016","10:44:00","CAD#1027","Y","N","BALTIMORE","UNK",3,0,40,"US","",10.05,"E","PULASKI HWY",0,"F","E",40,"US","","PULASKI HWY (BALTO CO) (AHEAD)",39.30996248,-76.53044254,1,0,1,"M",9.88,1,NA,2,6,88,1,88,"P",0,NA,0,"",NA,"Y",NA,1,NA,"04-APR-98  00:00:00","25eb480b-7853-4eb5-8871-36f2954aaf4a","MD","ID","","",""
"3631","ADJ622004P",3,24,999,2,88,2,2,1,4,7,6.01,"10/20/2016","0:01:00","CAD#3536","Y","N","BALTIMORE","UNK",16,9,1021,"MU","",4.55,"N","E NORTHERN PKWY",0,"F","N",2375,"MU","","MOYER AVE",39.36077033,-76.54403329,1,0,1,"M",NA,1,NA,0,0,0,88,0,"P",0,NA,0,"",NA,"N",NA,0,NA,"18-Dec-59","7fa1a91e-9e77-4b05-bca0-b747fbae0c10","","","","",""
"3632","ADJ622004Y",3,24,999,1,17,2,1,1,1,0,6.01,"12/16/2016","18:00:00","CAD#1849","N","N","BALTIMORE","UNK",3,0,1,"US","",11.407,"N","BELAIR RD",100,"F","S",0,"UU","","RASPE AVE",39.34917476,-76.53702199,1,0,1,"F",88,2,NA,2,6,1,1,52,"P",99,NA,99,"",NA,"Y",NA,0,NA,"24-Dec-76","0374dc54-87f2-4242-a9e7-5b698760c114","MD","","","",""
"3633","ADJ6220059",1,24,999,2,88,2,1,1,1,0,6.01,"3/16/2017","10:14:00","CAD#702","Y","N","BALTIMORE","UNK",3,0,1031,"MU","",0,"E","RADECKE AVE",0,"F","E",2455,"MU","","FRANKFORD AVE",39.32918858,-76.54160321,1,0,1,"F",1,3,NA,1,6,88,1,52,"P",0,NA,0,"",NA,"N",NA,1,NA,"25-Mar-96","5b2d0b3c-6d8d-4513-95f7-3d436ca0542e","MD","","","","A"
"3634","ADJ622005J",4,24,999,1,88,1,1,1,1,0,7.01,"4/22/2017","23:47:00","CAD#3085","N","N","BALTIMORE","UNK",8,0,1000,"MU","",0,"E","KENWOOD AVE",100,"F","E",1,"US","","BELAIR RD",39.35380098,-76.53088644,1,0,1,"M",1,4,NA,2,4,0,88,52,"P",0,NA,0,"",NA,"N",NA,0,NA,"1-Dec-16","bfd662b7-20fe-4d8a-90a7-f3e346d0a83d","","","","",""
"3635","ADJ622005T",1,24,NA,NA,17,NA,NA,NA,NA,0,6.01,"6/6/2017","19:45:00","CAD#2809","N","N","BALTIMORE","UNK",3,0,NA,"","",NA,"","",NA,"","",NA,"","","",39.34286494,-76.5687418,1,0,1,"F",NA,2,NA,1,5,1,1,51,"P",0,NA,0,"",NA,"N",NA,0,NA,"3-Jun-38","03e85a88-5d11-4eab-963f-f77f9170026d","","","","",""
"3636","ADJ6230001",1,24,NA,99,88,99,NA,99,99,88,6.01,"02-27-2015","16:24:00","CAD#2084","N","U","BALTIMORE","UNK",1,3,1370,"MU","",1.257,"E","E MONUMENT ST",0,"F","E",NA,"UU","","N DUNCAN ST",39.2986636,-76.58721685,1,0,1,"M",NA,3,NA,99,99,99,1,99,"P",0,NA,0,"",NA,"",NA,99,NA,"16-SEP-67","b1dc61c0-39f3-45e6-affd-16431f78bffe","","","","",""
"3637","ADJ6230008",1,24,NA,88,11,1,1,1,88,0,0,"06-18-2015","09:34:00","CAD#695","Y","N","BALTIMORE","UNK",3,0,1383,"MU","",0,"N","PRESIDENT ST",0,"U","N",1230,"MU","","FLEET ST",39.28298868,-76.60146207,1,0,1,"F",NA,1,NA,3,5,0,1,88,"P",0,NA,0,"",NA,"",NA,0,NA,"24-MAY-88","529a80a7-0e14-40b6-80c3-d81c888d2564","MD","C","","",""
"3638","ADJ623000B",99,24,NA,99,88,99,1,99,2,99,99,"06-25-2015","00:35:00","CAD#1533","Y","U","BALTIMORE","UNK",4,0,1680,"MU","",2.429,"W","E FAYETTE ST",0,"U","W",2,"MD","","ST PAUL ST (SB COUPLET)",39.29045188,-76.61393166,1,0,1,"M",0,4,NA,99,6,99,2,53,"P",0,NA,0,"",NA,"",NA,1,NA,"26-DEC-65","d5bc0d34-05c8-4bb8-94cd-411ee35fa3e2","MD","ID","","",""
"3639","ADJ623000L",3,24,999,0,11,2,1,1,1,0,6.01,"09-18-2015","20:21:00","CAD#2860","N","N","BALTIMORE","UNK",4,0,4252,"MU","",0.25,"N","N CAROLINE ST",0,"F","N",40,"US","","ORLEANS ST",39.29457032,-76.59734488,1,0,1,"M",1,3,NA,3,6,1,2,52,"P",0,NA,0,"",NA,"Y",NA,1,NA,"19-SEP-89","18fbf031-6707-4b2c-9d5a-eb5120602a98","","","","",""
"3640","ADJ623000T",3,24,999,2,88,1,1,1,1,0,2,"11-05-2015","23:15:00","CAD#3424","Y","N","BALTIMORE","UNK",3,0,3041,"MU","",0.71,"W","ALICEANNA ST",0,"F","W",1420,"MU","","S CENTRAL AVE",39.28329387,-76.6001451,1,0,1,"F",1,2,NA,2,5,1,1,51,"P",0,NA,0,"",NA,"N",NA,0,NA,"02-FEB-86","bad4d981-9d6f-4a08-94ba-fc1b87c4490a","","","","",""
"3641","ADJ6230015",99,24,999,0,88,99,1,99,99,0,99,"03-02-2016","20:36:00","CAD#2036","N","U","BALTIMORE","UNK",3,0,1515,"MU","",0,"N","N CALVERT ST",0,"U","N",2,"MD","","CALVERT ST (NB COUPLET)",39.29361961,-76.61260128,1,0,1,"F",NA,3,NA,99,9.05,99,1,51,"P",0,NA,0,"",NA,"U",NA,0,NA,"11-MAR-64","4d0e18ba-78de-4bb5-a1a3-12b5fc3f3e5d","","","","",""
"3642","ADJ624000N",1,24,NA,2,88,2,2,1,1,0,0,"04-30-2015","13:30:00","CAD1023","Y","N","BALTIMORE","UNK",3,0,NA,"","",NA,"","BELAIR",0,"F","",NA,"","","ERDMAN",39.32168697,-76.57356977,1,0,1,"F",1,3,NA,1,5,99,1,51,"P",0,NA,0,"",NA,"",NA,0,NA,"02-FEB-38","c5c39c9a-8591-48a9-bbde-1faccc1fc39a","","","","","A"
"3643","ADJ624000Q",3,24,NA,1,88,2,2,1,1,0,6.01,"05-10-2015","22:30:00","CAD2570","N","N","BALTIMORE","UNK",4,0,NA,"","",NA,"","BELAIR RD",50,"F","",NA,"","","ERDMAN AVE",39.32110391,-76.57277852,1,0,1,"M",1,3,NA,3,6,1,2,52,"P",0,NA,0,"",NA,"",NA,1,NA,"25-DEC-92","53228e3e-2b5d-41e2-abd7-38237f105fb9","","","","","A"
"3644","ADJ624000T",6.02,24,NA,1,88,2,1,1,2,0,6.01,"06-05-2015","20:25:00","CAD2917","N","N","BALTIMORE","UNK",3,0,NA,"","",NA,"","KENTUCKY",20,"F","",NA,"","","BELAIR RD",39.32360213,-76.57033235,1,3,1,"F",1,3,NA,1,88,1,1,55,"P",0,NA,0,"",NA,"",NA,0,NA,"20-OCT-09","bf54a45d-f511-4424-b853-2780dbcc11aa","","","","","A"
"3645","ADJ624000X",1,24,NA,1,1,2,1,1,3,0,6.01,"06-26-2015","19:25:00","CAD2723","N","N","BALTIMORE","UNK",3,0,NA,"","",NA,"","BELAIR RD",50,"F","",NA,"","","CHESMONT",39.3367288,-76.55361414,1,0,1,"M",1,3,NA,1,6,1,1,52,"P",0,NA,0,"",NA,"",NA,1,NA,"21-FEB-08","1e43fdff-64fc-45c8-98d6-7d3b5c9f3cf8","","","","","A"
"3646","ADJ6240018",6.02,24,NA,1,1,2,1,1,1,0,0,"08-02-2015","20:00:00","CAD2510","N","N","BALTIMORE","UNK",3,0,NA,"","",0,"","ERDMAN",10,"F","E",NA,"","","E. HOFFMAN",39.30751254,-76.55642912,1,0,1,"M",1,2,NA,3,6,0,88,55,"P",0,NA,0,"",NA,"U",NA,1,NA,"22-JUL-09","f6a58ee3-cac5-488e-8948-ebf51b715856","","","","","A"
"3647","ADJ624001Q",1,24,NA,1,1,2,1,1,2,0,6.01,"09-13-2015","16:00:00","CAD1802","N","N","BALTIMORE","UNK",3,0,NA,"","",0,"","ELMORA",50,"F","W",NA,"","","BELAIR",39.3158561,-76.57956719,1,1,1,"M",1,3,NA,1,88,1,1,52,"P",0,NA,0,"",NA,"U",NA,1,NA,"06-APR-07","57edbffc-781c-463e-85ef-86802f72f99d","","","","",""
"3648","ADJ6240059",1,24,NA,1,7,2,1,1,2,0,0,"5/9/2017","13:47:00","CAD#1379","N","N","BALTIMORE","UNK",1,3,NA,"","",0,"","RAVENWOOD ",100,"F","W",NA,"","","BELAIR",39.31530826,-76.57932311,1,0,1,"M",1,2,NA,3,0,1,88,57,"P",0,NA,0,"",NA,"N",NA,0,NA,"1-Aug-53","b004ac4e-7f7d-4b8a-b422-a40e7652d9f2","","","","",""
"3649","ADJ625002F",1,24,999,1,1,2,2,1,1,8,6.01,"04-19-2016","09:59:00","1766","Y","N","BALTIMORE","UNK",1,9,140,"MD","",4,"N","REISTERSTOWN RD",5,"F","N",0,"UU","","EMMART AVE",39.34983019,-76.69333577,3,2,1,"M",1,3,NA,1,3,0,1,56,"P",0,NA,0,"",NA,"N",NA,1,NA,"18-JUL-77","95da58a1-47fa-4c99-817d-04ee4ffbc74d","MD","C","","",""
"3650","ADJ6250038",3,24,999,1,88,2,2,2,4,0,6.01,"10/25/2016","19:13:00","CAD2672","N","N","BALTIMORE","UNK",3,0,2170,"MU","",1.255,"S","BELVEDERE AVE",0,"U","N",0,"UU","","CORDELIA AVE",39.34537639,-76.68115854,1,0,1,"M",1,2,NA,99,6,1,1,51,"P",0,NA,0,"",NA,"N",NA,1,NA,"25-Jul-02","ffa1cc47-8497-4e3a-9c64-7ef5f6ae967f","","","","",""
"3651","ADJ625003W",1,24,999,1,17,1,2,1,1,0,6.01,"3/15/2017","14:47:00","CAD1243","N","N","BALTIMORE","UNK",3,0,26,"MD","",1.381,"E","LIBERTY HEIGHTS AVE",30,"F","E",2905,"MU","","GRANADA AVE",39.32880164,-76.68722838,1,0,1,"M",1,2,NA,1,6,1,1,52,"P",0,NA,0,"",NA,"Y",NA,1,NA,"7-May-97","850fb04e-6938-4507-9e8a-a001de847f4b","MD","ID","","",""
"3652","ADJ6260003",1,24,NA,2,17,2,1,1,2,0,6.01,"01-22-2015","08:30:00","CAD0544","Y","N","BALTIMORE","UNK",3,0,NA,"","",NA,"","HERMOSA",0,"F","",NA,"","","MORELLO",39.34832021,-76.57039404,1,0,1,"M",NA,3,NA,99,6,1,2,54,"P",0,NA,0,"",NA,"",NA,99,NA,"26-AUG-97","80ce60fa-966e-4faf-be70-9fab6e80697a","","","","","A"
"3653","ADJ6260020",1,24,999,1,88,2,1,1,3,88,6.01,"03-15-2016","17:47:00","CAD2406","N","N","BALTIMORE","UNK",3,0,1180,"MU","",2.15,"E","FEDERAL ST",20,"F","E",151,"MD","","ERDMAN AVE",39.30892482,-76.56535149,1,0,1,"M",NA,3,NA,2,1,1,1,54,"P",0,NA,0,"",NA,"N",NA,1,NA,"14-OCT-99","b1ad167d-7171-4943-b16d-e708400ce76e","","","","","A"
"3654","ADJ6260022",3,24,999,1,17,2,1,1,3,10,6.01,"03-21-2016","21:28:00","CAD2966","N","N","BALTIMORE","UNK",9,0,2935,"MU","",1.111,"E","BOWLEYS LA",10,"F","E",0,"UU","","LORELLY AVE",39.31588722,-76.54756576,1,0,2,"F",NA,1,NA,2,3,1,1,54,"P",0,NA,0,"",NA,"N",NA,1,NA,"08-OCT-66","760eec8b-2e59-4d02-a0aa-d75f0035a6a1","","","","",""
"3655","ADJ6260022",3,24,999,1,17,2,1,1,3,10,6.01,"03-21-2016","21:28:00","CAD2966","N","N","BALTIMORE","UNK",9,0,2935,"MU","",1.111,"E","BOWLEYS LA",10,"F","E",0,"UU","","LORELLY AVE",39.31588722,-76.54756576,1,0,2,"F",NA,1,NA,2,3,1,1,54,"P",0,NA,0,"",NA,"N",NA,1,NA,"21-FEB-61","5ce63beb-6091-41e1-977d-d4851d87689e","","","","",""
"3656","ADJ6270006",4,24,NA,2,17,2,NA,1,1,0,6.01,"04-18-2015","22:45:00","CAD3568","Y","N","BALTIMORE","UNK",4,0,1050,"MU","",0.407,"S","ERDMAN AVE",0,"F","S",NA,"UU","","RICHMOND AVE",39.32456695,-76.57847822,1,0,1,"M",99,2,NA,2,1,1,2,51,"P",0,NA,0,"",NA,"",NA,1,NA,"29-JUL-71","90effd24-0412-4c6d-9e71-115bc0cc55ca","MD","c","","","A"
"3657","ADJ6270016",3,24,999,3,0,2,1,1,1,0,6.01,"11-21-2015","23:30:00","CAD3201","Y","N","BALTIMORE","UNK",3,0,1030,"MU","",0.99,"N","CEDONIA AVE",0,"F","N",2425,"MU","","HAZELWOOD AVE",39.34196467,-76.53204918,1,0,1,"M",0,2,NA,2,6,3,7,51,"P",0,NA,0,"",NA,"Y",NA,1,NA,"11-MAR-90","95bc3417-c50d-4016-8075-b5c7b5c0599b","","","","","A"
"3658","ADJ6270029",1,24,999,1,17,2,2,1,4,0,6.01,"04-15-2016","17:07:00","CAD#2286","N","N","BALTIMORE","UNK",3,0,1070,"MU","",2.54,"E","SINCLAIR LA",200,"F","E",55,"MU","","MORAVIA RD",39.32215072,-76.54767841,1,0,1,"F",NA,3,NA,3,6,1,1,52,"P",0,NA,0,"",NA,"Y",NA,0,NA,"17-JUL-03","063290cc-9f43-418f-865a-88bf1bf6cd28","","","","","A"