"UNIQUE_ID","REPORT_NO","LIGHT_CODE","COUNTY_NO","MUNI_CODE","JUNCTION_CODE","COLLISION_TYPE_CODE","SURF_COND_CODE","LANE_CODE","RD_COND_CODE","RD_DIV_CODE","FIX_OBJ_CODE","WEATHER_CODE","ACC_DATE","ACC_TIME","LOC_CODE","SIGNAL_FLAG","C_M_ZONE_FLAG","AGENCY_CODE","AREA_CODE","HARM_EVENT_CODE1","HARM_EVENT_CODE2","RTE_NO","ROUTE_TYPE_CODE","RTE_SUFFIX","LOG_MILE","LOGMILE_DIR_FLAG","MAINROAD_NAME","DISTANCE","FEET_MILES_FLAG","DISTANCE_DIR_FLAG","REFERENCE_NO","REFERENCE_TYPE_CODE","REFERENCE_SUFFIX","REFERENCE_ROAD_NAME","LATITUDE","LONGITUDE","drv","occ","ped","SEX_CODE","CONDITION_CODE","INJ_SEVER_CODE","OCC_SEAT_POS_CODE","PED_VISIBLE_CODE","PED_LOCATION_CODE","PED_OBEY_CODE","PED_TYPE_CODE","MOVEMENT_CODE","PERSON_TYPE","ALCOHOL_TEST_CODE","ALCOHOL_TESTTYPE_CODE","DRUG_TEST_CODE","DRUG_TESTRESULT_CODE","BAC_CODE","FAULT_FLAG","EQUIP_PROB_CODE","SAF_EQUIP_CODE","EJECT_CODE","DATE_OF_BIRTH","PERSON_ID","LICENSE_STATE_CODE","CLASS","CDL_FLAG","VEHICLE_ID","EMS_UNIT_LABEL"
"3716","ADJ6470025",1,24,999,2,17,2,2,1,4,8,7.01,"06-04-2016","16:24:00","CAD#2160","N","N","BALTIMORE","UNK",9,9,1,"US","",8.6,"N","BELAIR RD",0,"F","N",1050,"MU","","ERDMAN AVE",39.32140581,-76.57353222,1,0,2,"M",99,1,NA,0,0,0,1,0,"P",0,NA,0,"",NA,"N",NA,0,NA,"27-JAN-59","30a9fd9d-cc90-4e06-a8b5-6702cd6a5ebe","","","","","A"
"3717","ADJ647002H",1,24,999,0,17,2,1,1,2,0,6.01,"07-23-2016","18:44:00","CAD#2264","N","N","BALTIMORE","UNK",3,0,1,"US","",8.41,"N","BELAIR RD",200,"F","N",0,"UU","","CLIFTMONT AVE",39.31925923,-76.57474995,1,0,1,"M",99,3,NA,99,88,1,1,55,"P",0,NA,0,"",NA,"Y",NA,1,NA,"27-DEC-10  00:00:00","22d5a12b-96f7-4735-b1e4-60ffee393c0f","","","","",""
"3718","ADJ6470039",1,24,999,2,17,2,1,1,3,0,6.01,"11/23/2016","11:45:00","CAD#1008","Y","N","BALTIMORE","UNK",1,0,1,"US","",8.6,"N","BELAIR RD",0,"F","N",1050,"MU","","ERDMAN AVE",39.32154587,-76.57368109,1,0,1,"F",1,2,NA,3,5,99,1,51,"P",0,NA,0,"",NA,"U",NA,1,NA,"20-Nov-76","e9a57004-eee2-4e06-9ff6-c328d3aefab0","MD","","","","A"
"3719","ADJ647003L",1,24,999,0,17,0,1,1,2,0,2,"1/22/2017","14:30:00","CAD#1501","N","N","BALTIMORE","UNK",1,0,1,"US","",8.006,"N","BELAIR RD",75,"F","N",0,"UU","","RAVENWOOD AVE",39.31530619,-76.57924667,1,0,1,"F",1,2,NA,3,6,1,1,52,"P",0,NA,0,"",NA,"N",NA,1,NA,"6-Oct-62","fc794e07-b805-4a26-8f97-47beced11229","","","","",""
"3720","ADJ647003R",1,24,999,0,8,2,2,1,1,0,6.01,"2/18/2017","11:00:00","CAD#2060","N","N","BALTIMORE","UNK",4,0,1,"US","",7.76,"N","BELAIR RD",50,"F","N",2950,"MU","","E NORTH AVE",39.31303075,-76.58355698,1,0,1,"M",0,1,NA,88,88,0,2,53,"P",0,NA,0,"",NA,"N",NA,0,NA,"12-Nov-81","0b28f17c-3076-4423-a2ec-55ae0ae20679","","","","",""
"3721","ADJ647003T",1,24,999,2,17,2,1,1,3,0,6.01,"3/2/2017","17:35:00","CAD#2209","Y","N","BALTIMORE","UNK",3,0,55,"MU","",1.91,"S","MORAVIA RD",0,"F","S",1070,"MU","","SINCLAIR LA",39.3219785,-76.54861853,1,0,1,"M",1,4,NA,3,9.05,3,1,51,"P",0,NA,0,"",NA,"Y",NA,1,NA,"11-Feb-98","255a3c20-635b-45a4-96eb-f1f5ce3a729c","","","","","A"
"3722","ADJ6480009",1,24,999,0,3,2,2,0,2,0,6.01,"07-11-2015","15:50:00","CAD#1775","N","N","BALTIMORE","UNK",1,1,1354,"MU","",0.581,"W","W FOREST PARK AVE",20,"F","E",0,"UU","","CARLEVIEW RD",39.3225128,-76.69294953,1,0,1,"M",1,1,NA,0,0,1,2,0,"P",0,NA,0,"",NA,"N",NA,1,NA,"11-NOV-84","a89cf0f2-3499-4c55-b22d-eb9006c99c18","MD","","","",""
"3723","ADJ649000H",1,24,NA,2,17,1,1,1,1,99,3,"05-16-2015","18:20:00","2109","Y","N","BALTIMORE","UNK",3,3,NA,"","",NA,"","1700 BLOCK PRESSTMAN ST ",0,"F","",NA,"","","1500 BLOCK FULTON AVE ",39.30528043,-76.64597869,1,0,2,"F",1,3,NA,99,99,99,1,51,"P",0,NA,0,"",NA,"",NA,1,NA,"03-JUN-00","fa868d79-ef22-4371-a529-0de2610e20ea","","","","","A"
"3724","ADJ649000H",1,24,NA,2,17,1,1,1,1,99,3,"05-16-2015","18:20:00","2109","Y","N","BALTIMORE","UNK",3,3,NA,"","",NA,"","1700 BLOCK PRESSTMAN ST ",0,"F","",NA,"","","1500 BLOCK FULTON AVE ",39.30528043,-76.64597869,1,0,2,"F",1,3,NA,99,99,99,1,51,"P",0,NA,0,"",NA,"",NA,1,NA,"08-MAY-00","764d186c-a905-4b82-b992-511287368039","","","","","A"
"3725","ADJ649000T",1,24,NA,2,11,2,1,1,1,99,0,"06-28-2015","19:26:00","CAD#2415","Y","N","BALTIMORE","UNK",3,1,NA,"","",0,"","2300 PENNSLYVANIA AVE ",0,"F","E",NA,"","","600 BAKER ST ",39.30829391,-76.64046407,1,0,1,"M",99,2,NA,99,99,99,1,51,"P",0,NA,0,"",NA,"Y",NA,99,NA,"02-JAN-15","9c29c9a8-f077-48cc-b390-5c57b366e94f","","","","",""
"3726","ADJ649000W",3,24,NA,2,11,2,1,1,1,0,6.01,"06-29-2015","21:00:00","CAD#2936","Y","N","BALTIMORE","UNK",3,1,NA,"","",0,"","2500 EDMONSON AVE",0,"F","E",NA,"","","600 WARWICK AVE ",39.29471147,-76.65634274,1,0,1,"M",99,2,NA,99,12.88,99,2,51,"P",0,NA,0,"",NA,"Y",NA,0,NA,"02-JAN-00","efc1d790-290d-4b54-8671-cde0db6c8020","MD","","","",""
"3727","ADJ6490012",1,24,NA,2,11,2,1,1,0,0,6.01,"08-09-2015","14:30:00","CAD#1244","N","N","BALTIMORE","UNK",3,1,NA,"","",0,"","2600 EDMONSON AVE",0,"F","E",NA,"","","500 ASHBURTON AVE ",39.29446238,-76.66137457,1,0,1,"M",1,2,NA,0,99,1,1,51,"P",0,NA,0,"",NA,"N",NA,0,NA,"24-MAY-54","fd00e74d-8a13-4117-9713-47d8e4062dd7","","","","","A"
"3728","ADJ649001D",1,24,NA,2,2,2,1,1,1,0,6.01,"10-12-2015","10:15:00","CAD#892","Y","N","BALTIMORE","UNK",3,1,NA,"","",0,"","2800 EDMONSON AVE",0,"F","U",NA,"","","600 POPLAR GROVE",39.29435444,-76.6648078,1,0,1,"M",2,2,NA,99,9.05,99,1,51,"P",0,NA,0,"",NA,"U",NA,1,NA,"03-JUN-45","f3bd91e7-1244-420e-8540-3676dd703101","MD","","","","A"
"3729","ADJ649001Q",3,24,NA,2,11,2,1,1,0,0,6.01,"02-07-2016","22:23:00","CAD#2459","Y","N","BALTIMORE","UNK",3,88,NA,"","",0,"","1800 N. FULTON AVE",0,"F","U",NA,"","","1700 W. NORTH AVE ",39.30985456,-76.64641857,1,0,1,"F",99,2,NA,99,1,3,1,51,"P",0,NA,99,"A",NA,"Y",NA,1,NA,"15-NOV-74","06ed34d6-8b02-43ce-b287-d04a4af36702","","","","","A"
"3730","ADJ649001W",1,24,NA,1,17,2,1,1,1,0,6.01,"04-22-2016","17:30:00","CAD2569","N","N","BALTIMORE","UNK",3,0,NA,"","",0,"","FRANCIS",10,"F","N",NA,"","","RETREAT",39.31300896,-76.64234161,1,0,1,"M",NA,3,NA,1,88,1,1,52,"P",0,NA,0,"",NA,"Y",NA,0,NA,"23-MAY-11","7a9f55ca-f894-456f-b481-0745731850b0","","","","","A"
"3731","ADJ6490032",3,24,NA,3,88,2,1,1,4,0,6.01,"3/8/2017","23:50:00","CAD#3301","Y","N","BALTIMORE","UNK",1,1,NA,"","",0,"","1700 W. NORTH AVE",10,"F","E",NA,"","","1900 N. FULTON AVE ",39.30986598,-76.64636895,2,1,1,"F",99,2,NA,2,2,0,1,56,"P",0,NA,0,"",NA,"N",NA,1,NA,"20-Aug-60","bd917c5c-c14d-42e1-a9f5-2066682fe321","","","","","B"
"3732","ADJ6490035",1,24,NA,3,11,2,2,1,1,0,6.01,"4/13/2017","9:17:00","740","Y","N","BALTIMORE","UNK",3,1,NA,"","",0,"","1500 W. NORTH AVE",10,"F","E",NA,"","","2400 PENNSYLVANIA AVE ",39.31004549,-76.64214849,1,0,1,"M",99,4,NA,2,6,3,1,51,"P",0,NA,0,"",NA,"U",NA,1,NA,"14-Oct-58","5bf43e16-ad7d-4904-adc8-570eac422116","","","","","A"
"3733","ADJ649003H",1,24,NA,1,88,2,2,1,1,0,6.01,"6/16/2017","8:00:00","CAD#610","N","N","BALTIMORE","UNK",1,3,NA,"","",0,"","1300 W. NORTH AVE",10,"F","E",NA,"","","2200 DIVISON ST ",39.31014614,-76.63973317,1,0,1,"M",1,3,NA,3,1,1,2,53,"P",0,NA,0,"",NA,"N",NA,1,NA,"16-Jun-50","27f67fdf-0468-44bb-a7cb-a868509dc39f","MD","C","","","A"
"3734","ADJ650001J",1,24,NA,1,11,2,NA,0,1,0,6.01,"08-07-2016","20:00:00","CAD#2426","N","N","BALTIMORE","UNK",3,0,NA,"","",0,"","ELRINO ST",20,"F","E",NA,"","","BANK ST",39.28982393,-76.54248968,1,1,1,"M",1,2,NA,3,6,1,1,55,"P",0,NA,0,"",NA,"Y",NA,1,NA,"17-MAY-03  00:00:00","db2820e8-a45d-44a9-8afd-4c097f70c3d8","","","","","A"
"3735","ADJ650001S",1,24,NA,1,88,1,1,1,3,0,0,"1/14/2017","15:56:00","CAD#1626","N","N","BALTIMORE","UNK",3,0,NA,"","",0,"","E FAYETTE ST",20,"F","E",NA,"","","KENWOOD AVE",39.29456409,-76.57756358,1,0,1,"F",1,3,NA,3,6,0,1,52,"P",0,NA,0,"",NA,"U",NA,1,NA,"29-Jun-07","73cb3a46-c218-4903-836f-8d0c29830431","","","","","A"
"3736","ADJ6500023",1,24,999,0,17,2,2,0,3,0,6.01,"6/3/2017","13:22:00","CAD#1354","N","N","BALTIMORE","UNK",3,0,40,"US","",7.216,"E","ORLEANS ST",5,"F","W",0,"UU","","N KENWOOD AVE",39.29576906,-76.57784656,1,0,1,"M",1,3,NA,3,6,1,1,53,"P",0,NA,0,"",NA,"Y",NA,1,NA,"20-Apr-03","7c0e5b1f-aa3d-420e-827a-1483621fda3a","","","","","A"
"3737","ADJ653000M",3,24,NA,2,88,88,NA,1,3,88,88,"04-07-2015","21:56:00","CAD02964","Y","N","BALTIMORE","UNK",1,3,1,"US","",10.25,"N","BELAIR RD",0,"F","N",2455,"MU","","FRANKFORD AVE",39.33814775,-76.55165076,1,0,1,"M",99,3,NA,99,9.05,3,1,51,"P",0,NA,0,"",NA,"",NA,1,NA,"04-FEB-88","809dac67-0546-4110-8199-0180ea6430d0","","","","","A"
"3738","ADJ6530032",1,24,NA,1,0,2,1,1,4,0,6.01,"06-14-2016","08:10:00","CAD#0584","N","N","BALTIMORE","UNK",3,1,NA,"","",0,"","THE ALAMEDA",0,"F","N",NA,"","","EDNOR",39.33750051,-76.59930825,1,0,1,"M",1,2,NA,99,88,88,1,52,"P",0,NA,0,"",NA,"Y",NA,1,NA,"06-JUL-96","a4912c0f-8ab8-4a0a-a386-b4c3b150cd21","","","","",""
"3739","ADJ653003L",1,24,NA,1,88,2,1,1,2,0,6.01,"08-15-2016","14:33:00","CAD#1585","N","N","BALTIMORE","UNK",88,1,NA,"","",0,"","32ND",0,"F","E",NA,"","","JENNIFER",39.32759205,-76.58812881,2,0,1,"M",1,1,NA,88,99,1,1,56,"P",0,NA,0,"",NA,"U",NA,1,NA,"18-JAN-78  00:00:00","2be5732e-6d10-4be2-9cd1-2f1f19809ee5","MD","","","",""
"3740","ADJ653003Q",1,24,NA,2,88,2,NA,1,1,0,6.01,"10/5/2016","8:59:00","CAD#0729","Y","N","BALTIMORE","UNK",3,0,NA,"","",0,"","LOCH RAVEN",0,"F","U",NA,"","","EXETOR HALL",39.32155521,-76.60363063,1,0,2,"F",NA,3,NA,88,5,99,1,51,"P",0,NA,0,"",NA,"U",NA,1,NA,"14-Feb-95","4a3b2824-b47b-40c4-984c-807b319cd9c7","","","","","A"
"3741","ADJ653003Q",1,24,NA,2,88,2,NA,1,1,0,6.01,"10/5/2016","8:59:00","CAD#0729","Y","N","BALTIMORE","UNK",3,0,NA,"","",0,"","LOCH RAVEN",0,"F","U",NA,"","","EXETOR HALL",39.32155521,-76.60363063,1,0,2,"F",NA,2,NA,88,5,99,1,51,"P",0,NA,0,"",NA,"U",NA,1,NA,"17-Mar-40","cb9787c2-7162-4fe8-97c8-421a07c72925","","","","","A"
"3742","ADJ654000L",1,24,NA,1,17,2,1,1,1,0,6.01,"03-18-2015","15:35:00","CAD71761","N","N","BALTIMORE","UNK",1,3,NA,"","",NA,"","1600 E BELVEDERE AVE",10,"F","",NA,"","","HILLEN RD",39.35867369,-76.58512473,1,0,1,"F",NA,4,NA,3,6,1,1,52,"P",0,NA,0,"",NA,"",NA,0,NA,"26-MAR-03","85d24aa1-72fe-4a83-8b07-6eccc5c89cee","","","","",""
"3743","ADJ654003G",3,24,999,2,88,2,1,1,1,7,6.01,"01-10-2016","23:50:00","CAD2740","Y","N","BALTIMORE","UNK",9,9,1130,"MU","",0.409,"N","MCCLEAN BLVD",0,"F","N",0,"UU","","LOUISE AVE",39.36316138,-76.56865597,1,0,2,"F",NA,1,NA,0,15.88,0,88,0,"P",0,NA,0,"",NA,"N",NA,0,NA,"19-OCT-50","46210e1a-0991-4cfe-b11d-d12f00a116b9","","","","",""
"3744","ADJ654003G",3,24,999,2,88,2,1,1,1,7,6.01,"01-10-2016","23:50:00","CAD2740","Y","N","BALTIMORE","UNK",9,9,1130,"MU","",0.409,"N","MCCLEAN BLVD",0,"F","N",0,"UU","","LOUISE AVE",39.36316138,-76.56865597,1,0,2,"M",NA,1,NA,0,15.88,0,88,88,"P",0,NA,0,"",NA,"N",NA,0,NA,"18-OCT-48","272dd0fd-5fd1-43f4-978d-40428529b151","","","","",""
"3745","ADJ6550005",1,24,NA,2,17,2,1,1,1,88,6.01,"03-09-2015","17:00:00","CAD#8232","Y","N","BALTIMORE","UNK",3,3,4250,"MU","",0,"N","S CAROLINE ST",0,"F","N",4270,"MU","","THAMES ST",39.29009483,-76.59709811,1,0,1,"M",1,3,NA,1,9.05,2,1,51,"P",0,NA,0,"",NA,"",NA,1,NA,"08-OCT-85","8e192fec-7423-4b4d-91de-2c1fd0e7563f","","","","","A"
"3746","ADJ655000S",1,24,NA,2,88,2,2,1,4,0,6.01,"03-25-2016","16:42:00","CAD2074","Y","N","BALTIMORE","UNK",3,3,NA,"","",0,"","S BROADWAY",0,"F","S",NA,"","","GOUGH ST",39.28754766,-76.59368098,1,0,1,"M",1,3,NA,2,6,3,1,51,"P",0,NA,0,"",NA,"Y",NA,1,NA,"29-FEB-80","6e5bbe57-66f6-4cb5-830f-a18d38885b4b","","","","","A"
"3747","ADJ656000S",3,24,NA,0,88,2,2,1,2,0,6.01,"10-31-2015","01:00:00","CAD#284","N","N","BALTIMORE","UNK",2,3,NA,"","",0,"","EASTERN AVE",100,"F","E",NA,"","","ASHBY AVE",39.2911857,-76.52176425,3,1,1,"M",1,3,NA,3,88,0,1,88,"P",0,NA,0,"",NA,"N",NA,0,NA,"18-MAR-85","0243c569-6a29-4489-b0b5-c8d0c13eac57","MD","","","","A"
"3748","ADJ657000Y",1,24,NA,2,17,0,1,1,1,0,0,"05-07-2016","15:39:00","CAD 1780","Y","N","BALTIMORE","UNK",3,0,NA,"","",0,"","NORTH AVE",0,"F","W",NA,"","","FULTON",39.3098805,-76.64656475,1,0,1,"F",NA,2,NA,1,6,3,1,52,"P",0,NA,0,"",NA,"Y",NA,0,NA,"01-AUG-56","b06ecbb6-e6c6-41ea-a8eb-c724e179f2c2","","","","","A"
"3749","ADJ6570010",1,24,NA,2,17,2,2,1,1,0,0,"05-16-2016","13:30:00","CAD1399","Y","N","BALTIMORE","UNK",3,0,NA,"","",0,"","NORTH AVE",0,"F","N",NA,"","","BENTALOU",39.30963562,-76.65409371,1,0,1,"M",1,2,NA,3,5,2,1,51,"P",0,NA,0,"",NA,"N",NA,0,NA,"09-SEP-64","f2f484a0-2e57-4e81-be36-e44223907637","","","","","A"
"3750","ADJ6570019",1,24,NA,NA,17,NA,NA,NA,NA,2,0,"08-22-2016","07:40:00","CAD610","N","N","BALTIMORE","UNK",3,9,NA,"","",NA,"","",NA,"","",NA,"","","",39.31654504,-76.65194124,1,0,1,"M",NA,2,NA,1,88,0,1,88,"P",0,NA,0,"",NA,"N",NA,1,NA,"16-OCT-88  00:00:00","796ef585-ca39-49ba-911a-5f02b48ea924","","","","","A"
"3751","ADJ657001D",1,24,NA,1,17,2,1,1,1,0,6.01,"09-05-2016","14:00:00","CAD1499","N","N","BALTIMORE","UNK",3,0,NA,"","",0,"","REISTERSTOWN RD",10,"F","W",NA,"","","LIBERTY HEIGHTS",39.31815115,-76.65209413,1,0,1,"F",NA,2,NA,1,6,1,1,52,"P",0,NA,0,"",NA,"Y",NA,1,NA,"27-FEB-04  00:00:00","b6bcb351-c586-4467-aede-0b89bd8b28df","","","","","A"
"3752","ADJ657001N",7.88,24,NA,2,88,0,1,1,2,0,6.01,"10/8/2016","23:10:00","CAD3072","N","N","BALTIMORE","UNK",1,0,NA,"","",0,"","BRYANT",0,"F","N",NA,"","","AUCHENTOROLY TERRACE",39.31758051,-76.64757192,2,1,1,"M",NA,1,NA,0,3,0,1,0,"P",0,NA,0,"",NA,"N",NA,0,NA,"26-Oct-94","85de4fbe-7852-4985-a9c9-eaa97fd3c782","","","","",""
"3753","ADJ6570027",3,24,NA,2,17,1,1,1,4,0,3,"3/18/2017","20:25:00","CAD2642","Y","N","BALTIMORE","UNK",1,0,NA,"","",0,"","NORTH",0,"F","S",NA,"","","FULTON",39.30989918,-76.64633945,1,1,1,"M",1,3,NA,3,88,0,88,88,"P",0,NA,0,"",NA,"N",NA,0,NA,"20-Mar-61","f89b874c-d8ee-4116-ba62-437e409dec0d","","","","","A"
"3754","ADJ657002P",1,24,NA,2,17,2,NA,1,1,0,6.01,"6/13/2017","15:50:00","CAD2017","Y","N","BALTIMORE","UNK",1,0,NA,"","",0,"","NORTH AVE",0,"F","E",NA,"","","DRUIDHILL AVE",39.31022189,-76.6382955,1,0,1,"M",NA,3,NA,1,5,2,1,51,"P",0,NA,0,"",NA,"N",NA,1,NA,"30-Dec-64","1521eae0-4ba0-4110-822f-168065c5fd65","","","","","A"
"3755","ADJ6580009",1,24,NA,2,88,2,1,1,1,0,7.01,"03-26-2015","08:36:00","CAD0615","Y","N","BALTIMORE","UNK",3,3,542,"MD","",2.8,"N","LOCH RAVEN BLVD",0,"F","N",1040,"MU","","E BELVEDERE AVE",39.35989311,-76.58889055,1,0,1,"M",1,3,NA,3,5,3,1,51,"P",0,NA,0,"",NA,"",NA,0,NA,"15-NOV-00","1973d06e-d72e-41cd-8fe6-8351668ea71f","","","","","A"
"3756","ADJ658001G",1,24,NA,NA,17,NA,NA,NA,NA,0,6.01,"02-11-2016","10:29:00","CAD882","N","N","BALTIMORE","UNK",3,3,NA,"","",NA,"","",NA,"","",NA,"","","",39.36735018,-76.58160567,1,0,1,"M",1,3,NA,0,0,0,1,0,"P",0,NA,0,"",NA,"U",NA,0,NA,"25-AUG-26","0822b92f-e5ae-4a38-acd5-94f6c97f1d80","MD","C","","","A"
"3757","ADJ6600003",1,24,NA,0,17,2,NA,1,1,0,6.01,"05-14-2015","19:13:00","CAD2543","N","N","BALTIMORE","UNK",3,0,2935,"MU","",1.111,"E","BOWLEYS LA",50,"F","E",NA,"UU","","LORELLY AVE",39.31642053,-76.54721975,1,0,1,"F",1,2,NA,2,6,1,1,52,"P",0,NA,0,"",NA,"",NA,1,NA,"18-NOV-09","24117048-008c-4353-8c2a-4865094fc14a","","","","","A"
"3758","ADJ6600017",1,24,999,0,88,2,2,1,1,0,6.01,"12-12-2015","15:09:00","CAD1799","N","N","BALTIMORE","UNK",3,0,1,"US","",7.92,"N","BELAIR RD",0,"F","N",1070,"MU","","SINCLAIR LA",39.31422087,-76.58213139,1,0,1,"M",1,3,NA,2,2,0,1,56,"P",0,NA,0,"",NA,"N",NA,1,NA,"06-JAN-65","3b5237d2-c2ab-4f92-916e-5af79e61e0ef","MD","","","","A"
"3759","ADJ660001T",3,24,999,1,88,2,1,1,1,0,6.01,"03-05-2016","21:38:00","CAD#2749","N","N","BALTIMORE","UNK",3,0,151,"MD","",2.55,"N","ERDMAN AVE",0,"F","S",1070,"MU","","SINCLAIR LA",39.31348522,-76.56797335,1,0,1,"M",1,3,NA,2,6,99,1,52,"P",0,NA,0,"",NA,"U",NA,1,NA,"07-MAY-61","267088ed-62ed-4bf4-b16c-99de57d79364","MD","ID","","","A"
"3760","ADJ6600029",3,24,NA,0,17,0,1,1,1,0,0,"08-05-2016","21:10:00","CAD#2971","N","N","BALTIMORE","UNK",3,0,NA,"","",0,"","COCHRAN RD",0,"F","N",NA,"","","PURDUE AVE",39.3564567,-76.59529433,1,0,1,"F",1,2,NA,2,6,0,1,56,"P",0,NA,0,"",NA,"N",NA,1,NA,"06-DEC-81  00:00:00","583f7133-9818-4042-9d5f-e9a94db4bb39","MD","ID","","",""
"3761","ADJ660002T",1,24,999,0,88,0,1,1,1,0,6.01,"11/10/2016","15:08:00","CAD#1683","N","N","BALTIMORE","UNK",3,0,1,"US","",9.72,"N","BELAIR RD",0,"F","N",0,"UU","","SOUTHERN AVE",39.33327258,-76.55857757,1,3,1,"M",NA,2,NA,2,6,1,1,53,"P",0,NA,0,"",NA,"Y",NA,1,NA,"30-Oct-87","f9605847-0c1d-4c01-91a2-aa61fd472bc3","","","","",""
"3762","ADJ660002Z",3,24,NA,3,88,2,1,1,1,0,6.01,"12/13/2016","17:39:00","CAD#2068","Y","N","BALTIMORE","UNK",3,0,2520,"MU","",0.119,"N","CHESTERFIELD AVE",0,"F","N",NA,"","","RAVENWOOD AVE",39.31586751,-76.56230852,1,0,1,"F",1,2,NA,2,5,2,1,51,"P",0,NA,0,"",NA,"N",NA,1,NA,"1-Nov-58","b6d5f4cf-da13-408a-a517-123eb8fac33d","MD","C","","","A"
"3763","ADJ6600036",1,24,999,1,88,2,2,1,4,0,6.01,"2/23/2017","15:31:00","CAD#1799","Y","N","BALTIMORE","UNK",3,0,500,"MU","",0.58,"W","E 33RD ST",0,"M","E",1495,"MU","","LOCH RAVEN BLVD",39.3285008,-76.59759298,1,0,1,"F",1,2,NA,2,6,1,1,51,"P",0,NA,0,"",NA,"Y",NA,0,NA,"16-Aug-05","fc094409-0a35-4fbf-8142-0f065621e96b","","","","",""
"3764","ADJ660003K",1,24,999,0,88,2,2,1,4,0,6.01,"4/23/2017","13:25:00","CAD#1307","N","N","BALTIMORE","UNK",3,0,542,"MD","",0,"N","THE ALAMEDA",0,"F","N",147,"MD","","HARFORD RD",39.32160086,-76.59096792,1,0,1,"M",1,2,NA,3,1,1,1,57,"P",0,NA,0,"",NA,"N",NA,1,NA,"8-Apr-93","5764a062-f000-4d0d-ae3d-7ca360242a3b","MD","ID","","",""
"3765","ADJ661000S",1,24,NA,2,0,2,1,1,1,0,6.01,"07-25-2016","14:10:00","CAD#1630","Y","N","BALTIMORE","UNK",3,0,NA,"","",0,"","CENTRAL AVE",0,"F","U",NA,"","","FAYETTE AVE",39.29186762,-76.59952015,1,0,1,"F",1,2,NA,1,5,0,1,51,"P",0,NA,0,"",NA,"N",NA,0,NA,"26-DEC-87  00:00:00","94ed37bd-ec16-441e-8e28-09096e71061d","","","","",""
"3766","ADJ6620001",1,24,NA,1,17,1,1,1,4,0,6.01,"01-11-2015","14:01:00","CAD1277","N","N","BALTIMORE","UNK",3,0,147,"MD","",3.05,"N","HARFORD RD",0,"U","N",NA,"UU","","AILSA AVE",39.34629579,-76.5664418,1,0,1,"M",99,3,NA,3,6,1,1,52,"P",0,NA,0,"",NA,"",NA,0,NA,"31-JUL-03","6f372f29-3d98-4931-bc12-23b6d84500a8","","","","","A"
"3767","ADJ662000F",3,3,0,2,88,2,NA,1,0,0,6.01,"08-16-2015","20:15:00","CAD2459","N","N","BALTIMORE","UNK",3,0,3700,"CO","",0.41,"S","PARK DR",0,"F","S",0,"UU","","BALTO CITY LINE",39.37016193,-76.55500889,1,0,1,"M",99,4,NA,99,3,99,1,63.88,"P",0,NA,0,"",NA,"U",NA,99,NA,"25-JUL-98","008256b0-6d9f-4ed8-b1df-b5ceca6dcdde","","","","","A"
"3768","ADJ662000R",6.02,24,999,0,88,2,1,1,0,0,6.01,"11-16-2015","18:15:00","CAD2471","N","N","BALTIMORE","UNK",3,0,147,"MD","",4.538,"N","HARFORD RD",0,"F","S",0,"UU","","WOODRING AVE",39.36498623,-76.55045986,1,0,1,"M",NA,3,NA,3,88,0,1,52,"P",0,NA,0,"",NA,"Y",NA,0,NA,"05-OCT-98","c151536d-9556-4c5f-83d2-315104f8a194","MD","","","","A"
"3769","ADJ662001F",0,24,NA,1,88,2,1,1,0,0,6.01,"03-29-2016","18:47:00","CAD#2499","N","N","BALTIMORE","UNK",3,0,NA,"","",0,"","HARFORD RD ",0,"F","E",NA,"","","E NORTHERN PKWY",39.36354813,-76.55270219,1,0,1,"U",NA,3,NA,99,88,1,1,52,"P",99,NA,99,"",NA,"Y",NA,99,NA,"01-JAN-00","5089e087-c866-4498-b60d-e2779ee64d81","","","","",""
"3770","ADJ662002N",3,24,999,1,0,2,2,1,3,0,6.01,"2/19/2017","20:15:00","CAD#2498","N","N","BALTIMORE","UNK",3,0,1,"US","",11.72,"N","BELAIR RD",0,"U","N",0,"UU","","KOLB AVE",39.35281686,-76.53286994,1,0,1,"M",2,4,NA,2,6,1,1,52,"P",0,NA,0,"",NA,"Y",NA,1,NA,"29-Feb-68","8e4f5c50-d0af-4826-8772-94418d3f9b6d","","","","",""
"3771","ADJ6630007",3,24,NA,1,17,2,2,1,1,0,6.01,"04-02-2015","19:00:00","CAD3036","N","N","BALTIMORE","UNK",3,1,40,"US","",7.216,"E","ORLEANS ST",0,"F","E",NA,"UU","","N KENWOOD AVE",39.29571613,-76.57768965,1,0,1,"F",NA,3,NA,2,4,1,1,52,"P",0,NA,0,"",NA,"",NA,1,NA,"15-AUG-00","e2985c3b-0db1-4d16-8bf0-9afa2785ef69","","","","","A"
"3772","ADJ6630013",1,24,NA,2,17,1,1,1,1,0,3,"10-01-2015","08:30:00","CAD626","Y","N","BALTIMORE","UNK",3,1,NA,"","",0,"","PRATT ",0,"F","N",NA,"","","PRESIDENT",39.28708057,-76.60403967,1,0,1,"M",1,2,NA,3,5,2,1,51,"P",0,NA,0,"",NA,"Y",NA,0,NA,"04-JUN-92","9fb03e41-9d49-458d-a199-3699c70a86a6","","","","","A"