"UNIQUE_ID","REPORT_NO","LIGHT_CODE","COUNTY_NO","MUNI_CODE","JUNCTION_CODE","COLLISION_TYPE_CODE","SURF_COND_CODE","LANE_CODE","RD_COND_CODE","RD_DIV_CODE","FIX_OBJ_CODE","WEATHER_CODE","ACC_DATE","ACC_TIME","LOC_CODE","SIGNAL_FLAG","C_M_ZONE_FLAG","AGENCY_CODE","AREA_CODE","HARM_EVENT_CODE1","HARM_EVENT_CODE2","RTE_NO","ROUTE_TYPE_CODE","RTE_SUFFIX","LOG_MILE","LOGMILE_DIR_FLAG","MAINROAD_NAME","DISTANCE","FEET_MILES_FLAG","DISTANCE_DIR_FLAG","REFERENCE_NO","REFERENCE_TYPE_CODE","REFERENCE_SUFFIX","REFERENCE_ROAD_NAME","LATITUDE","LONGITUDE","drv","occ","ped","SEX_CODE","CONDITION_CODE","INJ_SEVER_CODE","OCC_SEAT_POS_CODE","PED_VISIBLE_CODE","PED_LOCATION_CODE","PED_OBEY_CODE","PED_TYPE_CODE","MOVEMENT_CODE","PERSON_TYPE","ALCOHOL_TEST_CODE","ALCOHOL_TESTTYPE_CODE","DRUG_TEST_CODE","DRUG_TESTRESULT_CODE","BAC_CODE","FAULT_FLAG","EQUIP_PROB_CODE","SAF_EQUIP_CODE","EJECT_CODE","DATE_OF_BIRTH","PERSON_ID","LICENSE_STATE_CODE","CLASS","CDL_FLAG","VEHICLE_ID","EMS_UNIT_LABEL"
"4115","ADJ762000M",1,24,NA,1,0,2,1,1,1,0,6.01,"09-26-2016","17:00:00","CAD:1943","N","N","BALTIMORE","UNK",3,0,NA,"","",0,"","E PRESTON ",0,"U","U",NA,"","","N WASHINGTON",39.30550665,-76.59092501,1,0,1,"F",1,4,NA,0,6,0,1,52,"P",0,NA,0,"",NA,"N",NA,1,NA,"17-JAN-04  00:00:00","71e1d3e8-597a-4c51-a87e-cbd760f7abba","","","","","A"
"4116","ADJ7630006",3,24,999,1,88,2,NA,1,0,5,6.01,"02-18-2016","19:49:00","CAD#2586","N","N","BALTIMORE","UNK",9,1,1022,"MU","",1.44,"N","W NORTHERN PKWY",1,"F","N",140,"MD","","REISTERSTOWN RD",39.34841147,-76.69187263,1,0,1,"U",0,1,NA,0,88,0,88,88,"P",0,NA,0,"",NA,"N",NA,0,NA,"18-FEB-16","f48735e5-4a15-4f1b-b241-88619a37912c","","","","",""
"4117","ADJ763000B",1,24,999,2,88,2,1,1,1,88,7.01,"06-03-2016","14:43:00","CAD#1794","N","N","BALTIMORE","UNK",3,0,1360,"MU","",0.92,"W","E MADISON ST",0,"F","W",0,"UU","","N COLLINGTON AVE",39.29969103,-76.58672199,1,0,1,"F",1,3,NA,2,5,1,1,51,"P",0,NA,0,"",NA,"N",NA,1,NA,"16-JUL-48","995ebc45-6b18-4b5a-8b20-9affcddacded","MD","","","",""
"4118","ADJ763000Z",3,24,999,2,0,1,3,1,1,0,3,"10/27/2016","21:30:00","CAD#2710","Y","N","BALTIMORE","UNK",3,3,40,"US","",6.53,"E","ORLEANS ST",0,"F","E",1025,"MU","","N WOLFE ST",39.29529787,-76.59066819,1,0,1,"F",1,2,NA,2,5,99,1,51,"P",0,NA,0,"",NA,"U",NA,1,NA,"19-Jan-65","023b8370-52c3-41a6-827f-54d04677fcb3","","","","","A"
"4119","ADJ7630013",1,24,999,1,88,2,1,1,2,0,6.01,"11/21/2016","11:27:00","CAD#1034","N","N","BALTIMORE","UNK",3,0,2950,"MU","",0.015,"E","E NORTH AVE",0,"F","E",0,"UU","","N PORT ST",39.31249638,-76.58387482,1,0,1,"F",1,2,NA,99,88,1,1,53,"P",0,NA,0,"",NA,"U",NA,0,NA,"8-Aug-68","5cebafc2-f115-445e-bfdb-ab0e53dfeb6a","","","","","A"
"4120","ADJ763001D",1,24,999,2,88,0,2,1,4,0,6.01,"1/12/2017","10:46:00","CAD#1002","Y","N","BALTIMORE","UNK",3,0,40,"US","",6.198,"E","ORLEANS ST",0,"F","E",4252,"MU","","N CAROLINE ST",39.2949398,-76.59974143,1,0,1,"F",1,3,NA,3,9.05,99,1,99,"P",0,NA,0,"",NA,"U",NA,0,NA,"18-May-80","6d930f5f-0d6f-45cf-b3f2-0f5059958cb5","","","","","A"
"4121","ADJ763001Q",1,24,999,1,88,2,2,1,1,0,6.01,"5/14/2017","16:24:00","CAD#1979","N","N","BALTIMORE","UNK",3,0,1360,"MU","",0.457,"W","E MADISON ST",0,"F","E",0,"UU","","N KENWOOD AVE",39.2993112,-76.57808661,1,0,1,"F",1,2,NA,1,6,1,1,55,"P",0,NA,0,"",NA,"Y",NA,0,NA,"18-Feb-02","60a94f1e-2ad6-4213-a917-a536319aca90","","","","","A"
"4122","ADJ7650002",3,24,999,3,17,2,1,0,1,0,0,"02-04-2016","20:30:00","CAD#2943","Y","N","BALTIMORE","UNK",3,1,1,"US","",7.58,"S","W NORTH AVE (SB COUPLET)",0,"F","S",1,"US","","FULTON AVE (NB COUPLET)",39.30988673,-76.64626166,1,1,1,"M",4,2,NA,0,6,3,1,52,"P",0,NA,0,"",NA,"Y",NA,1,NA,"10-JUL-77","e8410d1b-ba93-4c23-9ee9-418292e7a1f5","","","","","A"
"4123","ADJ7660001",1,24,NA,3,17,2,1,1,3,0,6.01,"12-18-2015","15:05:00","1771","N","N","BALTIMORE","UNK",3,0,NA,"","",0,"","1800 MORRIS ROAD",0,"F","S",NA,"","","3400 W NORTH AVE",39.30874219,-76.67411506,1,2,1,"M",1,3,NA,1,6,0,1,55,"P",0,NA,0,"",NA,"U",NA,0,NA,"13-APR-02","ae55e183-9f86-4760-8646-0ef949f5a7ec","","","","","A"
"4124","ADJ7660003",1,24,NA,1,17,2,1,1,2,0,6.01,"01-04-2016","11:03:00","854","N","N","BALTIMORE","UNK",3,0,NA,"","",0,"","1800 SPENCE STREET",0,"U","S",NA,"","","2300 WASHINGTON BLVD",39.26893411,-76.65122509,1,0,1,"M",1,3,NA,0,3,1,1,59,"P",0,NA,0,"",NA,"N",NA,0,NA,"21-JAN-85","2a6ec9f1-a89d-4224-a726-cc97f4bf5e9c","","","","",""
"4125","ADJ7680015",1,24,NA,2,88,2,1,1,3,0,6.01,"10/5/2016","17:30:00","CAD#2247","Y","N","BALTIMORE","UNK",4,1,NA,"","",0,"","E NORTH",0,"F","S",NA,"","","BARCLAY",39.31139546,-76.61094569,1,0,1,"M",1,2,NA,3,5,99,2,51,"P",0,NA,0,"",NA,"U",NA,1,NA,"2-Apr-61","053655fa-27f4-48da-b60e-ba557f518ece","","","","","A"
"4126","ADJ7680017",1,24,999,1,88,0,2,1,1,0,6.01,"11/2/2016","16:20:00","CAD#2029","N","N","BALTIMORE","UNK",3,1,45,"MD","",0.278,"N","GREENMOUNT AVE",NA,"M","S",0,"UU","","E 23RD ST",39.31578969,-76.60947919,1,0,1,"M",1,2,NA,3,6,3,1,52,"P",0,NA,0,"",NA,"Y",NA,0,NA,"7-Jul-99","18077ad3-e15a-4f85-bf7a-611d63021c73","","","","","A"
"4127","ADJ768001J",1,24,999,2,2,1,2,1,1,4,3,"1/3/2017","8:00:00","CAD 453","N","N","BALTIMORE","UNK",1,1,1680,"MU","",0.905,"W","E FAYETTE ST",0,"F","W",0,"UU","","N COLLINGTON AVE",39.29425584,-76.58637866,2,0,1,"M",1,3,NA,1,3,0,1,62.88,"P",0,NA,0,"",NA,"N",NA,1,NA,"27-Sep-03","294bee25-26f6-46ec-b4f0-94e4c5dd4221","","","","","A"
"4128","ADJ768001P",6.02,24,NA,0,11,2,1,1,1,0,6.01,"2/15/2017","17:40:00","2141","N","N","BALTIMORE","UNK",3,0,NA,"","",0,"","ASHALND AVE",20,"F","E",NA,"","","N MILTON ST.",39.30095092,-76.58275567,1,0,1,"M",99,4,NA,2,6,1,1,52,"P",0,NA,0,"",NA,"Y",NA,1,NA,"9-Jul-03","f41ec911-c987-4e98-aefa-edb72eb5eb7f","","","","","A"
"4129","ADJ768001T",1,24,999,2,88,2,1,1,2,0,6.01,"3/21/2017","10:20:00","839","Y","N","BALTIMORE","UNK",1,3,1370,"MU","",1.291,"E","E MONUMENT ST",0,"F","E",0,"UU","","N COLLINGTON AVE",39.29870719,-76.5866375,1,0,1,"F",1,3,NA,1,5,1,1,51,"P",0,NA,0,"",NA,"U",NA,0,NA,"26-Mar-40","1f90b367-2727-4726-afd2-bd51b299d734","","","","","A"
"4130","ADJ768001Z",1,24,999,0,17,2,1,1,1,0,0,"4/10/2017","18:00:00","CAD2383","N","N","BALTIMORE","UNK",3,0,1410,"MU","",1.144,"S","N PATTERSON PARK AVE",100,"F","S",0,"UU","","MCELDERRY ST",39.29818413,-76.58507645,1,0,1,"F",1,3,NA,1,6,1,1,52,"P",0,NA,0,"",NA,"Y",NA,0,NA,"6-Apr-07","918e67a1-7525-4ba8-b69c-78ffe89aae39","","","","","A"
"4131","ADJ770000G",1,24,999,2,11,2,1,1,3,0,0,"07-11-2016","13:30:00","CAD1444","Y","N","BALTIMORE","UNK",1,1,1087,"MU","",1.427,"N","N WASHINGTON ST",0,"F","N",1,"US","","NORTH AVE",39.31233244,-76.59041405,2,3,1,"M",1,2,NA,3,3,0,1,0,"P",0,NA,0,"",NA,"N",NA,0,NA,"16-JUL-68  00:00:00","089393a3-de23-4c4d-b958-29bbfc5d7b29","MD","","","",""
"4132","ADJ770000Q",1,24,999,2,0,2,1,1,0,0,0,"08-31-2016","16:00:00","CAD2072","N","N","BALTIMORE","UNK",3,1,4252,"MU","",0.72,"N","N CAROLINE ST",0,"F","N",4260,"MU","","E EAGER ST",39.3008928,-76.59774452,1,0,1,"M",1,3,NA,3,6,3,1,52,"P",0,NA,0,"",NA,"Y",NA,0,NA,"15-OCT-03  00:00:00","884723f8-638c-40ef-a293-2cc69d15111e","","","","","A"
"4133","ADJ770000R",0,24,999,1,11,0,1,1,1,0,0,"09-14-2016","15:25:00","CAD1808","N","N","BALTIMORE","UNK",1,3,4260,"MU","",0.506,"W","E EAGER ST",30,"F","W",0,"UU","","N BOND ST",39.30214229,-76.59644902,1,0,1,"M",1,2,NA,3,6,1,1,99,"P",0,NA,0,"",NA,"Y",NA,0,NA,"25-AUG-03  00:00:00","149183a1-6330-40d3-981d-8de9b571bc5a","","","","","A"
"4134","ADJ7700019",1,24,999,3,88,2,1,1,1,0,7.01,"4/7/2017","12:48:00","CAD1212","N","N","BALTIMORE","UNK",3,3,1382,"MU","",0.448,"N","FALLSWAY",5,"F","N",0,"UU","","N HIGH ST",39.29620807,-76.60985738,1,0,1,"M",1,4,NA,2,6,1,1,51,"P",0,NA,0,"",NA,"N",NA,1,NA,"20-Dec-59","a5757d02-3d09-42c1-9628-57775ae9f5f7","","","","","A"
"4135","ADJ7710012",1,24,NA,1,13,2,1,1,3,0,6.01,"1/6/2017","13:01:00","CAD#1213","N","N","BALTIMORE","UNK",1,3,NA,"","",0,"","REISTERSTOWN ROAD",15,"F","E",NA,"","","WHITTIER AVE",39.31577309,-76.64943874,2,0,1,"F",1,4,NA,3,1,1,1,0,"P",0,NA,0,"",NA,"N",NA,0,NA,"31-Dec-56","6e8f7fd1-538d-47c7-b92a-d67717d819ab","","","","","A"
"4136","ADJ771001B",1,24,999,1,17,2,2,1,3,0,6.01,"3/1/2017","15:32:00","CAD#1797","Y","N","BALTIMORE","UNK",3,0,1830,"MU","",0,"E","DRUID HILL AVE",10,"F","W",129,"MD","","DRUID HILL AVE (SB COUPLET) (BACK)",39.31031424,-76.63826734,1,0,1,"M",1,1,NA,1,5,2,1,52,"P",0,NA,0,"",NA,"N",NA,1,NA,"5-Jan-65","c6dedfbb-ab5b-401e-a1ae-992061d31c7a","MD","C","","",""
"4137","ADJ772000R",3,24,NA,1,0,2,1,1,2,0,6.01,"10/14/2016","22:18:00","CAD#3024","Y","N","BALTIMORE","UNK",1,3,NA,"","",0,"","LAURETTA",40,"F","E",NA,"","","N FRANKLYNTOWN ROAD",39.29369642,-76.66311532,1,0,1,"F",NA,3,NA,2,6,99,1,99,"P",0,NA,0,"",NA,"N",NA,0,NA,"24-Nov-97","a01a930e-87cd-41e3-bb11-6575f14cdee3","","","","","A"
"4138","ADJ772000S",1,24,999,1,0,2,1,1,3,0,6.01,"10/19/2016","8:57:00","CAD#749","N","N","BALTIMORE","UNK",1,3,140,"MD","",0.073,"N","N FULTON AVE (NB COUPLET)",150,"F","N",0,"UU","","WALBROOK AVE",39.31362322,-76.64583921,1,0,1,"M",NA,3,NA,1,6,0,1,52,"P",0,NA,0,"",NA,"Y",NA,1,NA,"27-Feb-10","8a4f59d1-a5e1-4ede-942d-53fec07b92d9","","","","","A"
"4139","ADJ772000T",3,24,0,2,0,2,2,1,4,0,6.01,"11/21/2016","19:43:00","CAD#2398","Y","N","BALTIMORE","UNK",1,3,1,"US","",4.39,"N","NORTH AVE",0,"F","N",140,"MD","","N FULTON AVE (NB COUPLET)",39.30984522,-76.64651245,1,0,1,"F",NA,3,NA,1,5,2,1,56,"P",0,NA,0,"",NA,"N",NA,0,NA,"29-Dec-78","06bcaf50-3c1a-4089-bc69-ec3f5ead5add","","","","",""
"4140","ADJ7730007",1,24,999,0,17,1,1,1,4,88,7.01,"01-26-2016","12:00:00","CAD#0801","N","N","BALTIMORE","UNK",3,0,467,"MU","",0.51,"N","THE ALAMEDA",300,"F","S",1101,"MU","","ARGONNE DR",39.34080717,-76.60033286,1,0,1,"F",1,1,NA,4,6,0,1,56,"P",0,NA,0,"",NA,"N",NA,0,NA,"03-APR-89","e5a240ce-e7d8-49fe-9b03-edd13ebdfc97","MD","CDL","","",""
"4141","ADJ774000J",1,24,NA,1,3,1,1,1,3,0,3,"09-29-2016","15:15:00","CAD1685","N","N","BALTIMORE","UNK",1,3,NA,"","",0,"","FREDERICK AVE",1,"F","E",NA,"","","S MORELY ST",39.28173055,-76.67757109,1,0,1,"M",1,2,NA,3,6,1,1,52,"P",0,NA,0,"",NA,"Y",NA,1,NA,"01-DEC-04  00:00:00","d5c18dc8-062b-4590-b2e2-83796a3d2452","","","","","A"
"4142","ADJ774000N",7.88,24,NA,0,7,99,5,99,3,0,99,"10/27/2016","20:30:00","CAD2911","N","N","BALTIMORE","UNK",1,3,NA,"","",0,"","WILKINS AVE",1,"F","W",NA,"","","CATON AVE",39.27417921,-76.67113781,1,0,1,"M",99,3,NA,99,1,99,1,99,"P",99,NA,99,"",NA,"U",NA,99,NA,"12-Nov-62","7543c046-c50c-46f2-80f0-e4cc49d28509","","","","",""
"4143","ADJ7750009",6.02,24,999,1,12,2,NA,1,1,88,6.01,"11/15/2016","16:32:00","1875","N","N","BALTIMORE","UNK",3,3,1410,"MU","",1.07,"S","N PATTERSON PARK AVE",10,"F","N",1370,"MU","","E MONUMENT ST",39.29858576,-76.58508316,1,0,1,"F",9.88,3,NA,2,1,1,1,52,"P",0,NA,0,"",NA,"N",NA,0,NA,"20-Jul-51","c521c5a0-0e4c-4075-b84c-af21d51b1025","MD","C","","","A"
"4144","ADJ7760002",1,24,NA,3,17,1,1,1,2,0,3,"12-17-2015","14:40:00","1859","Y","N","BALTIMORE","UNK",3,3,NA,"","",0,"","1800 REGESTER",0,"F","N",NA,"","","1700 NORTH AVE",39.31213321,-76.59414232,1,1,1,"F",1,3,NA,2,5,1,1,51,"P",0,NA,0,"",NA,"N",NA,1,NA,"26-FEB-04","f30c6c1b-09e2-4e94-a2e4-595b3e7454fc","","","","","A"
"4145","ADJ776000H",1,24,NA,2,17,1,1,1,4,0,3,"1/11/2017","17:02:00","2293","Y","N","BALTIMORE","UNK",1,3,NA,"","",0,"","NORTH BROADWAY",0,"F","N",NA,"","","ASHLAND AVE",39.30049948,-76.59427375,1,0,1,"M",1,3,NA,3,6,99,1,51,"P",0,NA,0,"",NA,"U",NA,1,NA,"20-Jul-89","e5b175f6-6868-4aa8-8dae-550e695ba3e4","","","","",""
"4146","ADJ776000P",1,24,NA,2,9,2,1,1,2,0,6.01,"3/12/2017","17:00:00","1494","N","N","BALTIMORE","UNK",3,1,NA,"","",0,"","N. MONTFORD",0,"F","E",NA,"","","E MONUMENT ST",39.29880786,-76.58372328,2,0,1,"F",1,2,NA,1,3,0,1,56,"P",0,NA,0,"",NA,"N",NA,0,NA,"21-Mar-01","2875057d-c6d9-41a8-baa4-4c87e9987d5d","","","","","A"
"4147","ADJ777000Q",1,24,NA,2,17,2,NA,0,0,0,6.01,"5/8/2017","15:26:00","CAD 1742","Y","N","BALTIMORE","UNK",3,3,NA,"","",0,"","FRANKLIN",0,"F","E",NA,"","","WARWICK",39.29333211,-76.65619522,1,0,1,"F",1,3,NA,3,9.05,1,1,51,"P",0,NA,0,"",NA,"U",NA,0,NA,"15-Sep-86","470c3150-4e42-4ff7-b227-0b5386f67d89","","","","","A"
"4148","ADJ7780005",3,24,NA,1,17,2,2,1,1,0,6.01,"08-20-2016","05:00:00","CAD#568","Y","N","BALTIMORE","UNK",3,3,NA,"","",0,"","W. NORTH AVE ",50,"F","W",NA,"","","DRUID HILL AVE ",39.31034641,-76.63709253,1,0,1,"M",NA,4,NA,3,6,99,1,51,"P",0,NA,0,"",NA,"U",NA,1,NA,"10-MAR-54  00:00:00","a857ed0c-1dd5-4c5b-91a6-20ee6524ef10","PA","ID","","","A"
"4149","ADJ778000H",1,24,NA,2,17,2,1,1,3,88,6.01,"3/8/2017","7:17:00","CAD#498","Y","N","BALTIMORE","UNK",3,3,NA,"","",0,"","N. SCHROEDER",0,"F","N",NA,"","","W. MULBERRY ",39.29330824,-76.63400397,1,0,1,"M",1,2,NA,3,9.05,99,1,62.88,"P",0,NA,0,"",NA,"N",NA,1,NA,"18-Feb-03","4a562437-408c-4a28-b825-8738cd10094a","","","","","A"
"4150","ADJ7800003",1,24,NA,NA,17,NA,NA,NA,NA,0,6.01,"01-21-2016","11:00:00","CAD#1031","N","N","BALTIMORE","UNK",3,0,NA,"","",NA,"","",NA,"","",NA,"","","",39.3206194,-76.70882955,1,0,2,"F",1,2,NA,2,88,0,1,88,"P",0,NA,0,"",NA,"U",NA,1,NA,"12-JUN-77","d4afdde3-0952-4c33-befe-1d5af0c7a025","","","","","A"
"4151","ADJ7800003",1,24,NA,NA,17,NA,NA,NA,NA,0,6.01,"01-21-2016","11:00:00","CAD#1031","N","N","BALTIMORE","UNK",3,0,NA,"","",NA,"","",NA,"","",NA,"","","",39.3206194,-76.70882955,1,0,2,"M",1,2,NA,0,88,1,1,88,"P",0,NA,0,"",NA,"U",NA,1,NA,"01-OCT-94","e9e44102-2bb4-4d72-99f2-fc2e867a6f6b","","","","","A"
"4152","ADJ7820011",1,24,NA,1,88,2,NA,1,1,0,0,"10/12/2016","16:03:00","CAD1780","N","N","BALTIMORE","UNK",3,3,NA,"","",0,"","YALE AVE",5,"F","E",NA,"","","PARKSTON",39.2773809,-76.68636203,1,0,1,"M",88,2,NA,1,6,1,1,52,"P",0,NA,0,"",NA,"N",NA,0,NA,"5-Jan-10","9b3f034a-1148-4bb6-83eb-b43e048c7f05","","","","","A"
"4153","ADJ7820014",0,24,NA,1,88,2,NA,1,1,0,7.01,"11/3/2016","18:31:00","CAD2484","N","N","BALTIMORE","UNK",3,3,NA,"","",0,"","W.MULBERRY",5,"F","S",NA,"","","FRANKLAINTOWNE",39.29266059,-76.6620934,1,0,1,"M",88,3,NA,99,6,1,1,99,"P",0,NA,0,"",NA,"U",NA,0,NA,"10-Jun-10","7bcc22e2-5d7e-4c3c-afff-66bd306554d5","","","","","A"
"4154","ADJ782001H",1,24,NA,2,17,2,1,1,88,0,6.01,"2/17/2017","8:42:00","CAD 528","N","N","BALTIMORE","UNK",3,3,NA,"","",0,"","W. LOMABARD",0,"F","W",NA,"","","S FRANKLAINTOWNE",39.28570002,-76.65816665,1,0,1,"F",88,3,NA,1,9.05,1,1,51,"P",0,NA,0,"",NA,"N",NA,0,NA,"29-Jan-94","5d34908f-d15c-4711-8911-14c6a506d6de","","","","","A"
"4155","ADJ782001W",1,24,NA,2,0,2,1,1,1,0,6.01,"5/22/2017","16:59:00","CAD1923","Y","N","BALTIMORE","UNK",3,3,NA,"","",0,"","2600 WIKENS",0,"F","E",NA,"","","BRUNSWICK",39.27805257,-76.65866688,1,1,1,"M",5,4,NA,99,5,99,1,56,"P",0,NA,0,"",NA,"N",NA,0,NA,"22-Dec-36","c6bb541b-5291-4e95-baac-551893c542a4","","","","",""
"4156","ADJ782001X",1,24,NA,NA,0,NA,NA,NA,NA,0,6.01,"5/28/2017","11:32:00","CAD886","N","N","BALTIMORE","UNK",3,3,NA,"","",NA,"","",NA,"","",NA,"","","",39.28455197,-76.69002593,1,0,1,"F",1,3,NA,3,2,99,1,56,"P",0,NA,0,"",NA,"N",NA,1,NA,"21-Oct-43","e99406fc-035f-4a83-9091-6fb3b671c7af","","","","",""
"4157","ADJ7840015",1,24,NA,NA,88,NA,NA,NA,NA,0,3,"09-19-2016","11:20:00","1149","N","N","BALTIMORE","UNK",3,0,NA,"","",NA,"","",NA,"","",NA,"","","",39.27048941,-76.68062076,1,0,1,"M",1,2,NA,2,2,1,1,56,"P",0,NA,0,"",NA,"U",NA,0,NA,"19-NOV-52  00:00:00","8c801d6b-ac7e-47bf-a3f4-c49a6c52e24f","","","","","A"
"4158","ADJ784001D",1,24,999,1,88,2,1,1,3,0,6.01,"11/17/2016","14:45:00","1592","N","N","BALTIMORE","UNK",3,0,1,"US","AL",0.853,"N","CATON AVE",NA,"M","N",1980,"MU","","BENSON AVE",39.26905871,-76.66935682,1,0,1,"M",1,3,NA,3,1,2,2,53,"P",0,NA,0,"",NA,"N",NA,1,NA,"20-Jan-89","c4eef7b3-8e39-4351-b779-44a4d77795c7","","","","","A"
"4159","ADJ7890003",1,24,NA,NA,17,NA,NA,NA,NA,0,6.01,"06-01-2016","15:15:00","CAD#1994","N","N","BALTIMORE","UNK",3,0,NA,"","",NA,"","",NA,"","",NA,"","","",39.30581174,-76.5374887,1,0,1,"M",1,3,NA,1,88,1,1,56,"P",0,NA,0,"",NA,"N",NA,0,NA,"07-JUL-61","4800e96e-2cce-498b-bd1a-b2ea64c32043","MD","C","","",""
"4160","ADJ7890004",99,24,999,2,88,2,1,1,2,0,6.01,"07-20-2016","08:45:00","CAD#1304","Y","N","BALTIMORE","UNK",3,0,40,"US","",3.237,"E","MULBERRY ST",0,"F","E",0,"UU","","N SMALLWOOD ST",39.29270937,-76.651728,1,0,1,"M",99,2,NA,99,99,99,1,51,"P",0,NA,0,"",NA,"N",NA,99,NA,"14-MAR-98  00:00:00","cd34d4f7-630f-4eef-bebe-233788852759","MD","","","",""
"4161","ADJ7890005",1,24,999,0,7,2,1,1,1,0,6.01,"08-02-2016","16:50:00","CAD#2179","N","N","BALTIMORE","UNK",1,0,1041,"MU","",1.502,"E","ECHODALE AVE",350,"F","W",0,"UU","","BIDDISON AVE",39.33967143,-76.5559262,1,0,1,"M",NA,1,NA,0,6,99,2,51,"P",0,NA,0,"",NA,"Y",NA,1,NA,"15-AUG-02  00:00:00","5d8ac6c3-c30b-44b1-8708-37f6e4ab6ef4","","","","",""
"4162","ADJ790000P",1,24,NA,1,17,2,1,1,1,0,6.01,"09-18-2016","15:20:00","CAD#1710","N","N","BALTIMORE","UNK",3,0,NA,"","",0,"","RIGGS",0,"F","E",NA,"","","MCKEAN",39.30093743,-76.64670154,1,0,1,"F",NA,3,NA,2,88,1,1,55,"P",99,NA,99,"",NA,"Y",NA,0,NA,"30-AUG-07  00:00:00","8076797b-73ad-4c8d-97ad-e5a851d6d0ae","","","","",""
"4163","ADJ793000Y",0,24,NA,88,11,2,2,1,2,0,0,"2/19/2017","18:21:00","CAD2155","N","N","BALTIMORE","UNK",4,3,NA,"","",0,"","W. FAYETTE ST. ",10,"F","W",NA,"","","N. AMITY ST. ",39.28993499,-76.63330257,1,2,1,"M",1,4,NA,3,4,0,2,55,"P",0,NA,0,"",NA,"U",NA,1,NA,"3-Mar-07","801a9eaf-d794-47f6-9a28-21c4d13d0267","","","","","A"
"4164","ADJ7930015",1,24,NA,0,88,2,2,1,3,0,6.01,"4/11/2017","18:01:00","CAD2317","N","Y","BALTIMORE","UNK",1,1,NA,"","",0,"","N. CAREY ST. ",200,"F","S",NA,"","","W. MULBERRY ST. ",39.29301555,-76.63837597,2,0,1,"M",1,1,NA,2,4,0,2,54,"P",0,NA,0,"",NA,"Y",NA,1,NA,"2-Sep-89","84222e43-23c7-41da-9543-186f63c9d9ec","","","","",""
"4165","ADJ7940008",1,24,NA,0,88,2,NA,1,2,0,6.01,"08-16-2016","18:00:00","2298","N","N","BALTIMORE","UNK",3,0,NA,"","",0,"","W. FAYETTE ST",200,"F","E",NA,"","","N. SCHROEDER ST",39.28983445,-76.6348502,1,0,1,"F",1,2,NA,0,6,0,1,52,"P",0,NA,0,"",NA,"N",NA,0,NA,"01-OCT-62  00:00:00","782d783e-5992-444a-8a59-0152d48155c1","","","","",""
"4166","ADJ795000P",3,24,999,1,2,2,1,0,1,0,0,"5/14/2017","21:28:00","CAD#2557","N","N","BALTIMORE","UNK",1,0,2455,"MU","",1.98,"S","FRANKFORD AVE",100,"F","N",1070,"MU","","SINCLAIR LA",39.32254081,-76.54058933,1,0,1,"M",1,2,NA,3,12.88,1,2,55,"P",0,NA,0,"",NA,"U",NA,99,NA,"19-Aug-03","0d0803da-6462-473e-aac5-0ee0fc2b10cc","","","","","A"
"4167","ADJ795000S",1,24,999,0,0,2,NA,0,0,0,0,"6/28/2017","19:20:00","CAD#2662","N","N","BALTIMORE","UNK",3,0,147,"MD","",0.402,"N","HARFORD RD",50,"F","N",0,"UU","","ENT TO BUSINESS",39.32339049,-76.58809662,1,0,1,"M",2,2,NA,1,0,0,1,56,"P",0,NA,0,"",NA,"N",NA,99,NA,"12-Nov-65","80cf1926-b43b-445f-9fb4-20c5f9416721","MD","","","","A"
"4168","ADJ7960005",1,24,999,1,88,2,1,1,2,88,0,"05-20-2016","09:42:00","CAD 874","N","Y","BALTIMORE","UNK",3,0,40,"US","",5.24,"W","FRANKLIN ST (WB COUPLET)",30,"F","W",129,"MD","B","N PACA ST",39.29480903,-76.62237793,1,0,1,"M",1,2,NA,3,6,0,1,52,"P",0,NA,0,"",NA,"Y",NA,0,NA,"01-JAN-76","d8a6c21e-f8c4-462f-bd8a-ad192a6789bf","MD","C","","","A"
"4169","ADJ796000L",1,24,NA,1,88,2,NA,1,88,88,6.01,"5/1/2017","8:25:00","CAD609","N","N","BALTIMORE","UNK",3,0,NA,"","",0,"","1500 W NORTH AVE ",100,"F","W",NA,"","","PENNSYLVANIA AVE ",39.31007039,-76.64197683,1,0,1,"M",99,3,NA,2,4,99,1,52,"P",0,NA,0,"",NA,"Y",NA,0,NA,"16-Nov-59","22f2aeec-f5c4-4563-8a08-dfcacf4aafba","","","","","A"
"4170","ADJ797001B",3,24,NA,3,17,1,1,1,4,0,6.01,"5/11/2017","22:00:00","CAD2867","N","N","BALTIMORE","UNK",3,0,NA,"","",0,"","5300 LOCH RAVEN",0,"F","N",NA,"","","1500 NORTHBOURNE",39.35464614,-76.58952355,1,0,1,"F",NA,3,NA,3,99,1,1,88,"P",0,NA,0,"",NA,"U",NA,1,NA,"2-Sep-88","df3c0a7e-304c-47f6-a89b-cdefd38cd2ba","","","","","A"
"4171","ADJ797001C",1,24,NA,3,0,1,1,1,2,0,3,"5/13/2017","17:50:00","CAD#1968","Y","N","BALTIMORE","UNK",3,0,NA,"","",0,"","2500 AISQUITH ST",0,"F","S",NA,"","","1200 E 25TH ST",39.31735433,-76.59816027,1,0,1,"F",NA,3,NA,3,6,1,1,51,"P",0,NA,0,"",NA,"U",NA,1,NA,"25-Apr-00","6a0632ff-3cec-47b6-9de5-68693c348f3d","","","","",""