"UNIQUE_ID","REPORT_NO","LIGHT_CODE","COUNTY_NO","MUNI_CODE","JUNCTION_CODE","COLLISION_TYPE_CODE","SURF_COND_CODE","LANE_CODE","RD_COND_CODE","RD_DIV_CODE","FIX_OBJ_CODE","WEATHER_CODE","ACC_DATE","ACC_TIME","LOC_CODE","SIGNAL_FLAG","C_M_ZONE_FLAG","AGENCY_CODE","AREA_CODE","HARM_EVENT_CODE1","HARM_EVENT_CODE2","RTE_NO","ROUTE_TYPE_CODE","RTE_SUFFIX","LOG_MILE","LOGMILE_DIR_FLAG","MAINROAD_NAME","DISTANCE","FEET_MILES_FLAG","DISTANCE_DIR_FLAG","REFERENCE_NO","REFERENCE_TYPE_CODE","REFERENCE_SUFFIX","REFERENCE_ROAD_NAME","LATITUDE","LONGITUDE","drv","occ","ped","SEX_CODE","CONDITION_CODE","INJ_SEVER_CODE","OCC_SEAT_POS_CODE","PED_VISIBLE_CODE","PED_LOCATION_CODE","PED_OBEY_CODE","PED_TYPE_CODE","MOVEMENT_CODE","PERSON_TYPE","ALCOHOL_TEST_CODE","ALCOHOL_TESTTYPE_CODE","DRUG_TEST_CODE","DRUG_TESTRESULT_CODE","BAC_CODE","FAULT_FLAG","EQUIP_PROB_CODE","SAF_EQUIP_CODE","EJECT_CODE","DATE_OF_BIRTH","PERSON_ID","LICENSE_STATE_CODE","CLASS","CDL_FLAG","VEHICLE_ID","EMS_UNIT_LABEL"
"4462","AE404500F1",1,3,0,2,11,1,1,1,1,0,7.01,"1/17/2017","13:00:00","","Y","N","BACOPD","UNK",3,0,1,"US","",17.65,"N","BELAIR RD",0,"F","N",4200,"CO","","RIDGE RD",39.37681346,-76.50576353,1,0,1,"F",1,2,NA,3,6,99,1,51,"P",0,NA,0,"",NA,"N",NA,1,NA,"11-Oct-46","b73d5eb3-875e-478f-9c8a-86140a208afd","MD","C","","",""
"4463","AE404500FC",4,3,NA,NA,17,NA,NA,NA,NA,0,6.01,"2/8/2017","18:11:00","","N","N","BACOPD","UNK",3,0,NA,"","",NA,"","",NA,"","",NA,"","","",39.4746719,-76.43648878,1,0,1,"M",1,3,NA,3,88,0,1,56,"P",0,NA,0,"",NA,"N",NA,0,NA,"12-Dec-68","162c7d5c-d5db-4e5d-866d-73cc945d58ff","","","","",""
"4464","AE404500GH",1,3,0,2,11,2,2,1,1,0,6.01,"5/2/2017","15:05:00","","N","N","BACOPD","UNK",1,0,1,"US","",16.06,"N","BELAIR RD",0,"F","N",4226,"CO","","ELM AVE W",39.35939993,-76.52549062,1,0,2,"M",1,2,NA,3,10.88,0,1,51,"P",0,NA,0,"",NA,"N",NA,0,NA,"20-Dec-90","ac3804fe-67af-41df-b82e-606384d3c430","MD","I","","","A"
"4465","AE404500GH",1,3,0,2,11,2,2,1,1,0,6.01,"5/2/2017","15:05:00","","N","N","BACOPD","UNK",1,0,1,"US","",16.06,"N","BELAIR RD",0,"F","N",4226,"CO","","ELM AVE W",39.35939993,-76.52549062,1,0,2,"F",1,1,NA,3,10.88,0,1,51,"P",0,NA,0,"",NA,"N",NA,0,NA,"13-Apr-74","49c15e4d-cb2f-4e44-9a27-4ba7c1e228e1","MD","A","","",""
"4466","AE404500H0",6.02,3,0,2,11,2,1,1,1,0,0,"6/19/2017","20:27:00","","Y","N","BACOPD","UNK",3,0,1400,"CO","",0.74,"W","JOPPA RD",0,"F","W",6701,"OP","","SPRING TOWNE CIR",39.39468321,-76.49280846,1,0,1,"M",1,3,NA,2,6,3,1,51,"P",0,NA,0,"",NA,"Y",NA,1,NA,"28-Oct-89","ca8c273d-13b2-48aa-8f50-093fba65cae7","","","","",""
"4467","AE4053001V",1,3,NA,2,11,2,2,1,4,0,6.01,"05-15-2015","14:22:00","","Y","N","BACOPD","UNK",4,0,150,"MD","",3.38,"E","EASTERN BLVD",0,"F","E",4979,"CO","","WOODWARD DR",39.30916555,-76.47361994,1,0,1,"M",1,1,NA,3,10.88,1,2,51,"P",0,NA,0,"",NA,"",NA,1,NA,"24-JUL-49","ca6062a4-7f4e-42e4-bc98-b73e2780331d","","","","",""
"4468","AE4053002G",3,3,NA,1,11,2,1,1,1,0,6.01,"09-21-2015","19:17:00","","N","N","BACOPD","UNK",3,0,NA,"","",0,"","DAVISON RD",200,"F","S",NA,"","","LANGLEY RD",39.34306822,-76.4421308,1,0,1,"M",1,3,NA,3,88,1,2,88,"P",0,NA,0,"",NA,"Y",NA,1,NA,"04-DEC-07","902b106e-038b-4264-89a2-cb424ef8a47b","","","","","A"
"4469","AE4053003S",1,3,0,2,11,1,1,1,1,0,7.01,"06-15-2016","07:32:00","","N","N","BACOPD","UNK",3,0,4182,"CO","",2.861,"S","BIRD RIVER RD",0,"F","S",8742,"CO","","HICKAM RD",39.34884186,-76.44920647,1,0,1,"M",1,3,NA,3,10.88,1,1,51,"P",0,NA,0,"",NA,"Y",NA,0,NA,"15-DEC-07","cd9cb3a7-8217-4b6b-a66a-390fff4f4d3f","","","","","A"
"4470","AE40530041",5.02,3,0,1,8,2,1,1,1,0,6.01,"09-08-2016","07:38:00","","N","N","BACOPD","UNK",4,0,5033,"CO","",0.74,"S","MACE AVE",50,"F","S",5020,"CO","","MYRTH AVE",39.31656786,-76.47533253,1,0,1,"M",1,2,NA,2,1,0,2,53,"P",0,NA,0,"",NA,"N",NA,1,NA,"20-NOV-91  00:00:00","7db42268-c2fe-41ae-8435-9ecadf1be075","","","","","A"
"4471","AE40530046",1,3,0,1,0,1,1,1,1,0,7.01,"09-30-2016","15:32:00","","N","N","BACOPD","UNK",3,0,4775,"CO","",1.72,"S","MARLYN AVE S",75,"F","N",4789,"CO","","MIDDLEBOROUGH RD",39.2935947,-76.45240903,1,1,1,"M",1,2,NA,3,6,1,1,52,"P",0,NA,0,"",NA,"Y",NA,1,NA,"28-APR-08  00:00:00","fcc12575-bbee-402e-b0e2-6acf86685f26","","","","","A"
"4472","AE4053004D",1,3,0,10.04,17,2,1,1,1,0,6.01,"10/24/2016","17:14:00","","N","N","BACOPD","UNK",4,0,5004,"CO","",0.2,"S","BERKSHIRE RD",0,"F","N",0,"UU","","ALLEY",39.30674153,-76.48090482,1,1,1,"M",1,2,NA,3,6,1,2,88,"P",0,NA,0,"",NA,"Y",NA,1,NA,"30-Dec-08","db0b6bc1-a823-4bcb-9472-c9f9aa8f3037","","","","","A"
"4473","AE4053004W",1,3,NA,NA,17,NA,NA,NA,NA,0,3,"11/29/2016","9:47:00","","N","N","BACOPD","UNK",3,0,NA,"","",NA,"","",NA,"","",NA,"","","",39.34069412,-76.46554381,1,1,1,"F",1,2,NA,3,88,0,1,88,"P",0,NA,0,"",NA,"N",NA,0,NA,"12-Jan-32","5542751e-394f-4bc3-9f21-aed5cb4c143d","","","","","A"
"4474","AE40530053",1,3,0,1,88,2,2,1,4,0,6.01,"1/4/2017","11:33:00","","N","N","BACOPD","UNK",3,0,150,"MD","",3.88,"E","EASTERN BLVD",NA,"F","E",4775,"CO","","MARLYN AVE S",39.31269975,-76.4647606,1,0,1,"F",1,2,NA,3,6,1,1,52,"P",0,NA,0,"",NA,"Y",NA,0,NA,"16-Mar-78","78570fcf-f6e3-487e-b3ca-4fcc3a882efe","","","","","A"
"4475","AE4053005B",1,3,0,0,88,2,NA,1,1,0,7.01,"1/30/2017","12:32:00","","N","N","BACOPD","UNK",3,0,4728,"CO","",1.53,"S","STEMMERS RUN RD",75,"F","N",4758,"CO","","OLD EASTERN AVE",39.31556247,-76.45080708,1,0,1,"F",1,2,NA,3,6,1,1,52,"P",0,NA,0,"",NA,"Y",NA,0,NA,"24-Feb-96","d163647b-43cb-49fa-9e5e-1ea6e52da241","","","","","A"
"4476","AE4053005Y",1,3,0,3,17,2,1,1,1,0,6.01,"5/9/2017","18:02:00","","Y","N","BACOPD","UNK",4,0,8700,"CO","",0.498,"E","CROSSROADS CIR",0,"F","E",43,"MD","","WHITE MARSH BLVD",39.3542246,-76.40919864,1,0,1,"M",1,2,NA,1,5,1,2,54,"P",0,NA,0,"",NA,"Y",NA,21,NA,"13-Apr-81","46d8a101-6f94-470f-936b-ce704ee19675","","","","","A"
"4477","AE40540009",4,3,0,2,3,2,1,1,1,0,6.01,"03-13-2016","00:52:00","","N","N","BACOPD","UNK",1,3,7,"MD","",1.58,"E","PHILADELPHIA RD",0,"F","E",4436,"CO","","SPRING AVE",39.32716257,-76.50524989,1,2,1,"M",1,3,NA,0,88,0,1,88,"P",0,NA,0,"",NA,"Y",NA,0,NA,"03-MAR-74","64a0f00f-081d-40da-aada-9bc0e417208b","MD","","","","A"
"4478","AE40620008",3,3,0,0,3,1,1,1,5.01,0,7.01,"05-07-2016","04:50:00","PC11","N","N","BACOPD","UNK",2,3,4840,"CO","",0,"N","WILLIAMS AVE",50,"F","S",4835,"CO","","SOUTHEASTERN TERR",39.30638352,-76.44706875,1,5,1,"M",1,3,NA,2,88,0,1,56,"P",0,NA,0,"",NA,"N",NA,0,NA,"24-MAY-76","63ffde84-964d-4178-b33c-8b4245bd3183","","","","","A"
"4479","AE40620009",3,3,0,0,17,2,1,1,1,0,6.01,"07-01-2016","22:45:00","PC11","Y","N","BACOPD","UNK",3,0,4967,"CO","",0.54,"S","BACK RIVER NECK RD",NA,"F","N",4840,"CO","","WILLIAMS AVE",39.30875879,-76.44500211,1,0,1,"F",0,2,NA,0,5,1,1,51,"P",0,NA,0,"",NA,"Y",NA,0,NA,"14-OCT-70  00:00:00","34b89832-2e55-461b-b79d-08244a005596","","","","","A"
"4480","AE4076000K",1,3,NA,NA,99,NA,NA,NA,NA,0,6.01,"08-09-2015","18:44:00","PC07","N","N","BACOPD","UNK",1,1,NA,"","",NA,"","",NA,"","",NA,"","","",39.39375459,-76.67358398,1,0,1,"M",0,1,NA,0,0,0,1,56,"P",0,NA,0,"",NA,"N",NA,0,NA,"29-NOV-57","77433825-1312-4b8d-8b1c-935d18436435","","","","",""
"4481","AE40760016",1,3,0,2,7,2,2,1,3,0,6.01,"07-11-2016","15:26:00","PC07","Y","N","BACOPD","UNK",1,2,45,"MD","",3.67,"N","YORK RD",0,"F","N",131,"MD","","SEMINARY AVE",39.42051058,-76.61654547,3,0,1,"F",1,2,NA,3,88,0,1,56,"P",0,NA,0,"",NA,"N",NA,0,NA,"13-SEP-37  00:00:00","f9c0999b-f6a8-4a41-a8ce-e6344ca3f793","MD","C","","","B"
"4482","AE4076001M",1,3,0,1,0,2,1,1,1,0,6.01,"2/28/2017","12:00:00","PC07","N","N","BACOPD","UNK",2,0,924,"CO","",0.24,"E","EVANS AVE",25,"F","W",919,"CO","","VISTA LA",39.43637426,-76.6197373,1,0,1,"M",0,1,NA,0,15.88,0,88,56,"P",0,NA,0,"",NA,"N",NA,0,NA,"25-Sep-85","96a87ed8-2d2c-4e36-b9a5-9de8c83e82cf","","","","",""
"4483","AE4076001Y",1,3,NA,NA,0,NA,NA,NA,NA,0,7.01,"5/21/2017","16:10:00","PC07","N","N","BACOPD","UNK",2,0,NA,"","",NA,"","",NA,"","",NA,"","","",39.42526468,-76.6399169,1,0,1,"M",0,1,NA,0,15.88,0,88,0,"P",0,NA,0,"",NA,"N",NA,0,NA,"13-Nov-78","1dec91f4-e189-4541-b377-ab0129964c01","","","","",""
"4484","AE4083000K",4,3,NA,1,88,2,2,1,4,0,6.01,"01-14-2015","21:58:00","PC09","N","N","BACOPD","UNK",3,0,6539,"CO","",0.15,"E","HONEYGO BLVD",36,"F","E",6833,"CO","","SANDPIPER CIR",39.37254229,-76.47121668,1,0,1,"F",1,3,NA,2,6,1,1,52,"P",0,NA,0,"",NA,"",NA,0,NA,"14-NOV-94","f5747fe6-98c9-4dfe-aa16-f2a5829a73d4","","N/A","","","A"
"4485","AE4083000M",4,3,NA,1,88,2,2,1,3,0,6.01,"02-11-2015","02:12:00","PC12","N","N","BACOPD","UNK",3,0,151,"MD","",4.87,"N","NORTH POINT BLVD",300,"F","N",5510,"CO","","TRAPPE RD",39.28054091,-76.48534656,1,1,1,"F",2,5,NA,3,6,1,1,52,"P",0,NA,0,"",NA,"",NA,0,NA,"11-JUL-87","adfd89c9-8819-475d-a594-fe9df87b6328","MD","C","","","A"
"4486","AE4083000T",4,3,NA,1,88,1,2,1,5.01,0,3,"04-09-2015","21:44:00","PC09","N","N","BACOPD","UNK",4,0,7,"MD","",2.25,"E","PHILADELPHIA RD",550,"F","E",4453,"CO","","GOLDEN RING RD",39.33449659,-76.49411201,1,0,1,"M",1,3,NA,2,6,0,2,53,"P",0,NA,0,"",NA,"",NA,1,NA,"04-MAR-70","32c02750-9e96-44e7-8a74-c1b8c63871e7","MD","C","","","A"
"4487","AE4083000V",3,3,NA,3,88,2,1,1,1,0,6.01,"04-13-2015","22:57:00","PC08","Y","N","BACOPD","UNK",3,0,147,"MD","",0.96,"N","HARFORD RD",28,"F","N",3482,"CO","","PUTTY HILL AVE",39.38319071,-76.53451681,1,0,3,"F",1,3,NA,3,5,3,1,51,"P",0,NA,0,"",NA,"",NA,0,NA,"03-DEC-90","ed8c8e20-3805-481b-96a9-a3133155ba02","","","","","A"
"4488","AE4083000V",3,3,NA,3,88,2,1,1,1,0,6.01,"04-13-2015","22:57:00","PC08","Y","N","BACOPD","UNK",3,0,147,"MD","",0.96,"N","HARFORD RD",28,"F","N",3482,"CO","","PUTTY HILL AVE",39.38319071,-76.53451681,1,0,3,"F",1,3,NA,3,5,3,1,51,"P",0,NA,0,"",NA,"",NA,0,NA,"30-APR-10","f9c44087-fdb0-440d-9c1b-17ea950be34f","","","","","A"
"4489","AE4083000V",3,3,NA,3,88,2,1,1,1,0,6.01,"04-13-2015","22:57:00","PC08","Y","N","BACOPD","UNK",3,0,147,"MD","",0.96,"N","HARFORD RD",28,"F","N",3482,"CO","","PUTTY HILL AVE",39.38319071,-76.53451681,1,0,3,"F",1,3,NA,3,5,3,1,51,"P",0,NA,0,"",NA,"",NA,0,NA,"24-MAY-11","e4218a54-54f8-41f1-9a29-a0ad108bf342","","","","","B"
"4490","AE40830012",3,3,NA,3,88,2,1,1,4,0,6.01,"06-29-2015","21:07:00","PC01","Y","N","BACOPD","UNK",3,0,40,"US","",2.69,"E","BALTO NATIONAL PIKE",44,"F","W",NA,"UU","","ENT TO WESTVIEW SHOPPING CENTER",39.28743736,-76.73439771,1,1,1,"M",1,5,NA,2,6,1,1,51,"P",0,NA,0,"",NA,"Y",NA,0,NA,"10-OCT-33","84961490-0ec1-4f3b-85e3-fb4590115193","MD","ID","","","A"
"4491","AE40830015",4,3,0,1,88,1,1,1,1,0,6.01,"08-20-2015","22:24:00","PC01","N","N","BACOPD","UNK",3,0,1,"US","AL",0.99,"N","WASHINGTON BLVD",117,"F","N",3174,"CO","","HANNAH AVE",39.23821978,-76.68306828,1,0,1,"F",1,3,NA,3,6,1,1,56,"P",0,NA,0,"",NA,"Y",NA,1,NA,"08-JUL-93","3c375c11-3365-4206-b2c1-a75cc04ced99","MD","ID","","","A"
"4492","AE4083001F",3,3,NA,NA,8,NA,NA,NA,NA,0,6.01,"12-08-2015","00:06:00","PC06","N","N","BACOPD","UNK",3,0,NA,"","",NA,"","",NA,"","",NA,"","","",39.40889282,-76.6083312,1,1,1,"M",2,3,NA,1,6,1,1,88,"P",1,NA,1,"",NA,"Y",NA,0,NA,"05-APR-87","388a8f26-e84b-4e90-bd9e-b87090f54b20","TX","C","","","A"
"4493","AE4083001K",3,3,0,3,88,2,1,1,4,0,6.01,"01-14-2016","02:26:00","PC2","N","N","BACOPD","UNK",3,0,157,"MD","",2.84,"N","MERRITT BLVD",6,"F","N",5384,"CO","","KIRKLEIGH RD",39.26163787,-76.50842696,1,0,1,"M",2,3,NA,99,6,1,1,51,"P",0,NA,0,"",NA,"Y",NA,0,NA,"17-FEB-91","b9cafa2b-628e-4739-9a5e-e45bd202bfd9","MD","","","","A"
"4494","AE4083001N",4,3,0,1,88,2,2,1,1,0,6.01,"03-23-2016","03:27:00","PC01","N","N","BACOPD","UNK",3,0,1,"US","AL",1.16,"N","WASHINGTON BLVD",392,"F","S",3177,"CO","","NORTHEAST AVE",39.23929173,-76.68189079,1,0,1,"M",99,3,NA,3,6,1,1,53,"P",0,NA,0,"",NA,"Y",NA,1,NA,"03-FEB-94","894a8d49-9224-4441-bc94-a6a915784007","MD","C","","","A"
"4495","AE4083001Q",3,3,0,1,88,1,1,1,1,0,7.01,"04-01-2016","22:54:00","PC12","N","N","BACOPD","UNK",3,0,5500,"CO","",0.23,"S","TRAPPE RD",330,"F","S",5488,"CO","","WALLFORD DR",39.27534493,-76.49087593,1,1,1,"M",1,3,NA,3,6,1,1,52,"P",0,NA,0,"",NA,"Y",NA,0,NA,"02-FEB-00","67124199-97de-4874-b3ce-d1327af24f6b","","","","","A"
"4496","AE4083001R",3,3,NA,NA,88,NA,NA,NA,NA,0,5,"04-03-2016","01:47:00","PC01","N","N","BACOPD","UNK",3,0,NA,"","",NA,"","",NA,"","",NA,"","","",39.23501215,-76.64684236,1,0,2,"F",1,3,NA,3,88,0,1,56,"P",0,NA,0,"",NA,"N",NA,0,NA,"21-FEB-77","cc231e64-04ce-46df-b8dc-c638ed8ceec6","","","","","A"
"4497","AE4083001R",3,3,NA,NA,88,NA,NA,NA,NA,0,5,"04-03-2016","01:47:00","PC01","N","N","BACOPD","UNK",3,0,NA,"","",NA,"","",NA,"","",NA,"","","",39.23501215,-76.64684236,1,0,2,"F",1,3,NA,2,88,0,1,56,"P",0,NA,0,"",NA,"N",NA,0,NA,"09-AUG-92","e892847e-da90-4f89-8c90-d2e99a965bb3","","","","","B"
"4498","AE4083001S",3,3,0,2,88,2,1,1,5.01,0,6.01,"04-21-2016","22:53:00","PC12","N","N","BACOPD","UNK",3,0,5560,"CO","",1.31,"E","WISE AVE",0,"F","E",5563,"CO","","MIDWAY AVE",39.26214044,-76.48125753,1,0,1,"M",1,3,NA,3,6,1,1,51,"P",0,NA,0,"",NA,"Y",NA,1,NA,"24-MAR-99","aa08db4e-ca2f-4389-a0c1-36d7e3044546","","","","","A"
"4499","AE4083001T",3,3,0,3,88,2,1,1,1,0,6.01,"05-03-2016","21:25:00","PC12","Y","N","BACOPD","UNK",3,0,5278,"CO","",1.83,"S","SOLLERS POINT RD",38,"F","N",5284,"CO","","BELCLARE RD",39.25215547,-76.50975466,1,2,1,"M",1,3,NA,2,6,99,1,52,"P",0,NA,0,"",NA,"Y",NA,1,NA,"30-DEC-57","f0b64399-02f6-44e8-ab88-934291a26643","","","","","A"
"4500","AE40830021",3,3,0,1,88,2,1,1,1,0,6.01,"10/4/2016","1:05:00","PC11","N","N","BACOPD","UNK",3,0,4465,"CO","",0.39,"S","MIDDLE RIVER RD",500,"F","S",40,"US","","PULASKI HWY",39.35170517,-76.45237684,1,0,1,"M",2,4,NA,3,6,1,1,52,"P",0,NA,0,"",NA,"Y",NA,1,NA,"30-Jul-61","4fb3ffd8-beb4-4c56-aa57-e6478948ec39","MD","N/A","","","A"
"4501","AE40830024",3,3,0,1,88,2,1,1,4,0,6.01,"11/6/2016","21:26:00","PC11","N","N","BACOPD","UNK",3,0,4465,"CO","",1.67,"S","MIDDLE RIVER RD",700,"F","S",4483,"CO","","WINDLASS DR",39.33457127,-76.44490957,1,3,1,"M",1,5,NA,2,6,1,1,52,"P",0,NA,0,"",NA,"Y",NA,0,NA,"11-Apr-90","b5ff3542-d56b-49c6-8fb5-e6d82e9f0925","MD","ID","","","A"
"4502","AE40830027",3,3,NA,1,88,2,NA,1,5.01,0,6.01,"12/15/2016","0:36:00","PC03","Y","N","BACOPD","UNK",3,0,NA,"","",7.62,"N","REISTERSTOWN RD",162,"F","N",NA,"","","HAMMERSHIRE RD",39.44240739,-76.80850983,1,0,1,"M",1,3,NA,2,3,0,1,53,"P",0,NA,0,"",NA,"N",NA,0,NA,"29-Mar-79","563bf883-4b9f-4376-bcb2-1cd4ac2c7539","MD","C","","","A"
"4503","AE4083002G",4,3,0,3,88,2,1,1,4,0,6.01,"4/10/2017","22:25:00","PC06","N","N","BACOPD","UNK",3,0,1164,"CO","",1.23,"E","FAIRMOUNT AVE",6,"F","W",1154,"CO","","RADCLIFFE RD",39.41004504,-76.60778403,1,0,1,"F",1,3,NA,2,6,1,1,51,"P",0,NA,0,"",NA,"Y",NA,0,NA,"23-Jan-98","7c9c51b5-0ece-4c74-ba91-9e35295aaee0","","","","","A"
"4504","AE4086001D",1,3,NA,1,88,0,NA,1,88,0,7.01,"04-20-2015","10:09:00","6","N","N","BACOPD","UNK",3,0,1153,"CO","",0.45,"S","BOSLEY AVE",30,"F","S",7032,"CO","","JOPPA RD W",39.40384749,-76.6083996,1,0,1,"M",NA,3,NA,2,5,1,1,51,"P",0,NA,0,"",NA,"",NA,1,NA,"26-AUG-83","bbb37ba2-957e-42ff-81da-eb0125da1e0f","MD","ID","","",""
"4505","AE4086001Y",1,3,0,2,17,2,1,1,0,0,6.01,"09-24-2015","11:21:00","6","Y","N","BACOPD","UNK",3,0,1170,"CO","",0.13,"S","VIRGINIA AVE",0,"F","S",1166,"CO","","PENNSYLVANIA AVE",39.40018073,-76.59996808,1,0,1,"F",1,4,NA,2,5,1,1,51,"P",0,NA,0,"",NA,"N",NA,1,NA,"19-OCT-80","f344a180-3a2a-461c-915e-207b73e86b16","MD","C","","","A"
"4506","AE4086001Z",1,3,NA,NA,17,NA,NA,NA,NA,0,2,"09-29-2015","09:28:00","6","N","N","BACOPD","UNK",3,0,NA,"","",NA,"","",NA,"","",NA,"","","",39.37368164,-76.65120363,1,0,1,"F",1,3,NA,2,88,0,1,88,"P",0,NA,0,"",NA,"N",NA,0,NA,"11-JAN-36","f526248a-de68-4e92-bbb2-26bde5bf4071","","C","","",""
"4507","AE40860024",1,3,NA,NA,17,NA,NA,NA,NA,0,6.01,"10-22-2015","10:37:00","6","N","N","BACOPD","UNK",3,0,NA,"","",NA,"","",NA,"","",NA,"","","",39.37292462,-76.60944968,1,0,1,"F",1,3,NA,2,2,0,1,88,"P",0,NA,0,"",NA,"Y",NA,1,NA,"07-JUL-90","db852b90-6553-4914-a348-fbb6f9f6d67a","MD","C","","",""
"4508","AE4086002F",1,3,0,3,17,1,2,1,2,0,7.01,"12-22-2015","08:18:00","6","N","N","BACOPD","UNK",3,0,1179,"CO","",0.34,"E","CHESAPEAKE AVE W",10,"F","W",6178,"CO","","COURTLAND AVE",39.39980115,-76.60639197,1,0,1,"F",1,3,NA,3,5,1,1,51,"P",0,NA,0,"",NA,"N",NA,0,NA,"21-DEC-53","f9fa4ae1-07e3-4b15-9552-c132ed673787","MD","C","","","A"
"4509","AE4086002H",1,3,NA,NA,17,NA,NA,NA,NA,0,6.01,"12-31-2015","10:02:00","6","N","N","BACOPD","UNK",3,0,NA,"","",NA,"","",NA,"","",NA,"","","",39.40113628,-76.59297019,1,0,1,"M",1,3,NA,3,3,1,1,51,"P",0,NA,0,"",NA,"N",NA,1,NA,"04-MAR-65","e525db26-d8fc-4269-a666-1388089194a9","NC","","","",""
"4510","AE4086002Q",1,3,0,3,17,2,NA,1,1,0,6.01,"03-07-2016","08:28:00","6","N","N","BACOPD","UNK",3,0,8762,"CO","",6.76,"W","JOPPA RD E",500,"F","W",1170,"CO","","VIRGINIA AVE",39.40223543,-76.59772709,1,0,1,"M",1,3,NA,3,6,1,1,56,"P",0,NA,0,"",NA,"N",NA,0,NA,"18-NOV-62","71ce21f1-f680-4345-839a-3b3cacc89a7f","MD","C","","",""
"4511","AE40860036",1,3,0,1,11,2,1,1,1,0,6.01,"06-13-2016","08:01:00","6","N","N","BACOPD","UNK",3,0,1460,"CO","",0.18,"E","LAKE AVE W",100,"F","W",1453,"CO","","LAKE FALLS RD",39.37350125,-76.64714947,1,0,1,"M",1,3,NA,3,6,1,1,61,"P",0,NA,0,"",NA,"Y",NA,1,NA,"26-AUG-03","a8b87564-39ee-483d-b9c9-428f8ca70b9c","","","","","A"
"4512","AE40860049",1,3,0,2,11,2,NA,1,1,0,6.01,"3/6/2017","13:27:00","6","Y","N","BACOPD","UNK",3,0,1200,"CO","",1.01,"E","STEVENSON LA",0,"F","E",1353,"CO","","OSLER DR",39.38356506,-76.61112472,1,0,1,"M",1,3,NA,3,5,2,2,54,"P",0,NA,0,"",NA,"N",NA,1,NA,"29-Apr-95","8e003baf-7284-4752-8cf6-458bb5185f18","","","","","A"
"4513","AE40900004",3,3,NA,2,17,2,1,1,1,0,6.01,"05-11-2015","22:06:00","","Y","N","BACOPD","UNK",3,0,1400,"CO","",0.23,"W","JOPPA RD",0,"F","W",6209,"CO","","SEVEN COURTS DR",39.39796436,-76.48441985,1,0,1,"M",NA,2,NA,1,5,1,1,51,"P",0,NA,0,"",NA,"",NA,0,NA,"19-JAN-95","194c4dbf-45a9-4b3e-a778-0d6bd7e9b91d","","","","",""
"4514","AE4090000F",3,3,0,2,17,2,1,1,1,0,6.01,"09-06-2015","22:35:00","08","Y","N","BACOPD","UNK",3,0,1400,"CO","",0.23,"W","JOPPA RD",0,"F","W",6209,"CO","","SEVEN COURTS DR",39.39796643,-76.48441315,1,0,1,"M",NA,3,NA,3,9.05,2,1,51,"P",0,NA,0,"",NA,"N",NA,1,NA,"04-SEP-86","1bfc2dcb-a168-4b17-a5c7-b6884425dff5","","","","","A"
"4515","AE4102000G",1,3,0,2,17,2,1,1,1,0,6.01,"07-20-2015","09:15:00","AE","N","N","BACOPD","UNK",3,0,6429,"CO","",0,"S","SHERINGTON RD",0,"F","S",4090,"CO","","SILVER SPRING RD",39.38904499,-76.47644162,1,0,1,"M",1,3,NA,1,6,1,1,51,"P",0,NA,0,"",NA,"N",NA,0,NA,"08-JUN-78","92222f57-46f9-44d0-8064-4ee636e1dccc","MD","c","","",""
"4516","AE4102001D",1,3,NA,NA,17,NA,NA,NA,NA,0,6.01,"10-06-2015","16:05:00","AE","N","N","BACOPD","UNK",3,0,NA,"","",NA,"","",NA,"","",NA,"","","",39.32213101,-76.49174094,1,0,1,"M",1,3,NA,0,0,1,1,56,"P",0,NA,0,"",NA,"N",NA,0,NA,"25-APR-79","55803d99-ca0c-49dd-b972-0e9adacf94c2","","","","","A"
"4517","AE4102001G",1,3,0,3,88,2,1,1,1,0,6.01,"10-07-2015","18:24:00","AE","Y","N","BACOPD","UNK",3,0,1,"US","",21.01,"N","BELAIR RD",100,"F","S",4036,"CO","","CHAPEL RD",39.4141067,-76.46229029,1,0,1,"M",1,3,NA,1,4,1,2,52,"P",0,NA,0,"",NA,"Y",NA,1,NA,"12-FEB-01","86641ea2-1f9a-4fcc-ba8b-2c2e050063db","","","","","A"
"4518","AE4102002K",1,3,NA,NA,88,NA,NA,NA,NA,0,6.01,"12-11-2015","09:09:00","AE","N","N","BACOPD","UNK",6,0,NA,"","",NA,"","",NA,"","",NA,"","","",39.35513145,-76.4832437,1,0,2,"M",1,1,NA,0,0,0,6,0,"P",0,NA,0,"",NA,"N",NA,0,NA,"22-JUL-76","17f6f10e-6c53-44eb-9342-12924937663a","","","","",""
"4519","AE4102002K",1,3,NA,NA,88,NA,NA,NA,NA,0,6.01,"12-11-2015","09:09:00","AE","N","N","BACOPD","UNK",6,0,NA,"","",NA,"","",NA,"","",NA,"","","",39.35513145,-76.4832437,1,0,2,"M",1,3,NA,3,6,0,7,53,"P",0,NA,0,"",NA,"N",NA,1,NA,"21-JUL-70","73cf111f-def8-4c43-9ed2-2a99107078a9","MD","C","","","A"