"UNIQUE_ID","REPORT_NO","LIGHT_CODE","COUNTY_NO","MUNI_CODE","JUNCTION_CODE","COLLISION_TYPE_CODE","SURF_COND_CODE","LANE_CODE","RD_COND_CODE","RD_DIV_CODE","FIX_OBJ_CODE","WEATHER_CODE","ACC_DATE","ACC_TIME","LOC_CODE","SIGNAL_FLAG","C_M_ZONE_FLAG","AGENCY_CODE","AREA_CODE","HARM_EVENT_CODE1","HARM_EVENT_CODE2","RTE_NO","ROUTE_TYPE_CODE","RTE_SUFFIX","LOG_MILE","LOGMILE_DIR_FLAG","MAINROAD_NAME","DISTANCE","FEET_MILES_FLAG","DISTANCE_DIR_FLAG","REFERENCE_NO","REFERENCE_TYPE_CODE","REFERENCE_SUFFIX","REFERENCE_ROAD_NAME","LATITUDE","LONGITUDE","drv","occ","ped","SEX_CODE","CONDITION_CODE","INJ_SEVER_CODE","OCC_SEAT_POS_CODE","PED_VISIBLE_CODE","PED_LOCATION_CODE","PED_OBEY_CODE","PED_TYPE_CODE","MOVEMENT_CODE","PERSON_TYPE","ALCOHOL_TEST_CODE","ALCOHOL_TESTTYPE_CODE","DRUG_TEST_CODE","DRUG_TESTRESULT_CODE","BAC_CODE","FAULT_FLAG","EQUIP_PROB_CODE","SAF_EQUIP_CODE","EJECT_CODE","DATE_OF_BIRTH","PERSON_ID","LICENSE_STATE_CODE","CLASS","CDL_FLAG","VEHICLE_ID","EMS_UNIT_LABEL"
"4520","AE41020038",1,3,0,2,88,2,1,1,2,0,6.01,"01-20-2016","15:31:00","AE","N","N","BACOPD","UNK",3,1,588,"MD","",0.69,"N","KENWOOD AVE",0,"F","N",4394,"CO","","WEYBURN RD",39.33939242,-76.50538802,1,0,1,"M",1,3,NA,3,6,1,1,52,"P",0,NA,0,"",NA,"Y",NA,1,NA,"29-NOV-99","74a4053e-6af1-49ae-988f-b951c983192b","","","","","A"
"4521","AE4102003D",1,3,0,1,17,3,1,8,1,0,6.01,"01-26-2016","12:44:00","AE","N","N","BACOPD","UNK",3,1,4232,"CO","",0,"S","OVERLEA AVE E",250,"F","S",1,"US","","BELAIR RD",39.35658632,-76.5274626,1,0,1,"M",1,3,NA,2,6,1,1,52,"P",0,NA,0,"",NA,"Y",NA,0,NA,"13-JUN-11","07e9510f-379d-4dcb-bcbc-7ba69417c562","","","","","A"
"4522","AE4102004V",4,3,0,2,17,2,1,1,2,0,6.01,"04-12-2016","08:37:00","AE","Y","N","BACOPD","UNK",5,0,4372,"CO","",0.65,"N","KENWOOD AVE",0,"F","N",4357,"CO","","GOLDEN RING RD",39.33769655,-76.5049696,1,0,1,"M",99,1,NA,99,0,99,2,51,"P",0,NA,0,"",NA,"Y",NA,99,NA,"01-JAN-00","ecacc645-57ee-4c24-9c42-89e45c783a63","","","","",""
"4523","AE41020076",1,3,0,2,17,2,1,1,1,0,0,"10/24/2016","8:33:00","AE","Y","N","BACOPD","UNK",3,0,6880,"CO","",0.1,"S","CAMPBELL BLVD",0,"F","S",6945,"CO","","TOWN CENTER DR",39.37300881,-76.46028534,1,0,1,"F",1,3,NA,2,9.05,2,1,51,"P",0,NA,0,"",NA,"N",NA,0,NA,"6-Sep-91","fb4d7435-3576-496b-8cec-2eba7bafd0cf","MD","C","","","A"
"4524","AE4102007L",1,3,NA,1,17,2,1,1,1,0,6.01,"12/9/2016","12:30:00","AE","N","N","BACOPD","UNK",3,0,NA,"","",17.65,"N","BELAIR RD",500,"F","S",4200,"CO","","RIDGE RD",39.37645063,-76.50628924,1,0,1,"M",2,3,NA,3,6,1,1,88,"P",0,NA,0,"",NA,"Y",NA,0,NA,"8-Aug-67","f670eb5e-e65c-4999-b06e-8a6c285748a5","MA","C","","","A"
"4525","AE4102008D",1,3,NA,NA,88,NA,NA,NA,NA,0,6.01,"2/2/2017","13:30:00","AE","N","N","BACOPD","UNK",1,2,NA,"","",NA,"","",NA,"","",NA,"","","",39.35266753,-76.48216009,1,0,1,"F",0,1,NA,0,88,88,88,88,"P",0,NA,0,"",NA,"N",NA,88,NA,"5-Dec-98","9d8e8efa-5f8e-4f95-9806-3ee4c1dbef82","MD","C","","",""
"4526","AE4102008H",0,3,NA,NA,17,NA,NA,NA,NA,0,7.01,"2/7/2017","13:00:00","AE","N","N","BACOPD","UNK",3,0,NA,"","",NA,"","",NA,"","",NA,"","","",39.37583174,-76.46183163,1,0,1,"F",1,3,NA,2,6,1,1,52,"P",0,NA,0,"",NA,"Y",NA,0,NA,"2-Mar-51","46ad64ad-4842-4f41-b614-b97aebdfb08a","","","","","A"
"4527","AE4102008X",1,3,0,2,17,2,1,1,1,0,6.01,"2/28/2017","7:45:00","AE","Y","N","BACOPD","UNK",3,0,4394,"CO","",0.12,"S","WEYBURN RD",0,"F","S",4357,"CO","","GOLDEN RING RD",39.33829867,-76.50674455,1,0,1,"F",1,3,NA,3,6,1,1,51,"P",0,NA,0,"",NA,"Y",NA,0,NA,"5-Oct-93","7c011ca8-a143-48d0-9f5f-3b49c114e018","MD","C","","","A"
"4528","AE41020097",1,3,0,2,2,2,1,1,4,9,7.01,"3/20/2017","16:50:00","AE","Y","N","BACOPD","UNK",1,3,7,"MD","",2.8,"E","PHILADELPHIA RD",0,"F","E",7269,"CO","","FONTANA LA",39.33865288,-76.48785442,2,0,1,"F",1,3,NA,2,3,99,1,53,"P",0,NA,0,"",NA,"N",NA,0,NA,"9-Apr-96","289155ca-7955-45cc-956f-0b03656f00ca","","","","",""
"4529","AE4102009C",1,3,NA,NA,17,NA,NA,NA,NA,0,7.01,"3/28/2017","12:00:00","AE","N","N","BACOPD","UNK",3,0,NA,"","",NA,"","",NA,"","",NA,"","","",39.33454949,-76.48656026,1,0,1,"M",1,3,NA,3,4,0,1,56,"P",0,NA,0,"",NA,"N",NA,0,NA,"18-Jun-61","abfeed3b-1ab4-45ba-9d82-8d761483f3e8","","","","","A"
"4530","AE4102009K",1,3,0,2,17,2,1,1,1,0,6.01,"4/13/2017","16:30:00","AE","N","N","BACOPD","UNK",1,4,388,"OP","",0.18,"N","FONTANA LA",0,"F","N",392,"OP","","CAPELLA CT",39.34210573,-76.49110794,1,0,1,"F",1,3,NA,2,6,1,2,51,"P",0,NA,0,"",NA,"Y",NA,0,NA,"19-Jan-11","4c150b03-c4cd-4fce-9697-d6bf8480169e","","","","","A"
"4531","AE4102009L",1,3,0,1,17,1,2,1,1,4,7.01,"4/25/2017","7:51:00","AE","N","N","BACOPD","UNK",3,9,4458,"CO","",2.38,"E","ROSSVILLE BLVD",200,"F","E",95,"IS","","J F K MEMORIAL HWY",39.35493649,-76.48551285,1,0,1,"M",1,4,NA,2,3,0,1,63.88,"P",0,NA,0,"",NA,"N",NA,0,NA,"30-Mar-98","692ea0ce-04d7-4cff-8da9-f5a5728e0424","","","","","A"
"4532","AE41030010",1,3,0,2,11,2,1,1,1,0,6.01,"09-17-2016","10:40:00","","Y","N","BACOPD","UNK",4,0,654,"CO","",0,"W","CARAWAY RD",0,"F","W",140,"MD","","REISTERSTOWN RD",39.45096578,-76.8191126,1,0,1,"M",1,2,NA,1,9.05,99,2,51,"P",0,NA,0,"",NA,"N",NA,1,NA,"02-APR-00  00:00:00","0db0b6f5-9184-4857-a5e2-8f01ab066d0e","","","","",""
"4533","AE4108000C",1,3,0,2,17,2,1,1,1,0,6.01,"07-11-2015","17:50:00","","Y","N","BACOPD","UNK",3,0,5033,"CO","",0.42,"S","MACE AVE",0,"F","S",4766,"CO","","ESSEX AVE",39.32101883,-76.47321224,1,2,1,"M",1,3,NA,3,6,1,1,51,"P",0,NA,0,"",NA,"Y",NA,1,NA,"25-MAR-99","272f1972-41fd-455f-b9a0-0e9171045d0a","","","","","A"
"4534","AE4115000Q",4,3,NA,1,88,2,2,1,5.01,0,6.01,"01-29-2015","05:44:00","","N","N","BACOPD","UNK",3,0,26,"MD","",9.587,"E","LIBERTY RD",35,"F","E",1852,"CO","","CAMPFIELD RD",39.34076983,-76.72280788,1,0,1,"M",1,3,NA,2,0,1,2,53,"P",0,NA,0,"",NA,"",NA,1,NA,"10-JAN-64","a49ea1c6-3a40-4f38-992d-8cbcae0578b9","","","","","A"
"4535","AE4115000R",3,3,NA,1,88,2,1,1,5.01,0,6.01,"02-07-2015","18:12:00","","N","N","BACOPD","UNK",3,0,4967,"CO","",0.45,"S","BACK RIVER NECK RD",88,"F","S",4844,"CO","","FRENCHS AVE",39.30987946,-76.44591808,1,1,1,"M",5,4,NA,2,6,1,1,52,"P",0,NA,0,"",NA,"",NA,1,NA,"30-APR-97","0f8998b0-fe10-4757-9cb6-2e601e035a86","","","","","A"
"4536","AE4115000S",3,3,NA,1,88,2,2,1,4,0,6.01,"03-07-2015","05:51:00","","N","N","BACOPD","UNK",3,0,122,"MD","",0.67,"E","SECURITY BLVD",39,"F","E",695,"RP","","RAMP 3 FR MD 122 EB TO RAMP 2 (TO IS695)",39.31236149,-76.74352527,1,0,1,"F",99,2,NA,3,6,1,1,53,"P",0,NA,0,"",NA,"",NA,1,NA,"27-JUN-90","009b46e8-8a7d-4e1f-8e46-f085d2331f50","","","","","A"
"4537","AE41150011",1,3,NA,3,88,2,2,1,4,0,6.01,"05-23-2015","17:10:00","","N","N","BACOPD","UNK",3,0,40,"US","",19.13,"E","PULASKI HWY",47,"F","E",4465,"CO","","MIDDLE RIVER RD",39.35318189,-76.45387888,1,0,1,"M",1,3,NA,3,6,1,1,52,"P",0,NA,0,"",NA,"",NA,1,NA,"27-AUG-86","61d61d88-ef6f-4839-808b-de1ba838edc1","","","","","A"
"4538","AE4115001J",1,3,0,2,88,2,2,1,4,0,6.01,"09-17-2015","14:17:00","","Y","N","BACOPD","UNK",4,0,40,"US","",22.46,"E","PULASKI HWY",0,"F","E",3959,"CO","","STEVENS RD",39.38989075,-76.41472936,1,0,1,"F",1,3,NA,1,6,1,2,54,"P",0,NA,0,"",NA,"Y",NA,1,NA,"12-APR-97","7dbaff6d-d5f9-4165-965f-51abdf3a2a7d","","","","","A"
"4539","AE41150020",4,3,0,1,88,1,1,1,1,0,6.01,"12-25-2015","20:24:00","","N","N","BACOPD","UNK",3,0,2511,"CO","",0.8,"N","JOHNNYCAKE RD",NA,"F","N",2499,"CO","","KENT AVE",39.29629006,-76.73411876,1,0,1,"F",1,5,NA,2,6,1,1,52,"P",0,NA,0,"",NA,"Y",NA,1,NA,"01-MAR-61","9999f9e1-1a70-4f94-b86a-dbdea53f1ad7","","","","","A"
"4540","AE41150029",1,3,0,1,88,2,1,1,1,0,0,"04-13-2016","15:30:00","","N","N","BACOPD","UNK",3,0,3239,"CO","",1.13,"S","HOLLINS FERRY RD",72,"F","N",0,"UU","","ALLEY",39.23760486,-76.65642858,1,4,1,"F",1,3,NA,3,6,1,1,52,"P",0,NA,0,"",NA,"Y",NA,1,NA,"24-JAN-08","b39c6f42-8bea-45ed-a204-7cff554c6fe9","","","","","A"
"4541","AE4115002H",1,3,0,3,88,2,2,1,1,0,6.01,"06-09-2016","18:10:00","","Y","N","BACOPD","UNK",3,0,26,"MD","",9.467,"E","LIBERTY RD",15,"F","W",1902,"CO","","ST LUKES LA",39.34274359,-76.72782764,1,0,1,"M",1,4,NA,3,5,2,1,51,"P",0,NA,0,"",NA,"N",NA,1,NA,"10-JUN-95","391139c6-ccc6-4b8b-89f3-472aa935c6d6","","","","","A"
"4542","AE4115002Q",1,3,0,1,88,2,1,1,1,18.88,0,"08-12-2016","14:41:00","","N","N","BACOPD","UNK",9,3,995,"CO","",0.36,"E","SEMINARY AVE",200,"F","E",966,"CO","","PICKETT RD",39.42258361,-76.60981581,1,0,1,"F",1,4,NA,1,6,1,1,88,"P",0,NA,0,"",NA,"N",NA,1,NA,"02-DEC-03  00:00:00","62af3fa5-2fce-4bb6-a5c7-929b1a1ee29a","","","","","A"
"4543","AE41150033",3,3,0,3,88,2,1,1,1,0,6.01,"12/3/2016","17:04:00","","N","N","BACOPD","UNK",3,0,140,"MD","",0.39,"N","REISTERSTOWN RD",0,"F","N",1750,"CO","","DREHER AVE",39.36714697,-76.71597496,1,0,1,"M",1,3,NA,2,6,1,1,52,"P",0,NA,0,"",NA,"Y",NA,1,NA,"2-Mar-38","22668ed6-e60b-4708-92ac-126f3a36f141","MD","","","","A"
"4544","AE4115003B",1,3,0,2,88,2,2,1,4,0,6.01,"3/18/2017","16:23:00","","Y","N","BACOPD","UNK",3,0,151,"MD","",6.5,"N","NORTH POINT BLVD",0,"F","N",0,"UU","","ENT TO EASTPOINT MALL",39.29160665,-76.51048495,1,0,1,"M",1,4,NA,3,6,3,88,51,"P",0,NA,0,"",NA,"Y",NA,1,NA,"26-Mar-03","c40a4a8b-e5cc-4094-b01b-873d164bbfd2","","","","","A"
"4545","AE4115003R",1,3,0,1,88,2,1,1,1,0,6.01,"5/18/2017","14:01:00","","N","N","BACOPD","UNK",3,0,4775,"CO","",0.21,"S","MARLYN AVE S",23,"F","S",4818,"CO","","GLASS AVE",39.30964477,-76.4646936,1,0,1,"M",1,4,NA,3,6,1,1,52,"P",0,NA,0,"",NA,"Y",NA,1,NA,"1-Jul-91","2cdb3232-b94e-44a5-a680-ce917cde7e65","","","","","A"
"4546","AE4115003S",1,3,0,1,88,1,1,1,1,0,7.01,"5/27/2017","14:49:00","","N","N","BACOPD","UNK",3,0,4471,"CO","",1.195,"E","WAMPLER RD",227.58,"F","W",4175,"CO","","STERLING AVE",39.34479533,-76.43635277,1,0,1,"M",1,3,NA,3,6,1,1,52,"P",0,NA,0,"",NA,"Y",NA,1,NA,"27-Jul-05","8c677d81-2b93-4c69-a3aa-5513e77ef605","","","","","A"
"4547","AE4115003X",1,3,0,8.04,88,2,1,1,1,0,6.01,"6/22/2017","16:17:00","","N","N","BACOPD","UNK",3,0,1364,"CO","",0.14,"E","ALLEGHENY AVE",0.21,"M","E",1363,"CO","","WOODBINE AVE",39.40249227,-76.61166573,1,0,1,"F",1,4,NA,1,6,1,1,52,"P",0,NA,0,"",NA,"Y",NA,1,NA,"5-Jul-11","4154d02a-e10f-4180-a358-cddbd3186860","","","","","A"
"4548","AE41150040",1,3,0,1,88,2,NA,1,5.01,0,6.01,"6/24/2017","18:39:00","","Y","N","BACOPD","UNK",3,0,4967,"CO","",0.69,"S","BACK RIVER NECK RD",0,"F","S",4849,"CO","","POLES RD",39.30696152,-76.44339547,1,0,1,"F",1,4,NA,1,10.88,1,1,51,"P",0,NA,0,"",NA,"Y",NA,1,NA,"21-Nov-65","2bb5a748-c953-4d79-8401-8dc0a52a319c","","","","","A"
"4549","AE41150041",1,3,0,9.04,88,2,3,1,1,0,6.01,"6/27/2017","12:52:00","","N","N","BACOPD","UNK",3,0,1,"US","AL",1.91,"N","WASHINGTON BLVD",9,"F","N",0,"UU","","ENT TO BUSINESS",39.24860202,-76.67077303,1,0,1,"M",1,4,NA,3,6,1,1,52,"P",0,NA,0,"",NA,"Y",NA,1,NA,"19-Jul-80","95c1c511-6ac2-4c45-b9d0-98784b363d9d","","","","","A"
"4550","AE4118000K",1,3,NA,1,17,2,1,1,1,0,6.01,"05-16-2015","10:08:00","","N","N","BACOPD","UNK",4,0,2976,"CO","",0.57,"W","MAIDEN CHOICE LA",50,"F","W",3008,"CO","","OLD MAIDEN CHOICE LA",39.26309469,-76.69798136,1,0,1,"F",NA,3,NA,1,4,1,2,52,"P",0,NA,0,"",NA,"",NA,21,NA,"01-MAR-10","d8366d62-a631-43c4-baa3-ff9f5150cf42","","","","","A"
"4551","AE4122000Y",3,3,0,1,17,2,2,1,4,0,6.01,"07-27-2016","22:18:00","","N","N","BACOPD","UNK",3,0,5159,"CO","",0.13,"S","ASHBY AVE",0,"U","N",150,"MD","","EASTERN AVE",39.29182714,-76.52069673,1,0,1,"M",99,2,NA,2,2,1,1,56,"P",0,NA,0,"",NA,"U",NA,0,NA,"25-DEC-89  00:00:00","bcd96daa-75be-42e3-b122-a555c1a8629b","MD","","","",""
"4552","AE4124003V",1,3,NA,2,11,0,NA,1,1,0,6.01,"07-03-2015","14:34:00","","N","N","BACOPD","UNK",4,0,NA,"CO","",0.55,"S","TRUMPS MILL RD",0,"F","S",NA,"CO","","RUSH RD",39.35304915,-76.50863886,1,1,1,"M",1,3,NA,3,6,1,2,53,"P",0,NA,0,"",NA,"",NA,1,NA,"12-MAR-03","f35918dd-c66a-495d-b002-0d888f5c988e","","","","",""
"4553","AE4124004C",1,3,NA,NA,11,NA,NA,NA,NA,0,6.01,"08-06-2015","07:52:00","","N","N","BACOPD","UNK",3,0,NA,"","",NA,"","",NA,"","",NA,"","","",39.3639805,-76.52016431,1,0,1,"M",1,3,NA,3,2,1,1,63.88,"P",0,NA,0,"",NA,"N",NA,0,NA,"25-APR-87","3943b9a4-a79d-483f-b77b-ce9d73ba4d95","","","","","A"
"4554","AE4124004S",1,3,0,1,7,0,1,1,1,0,7.01,"09-21-2015","15:10:00","","N","N","BACOPD","UNK",5,0,5069,"CO","",0.2,"S","CHESACO AVE",100,"F","N",40,"US","","PULASKI HWY",39.31942523,-76.51198626,1,0,1,"M",1,3,NA,3,6,1,1,53,"P",0,NA,0,"",NA,"Y",NA,1,NA,"10-APR-91","c5e1466b-2624-4c40-ab88-6131598b8579","MD","","","","A"
"4555","AE4124004V",1,3,NA,NA,7,NA,NA,NA,NA,0,6.01,"09-22-2015","16:58:00","","N","N","BACOPD","UNK",3,0,NA,"","",NA,"","",NA,"","",NA,"","","",39.3581013,-76.50089264,1,0,1,"F",1,3,NA,3,88,1,1,55,"P",0,NA,0,"",NA,"Y",NA,0,NA,"13-JAN-10","690f3c68-82c7-4bd1-a96e-75de82fee5c1","","","","","A"
"4556","AE41240054",1,3,0,2,11,0,2,1,4,0,6.01,"10-20-2015","07:35:00","","Y","N","BACOPD","UNK",4,14,6539,"CO","",0.93,"E","HONEYGO BLVD",0,"F","E",6558,"CO","","MERCANTILE RD",39.37703842,-76.46024778,1,1,1,"M",1,3,NA,3,6,1,2,51,"P",0,NA,0,"",NA,"Y",NA,1,NA,"11-JUL-66","62ffa3fb-bd76-4ae4-ac57-d5fa9fc0767f","MD","","","","A"
"4557","AE4124006J",1,3,0,1,11,2,2,1,4,0,6.01,"01-19-2016","07:39:00","","N","N","BACOPD","UNK",3,0,4458,"CO","",3.27,"E","ROSSVILLE BLVD",150,"F","W",6116,"CO","","SQUARE RIDGE RD",39.34419249,-76.48735017,1,0,1,"F",1,3,NA,3,6,1,1,52,"P",0,NA,0,"",NA,"Y",NA,0,NA,"03-FEB-91","6e83d43e-97fe-4afe-8a3f-8dc534abec37","","","","","A"
"4558","AE4124007C",3,3,0,0,11,2,1,1,1,0,6.01,"03-10-2016","19:09:00","","Y","N","BACOPD","UNK",3,0,4234,"CO","",0,"S","MAPLE AVE",5,"F","S",1,"US","","BELAIR RD",39.3562856,-76.52886271,1,0,1,"F",1,3,NA,3,5,99,1,51,"P",0,NA,0,"",NA,"N",NA,1,NA,"15-FEB-93","6c281b59-f20f-4d1c-bc39-42918e13a43a","MD","","","",""
"4559","AE4124008K",1,3,NA,NA,11,NA,NA,NA,NA,0,0,"08-03-2016","14:48:00","","N","N","BACOPD","UNK",5,14,NA,"","",NA,"","",NA,"","",NA,"","","",39.32237274,-76.51220351,1,0,1,"M",1,2,NA,2,3,1,2,54,"P",0,NA,0,"",NA,"Y",NA,1,NA,"20-MAR-02  00:00:00","b757e540-1267-4a9f-bbe3-0262ac7356a3","","","","",""
"4560","AE412400BV",3,3,NA,NA,11,NA,NA,NA,NA,0,6.01,"3/9/2017","19:36:00","","N","N","BACOPD","UNK",3,0,NA,"","",NA,"","",NA,"","",NA,"","","",39.36396494,-76.52022734,1,0,1,"F",1,2,NA,3,3,1,1,63.88,"P",0,NA,0,"",NA,"N",NA,0,NA,"20-Sep-96","5b1b993b-b26e-4e8e-921a-a51d0661a973","","","","",""
"4561","AE4134000V",1,3,NA,11.04,17,0,1,0,0,0,0,"01-13-2015","10:48:00","","N","N","BACOPD","UNK",3,0,150,"MD","",3.38,"E","EASTERN BLVD",200,"F","E",4979,"CO","","WOODWARD DR",39.30906594,-76.4744997,1,0,1,"M",1,3,NA,3,88,1,1,54,"P",0,NA,0,"",NA,"",NA,1,NA,"16-AUG-61","ee7488c5-1aa5-4f84-9e4f-bd9de40c3be8","","","","","A"
"4562","AE4134001D",5.02,3,NA,1,88,1,1,1,1,0,8.04,"03-20-2015","07:05:00","","N","N","BACOPD","UNK",3,3,4458,"CO","",4.1,"E","ROSSVILLE BLVD",25,"F","E",4543,"CO","","CITATION RD",39.33555877,-76.47883415,2,0,1,"M",1,3,NA,2,6,1,1,52,"P",0,NA,0,"",NA,"",NA,0,NA,"29-JAN-88","a20e65dc-a95d-4701-a29d-657f67b78a6b","","","","","A"
"4563","AE4134002B",1,3,0,9.04,17,2,NA,1,4,0,0,"10-27-2015","09:54:00","","N","N","BACOPD","UNK",4,0,150,"MD","",3.88,"E","EASTERN BLVD",800,"F","E",4775,"CO","","MARLYN AVE S",39.31148989,-76.4675045,1,0,1,"M",1,3,NA,2,3,0,2,54,"P",0,NA,0,"",NA,"Y",NA,1,NA,"25-MAY-90","a466f458-8549-4df0-924a-a48793cde79a","","","","","A"
"4564","AE4134002Q",4,3,0,0,17,2,1,1,1,0,0,"12-03-2015","20:29:00","","N","N","BACOPD","UNK",3,0,5033,"CO","",0.74,"S","MACE AVE",500,"F","S",5020,"CO","","MYRTH AVE",39.31620472,-76.47537947,1,0,1,"M",2,2,NA,2,6,0,1,52,"P",0,NA,0,"",NA,"Y",NA,0,NA,"04-JAN-56","b86cbf4e-05b9-4bcf-8fb1-9b1d727ca817","","","","","A"
"4565","AE4134003G",1,3,NA,NA,17,NA,NA,NA,NA,0,7.01,"05-09-2016","11:59:00","","N","N","BACOPD","UNK",3,0,NA,"","",NA,"","",NA,"","",NA,"","","",39.33467241,-76.44806787,1,0,1,"F",1,3,NA,3,9.05,1,1,51,"P",0,NA,0,"",NA,"N",NA,0,NA,"19-JUL-57","5617d229-fa0a-4afb-a6ba-0f28f4db8d35","","","","","A"
"4566","AE4134003K",1,3,0,2,17,2,3,1,4,0,6.01,"05-25-2016","18:13:00","","Y","N","BACOPD","UNK",4,0,702,"MD","",2.324,"E","SOUTHEAST BLVD",0,"F","E",4831,"CO","","E HOMBERG AVE",39.31102503,-76.45246267,1,0,1,"F",1,3,NA,3,5,3,2,51,"P",0,NA,0,"",NA,"Y",NA,1,NA,"13-OCT-76","913474af-4fc6-435d-8c0c-0dba0ad2c7c6","","","","","A"
"4567","AE4134003N",1,3,0,2,17,2,1,1,4,0,6.01,"08-22-2016","10:04:00","","Y","N","BACOPD","UNK",3,0,150,"MD","",3.38,"E","EASTERN BLVD",0,"F","E",4979,"CO","","WOODWARD DR",39.30921744,-76.47364944,1,0,1,"F",1,2,NA,3,10.88,99,1,51,"P",0,NA,0,"",NA,"U",NA,0,NA,"11-MAY-35  00:00:00","f82378ad-8931-4abe-8d59-8e7983e250fd","","","","","A"
"4568","AE41340049",3,3,0,3,17,2,1,1,1,0,7.01,"12/1/2016","16:51:00","","N","N","BACOPD","UNK",3,0,4831,"CO","",0.24,"S","E HOMBERG AVE",15,"F","S",702,"MD","","SOUTHEAST BLVD",39.31118275,-76.45229101,1,0,1,"M",1,2,NA,3,6,99,1,52,"P",0,NA,0,"",NA,"U",NA,1,NA,"12-Jun-99","731ae05b-aced-4531-8553-d97c5442d305","","","","","A"
"4569","AE4134004J",3,3,0,3,17,1,NA,1,1,0,3,"1/2/2017","16:34:00","","N","N","BACOPD","UNK",3,0,4728,"CO","",1.24,"S","STEMMERS RUN RD",0,"F","N",0,"UU","","ENT TO STEMBRIDGE COMMUNITY CENTER",39.31891166,-76.45415246,1,0,1,"F",1,2,NA,2,10.88,0,1,51,"P",0,NA,0,"",NA,"U",NA,0,NA,"11-Jul-59","9b46cf28-9d4c-4406-8ec5-972662859714","","","","",""
"4570","AE41340050",3,3,NA,NA,17,NA,NA,NA,NA,0,6.01,"3/29/2017","19:01:00","","N","N","BACOPD","UNK",6,0,NA,"","",NA,"","",NA,"","",NA,"","","",39.32531183,-76.44502223,1,0,1,"M",1,2,NA,2,88,1,7,88,"P",0,NA,0,"",NA,"U",NA,0,NA,"15-Sep-47","adb7409c-544d-4c6d-a22e-9cdd40af45ab","","","","","A"
"4571","AE4147000W",3,3,0,2,2,2,1,1,1,0,6.01,"12/1/2016","18:55:00","","Y","N","BACOPD","UNK",6,6,7105,"CO","",0.82,"N","ROLLING RD S",0,"F","N",166,"MD","","METROPOLITAN BLVD (S/B OUT OF SIGHT LA)",39.2474357,-76.72001436,1,0,1,"M",NA,3,NA,7,1,2,2,51,"P",0,NA,0,"",NA,"N",NA,21,NA,"17-Feb-52","a18ee54e-1e3a-430a-af64-761bd2077c95","MD","C","","","A"
"4572","AE4147000Y",1,3,0,1,17,2,1,1,1,10,6.01,"2/3/2017","8:00:00","1","N","N","BACOPD","UNK",9,9,3042,"CO","",0,"E","SEVEN OAKS RD",100,"F","E",3043,"CO","","SHELBOURNE RD",39.25658603,-76.6975227,1,0,1,"F",NA,1,NA,0,88,0,88,0,"P",0,NA,0,"",NA,"N",NA,0,NA,"21-Mar-57","ff37ef0e-813d-4ffd-a27e-bc3cebefcac2","","","","",""
"4573","AE41500003",6.02,3,NA,0,0,2,1,1,99,0,6.01,"04-04-2015","18:50:00","","N","N","BACOPD","UNK",0,3,6539,"CO","",0,"E","HONEYGO BLVD",45,"F","E",6198,"CO","","PERRY HALL BLVD",39.37684664,-76.46395326,1,1,1,"M",1,3,NA,99,4,1,1,53,"P",0,NA,0,"",NA,"",NA,0,NA,"03-DEC-97","1f3dde1c-8779-4557-a241-d04ee6c762bc","","00","","",""
"4574","AE41550006",3,3,NA,1,17,2,1,1,1,88,6.01,"03-18-2015","12:20:00","","N","N","BACOPD","UNK",9,9,5299,"CO","",0.2,"W","MORNINGTON RD",50,"F","W",5303,"CO","","BAYBRIAR RD",39.25525265,-76.51088119,1,0,1,"F",NA,1,NA,0,88,0,88,0,"P",0,NA,0,"",NA,"",NA,0,NA,"07-OCT-64","efe55cf5-c7a3-4279-b9b0-c76dce1e80cd","MD","","","",""
"4575","AE41790015",6.02,3,0,2,2,2,1,1,1,0,6.01,"07-14-2015","19:44:00","","N","N","BACOPD","UNK",4,0,8085,"CO","",0.2,"N","PARKERS FARM RD",0,"F","N",7880,"CO","","SHERWOOD HILL RD",39.41143764,-76.81635261,1,1,1,"M",NA,2,NA,2,10.88,0,2,53,"P",0,NA,0,"",NA,"N",NA,21,NA,"18-NOV-69","8e58bd54-1748-4ec0-8510-eaee5f7bc409","","","","","A"
"4576","AE4179002K",1,3,NA,NA,88,NA,NA,NA,NA,0,7.01,"04-21-2016","15:23:00","","N","N","BACOPD","UNK",3,3,NA,"","",NA,"","",NA,"","",NA,"","","",39.42090323,-76.77883923,1,0,2,"M",1,3,NA,3,88,0,1,88,"P",0,NA,0,"",NA,"N",NA,1,NA,"14-AUG-71","086db96b-43bb-41c3-b133-f9c6ad542819","","","","","A"
"4577","AE4179002K",1,3,NA,NA,88,NA,NA,NA,NA,0,7.01,"04-21-2016","15:23:00","","N","N","BACOPD","UNK",3,3,NA,"","",NA,"","",NA,"","",NA,"","","",39.42090323,-76.77883923,1,0,2,"M",1,3,NA,3,88,1,1,88,"P",0,NA,0,"",NA,"N",NA,0,NA,"16-OCT-51","94a21ca7-da4e-4956-9ce3-4b71c28e127b","","","","",""
"4578","AE4179003C",1,3,0,2,17,2,1,1,1,0,7.01,"07-26-2016","11:39:00","","Y","N","BACOPD","UNK",3,0,140,"MD","",6.87,"N","REISTERSTOWN RD",0,"F","N",83,"OP","","RICH MAR RD",39.43476775,-76.7988123,1,0,1,"F",1,3,NA,2,5,2,1,51,"P",0,NA,0,"",NA,"N",NA,1,NA,"08-AUG-77  00:00:00","152d0d91-e224-448b-b254-e42e7485c440","","","","",""