"UNIQUE_ID","REPORT_NO","LIGHT_CODE","COUNTY_NO","MUNI_CODE","JUNCTION_CODE","COLLISION_TYPE_CODE","SURF_COND_CODE","LANE_CODE","RD_COND_CODE","RD_DIV_CODE","FIX_OBJ_CODE","WEATHER_CODE","ACC_DATE","ACC_TIME","LOC_CODE","SIGNAL_FLAG","C_M_ZONE_FLAG","AGENCY_CODE","AREA_CODE","HARM_EVENT_CODE1","HARM_EVENT_CODE2","RTE_NO","ROUTE_TYPE_CODE","RTE_SUFFIX","LOG_MILE","LOGMILE_DIR_FLAG","MAINROAD_NAME","DISTANCE","FEET_MILES_FLAG","DISTANCE_DIR_FLAG","REFERENCE_NO","REFERENCE_TYPE_CODE","REFERENCE_SUFFIX","REFERENCE_ROAD_NAME","LATITUDE","LONGITUDE","drv","occ","ped","SEX_CODE","CONDITION_CODE","INJ_SEVER_CODE","OCC_SEAT_POS_CODE","PED_VISIBLE_CODE","PED_LOCATION_CODE","PED_OBEY_CODE","PED_TYPE_CODE","MOVEMENT_CODE","PERSON_TYPE","ALCOHOL_TEST_CODE","ALCOHOL_TESTTYPE_CODE","DRUG_TEST_CODE","DRUG_TESTRESULT_CODE","BAC_CODE","FAULT_FLAG","EQUIP_PROB_CODE","SAF_EQUIP_CODE","EJECT_CODE","DATE_OF_BIRTH","PERSON_ID","LICENSE_STATE_CODE","CLASS","CDL_FLAG","VEHICLE_ID","EMS_UNIT_LABEL"
"4697","AE4424003T",1,3,0,2,17,1,NA,1,1,0,3,"10-02-2015","10:15:00","","Y","N","BACOPD","UNK",3,0,122,"MD","",0.79,"E","SECURITY BLVD",0,"F","E",2404,"CO","","WHITEHEAD RD",39.31208756,-76.7401886,1,0,1,"M",1,1,NA,1,6,0,1,51,"P",0,NA,0,"",NA,"Y",NA,1,NA,"15-FEB-89","b3d4e847-07c4-4aa9-9240-a4c83eedcb23","","","","",""
"4698","AE4424003V",1,3,NA,NA,17,NA,NA,NA,NA,0,3,"10-02-2015","11:27:00","","N","N","BACOPD","UNK",3,0,NA,"","",NA,"","",NA,"","",NA,"","","",39.36605624,-76.78143024,1,0,1,"F",1,2,NA,1,88,1,1,88,"P",0,NA,0,"",NA,"N",NA,0,NA,"06-APR-32","808aadc9-f032-4d27-9351-7a175737441c","","","","","A"
"4699","AE44240044",1,3,0,1,17,2,1,1,1,0,6.01,"10-21-2015","09:13:00","","N","N","BACOPD","UNK",3,0,2301,"CO","",1.01,"S","OFFUTT RD",50,"F","N",26,"MD","","LIBERTY RD",39.36939058,-76.79902554,1,0,1,"M",1,1,NA,3,6,0,1,52,"P",0,NA,0,"",NA,"Y",NA,0,NA,"16-NOV-83","783afcb9-2d04-46ae-8b1c-c797cd3dd252","","","","",""
"4700","AE4424004B",1,3,0,0,17,2,1,1,1,0,6.01,"11-03-2015","07:36:00","","N","N","BACOPD","UNK",3,0,2356,"CO","",6.78,"E","DOGWOOD RD",300,"F","E",2475,"CO","","GWYNN OAK AVE",39.31695176,-76.7294383,1,0,1,"F",1,1,NA,1,6,1,1,53,"P",0,NA,0,"",NA,"N",NA,0,NA,"13-NOV-71","64db1133-fb24-4b22-aeb3-b8ae0a750e36","","","","",""
"4701","AE4424004F",1,3,NA,NA,17,NA,NA,NA,NA,0,3,"11-10-2015","08:35:00","","N","N","BACOPD","UNK",3,0,NA,"","",NA,"","",NA,"","",NA,"","","",39.38118389,-76.8235302,1,0,1,"F",1,2,NA,3,88,1,1,88,"P",0,NA,0,"",NA,"N",NA,0,NA,"30-NOV-78","696fa561-7bbb-4f39-b8fc-b770560fc621","MD","","","","A"
"4702","AE4424004G",1,3,0,1,17,2,NA,1,1,0,7.01,"11-11-2015","09:57:00","","N","N","BACOPD","UNK",3,0,26,"MD","",6.097,"E","LIBERTY RD",75,"F","E",2229,"CO","","BRENBROOK DR",39.36340193,-76.78433776,1,0,1,"F",1,2,NA,3,6,1,1,88,"P",0,NA,0,"",NA,"Y",NA,0,NA,"21-NOV-80","0cd560b8-51a2-423a-88ef-b9216fd8a15e","","","","","A"
"4703","AE4424004Q",1,3,NA,NA,17,NA,NA,NA,NA,0,3,"12-02-2015","12:49:00","","N","N","BACOPD","UNK",3,0,NA,"","",NA,"","",NA,"","",NA,"","","",39.31298406,-76.73665881,1,0,1,"F",1,1,NA,3,88,0,1,56,"P",0,NA,0,"",NA,"N",NA,0,NA,"15-JUN-59","a430f50f-19fd-47f8-a3c8-1866b896d9d4","","","","",""
"4704","AE44240069",1,3,NA,NA,3,NA,NA,NA,NA,0,7.01,"04-26-2016","07:05:00","","N","N","BACOPD","UNK",3,1,NA,"","",NA,"","",NA,"","",NA,"","","",39.37308346,-76.8272692,1,0,1,"F",1,2,NA,1,88,0,1,56,"P",0,NA,0,"",NA,"N",NA,0,NA,"08-JUL-59","c7b27069-5aa1-46db-ad32-4206299f32e8","","","","","A"
"4705","AE4424006R",1,3,0,2,17,2,1,1,1,0,6.01,"06-09-2016","07:02:00","","Y","N","BACOPD","UNK",3,0,26,"MD","",4.197,"E","LIBERTY RD",0,"F","E",2330,"CO","","LIVE OAK RD",39.37670565,-76.81546345,1,0,1,"M",1,2,NA,1,5,1,1,62.88,"P",0,NA,0,"",NA,"N",NA,0,NA,"02-MAY-98","762a60a8-f11a-45ea-85de-68892a71620a","","","","","A"
"4706","AE4424006W",1,3,0,1,17,2,1,1,1,0,6.01,"06-14-2016","16:24:00","","N","N","BACOPD","UNK",3,0,2356,"CO","",5.09,"E","DOGWOOD RD",100,"F","E",2000,"CO","","ROLLING RD",39.3206609,-76.75766319,1,0,1,"F",1,2,NA,1,2,1,2,53,"P",0,NA,0,"",NA,"Y",NA,1,NA,"23-FEB-95","17eb33e4-094e-45c3-8b5b-5684f39499a7","","","","","A"
"4707","AE4424007P",1,3,0,1,17,2,1,1,1,0,6.01,"09-02-2016","07:55:00","","N","N","BACOPD","UNK",3,0,1901,"CO","",0.93,"N","ESSEX RD",30,"F","S",1902,"CO","","ST LUKES LA",39.33553491,-76.73481479,1,0,1,"M",1,2,NA,1,6,1,1,52,"P",0,NA,0,"",NA,"N",NA,0,NA,"03-DEC-03  00:00:00","c0a042cf-90d8-4aad-9df8-d21e17b5f1d7","","","","","A"
"4708","AE4424007Y",1,3,0,2,17,2,1,1,1,0,6.01,"09-16-2016","13:13:00","","Y","N","BACOPD","UNK",3,0,1800,"CO","",0.48,"W","MILFORD MILL RD",0,"F","W",0,"UU","","STRUC R/R & METRO TRACK",39.36216183,-76.72363669,1,0,1,"M",1,2,NA,1,6,99,2,51,"P",0,NA,0,"",NA,"Y",NA,99,NA,"09-FEB-95  00:00:00","7ada568c-aee6-4830-b7a5-82f3bff97555","","","","","A"
"4709","AE4424007Z",1,3,NA,NA,17,NA,NA,NA,NA,0,3,"09-30-2016","08:50:00","","N","N","BACOPD","UNK",3,0,NA,"","",NA,"","",NA,"","",NA,"","","",39.34401411,-76.74623698,1,0,1,"M",1,1,NA,2,6,0,1,62.88,"P",0,NA,0,"",NA,"Y",NA,0,NA,"23-FEB-11  00:00:00","9b8ab797-492e-4e80-84ee-3cafe4624353","","","","",""
"4710","AE44240080",1,3,0,0,17,2,1,0,1,0,6.01,"10/11/2016","8:32:00","","N","Y","BACOPD","UNK",3,0,6382,"CO","",1.48,"S","LORD BALTIMORE DR",20,"F","S",2357,"CO","","AMBASSADOR RD",39.32933485,-76.75188303,1,0,1,"M",1,2,NA,4,6,1,1,59,"P",0,NA,0,"",NA,"N",NA,25.88,NA,"6-Aug-58","908c8cb6-de50-4b7c-9a9b-fd194d1fa2d2","MD","C","","","A"
"4711","AE44240081",5.02,3,0,2,17,2,1,1,1,0,2,"10/13/2016","7:07:00","","Y","N","BACOPD","UNK",3,3,2301,"CO","",0,"S","OFFUTT RD",0,"F","S",2200,"CO","","WINANDS RD",39.38298858,-76.79508939,1,1,2,"F",1,2,NA,1,5,1,1,62.88,"P",0,NA,0,"",NA,"N",NA,0,NA,"11-May-99","d6702f1d-2856-4cad-bf22-1ad58f440143","","","","","A"
"4712","AE44240081",5.02,3,0,2,17,2,1,1,1,0,2,"10/13/2016","7:07:00","","Y","N","BACOPD","UNK",3,3,2301,"CO","",0,"S","OFFUTT RD",0,"F","S",2200,"CO","","WINANDS RD",39.38298858,-76.79508939,1,1,2,"F",1,2,NA,1,5,1,1,62.88,"P",0,NA,0,"",NA,"N",NA,1,NA,"29-Jun-99","3aaf9a82-f866-44da-a554-91e510d9e4e1","","","","","A"
"4713","AE4424008Y",3,3,NA,3,17,2,1,1,1,0,7.01,"12/15/2016","20:28:00","","N","N","BACOPD","UNK",3,0,2371,"CO","",0.22,"W","CANTWELL RD",10,"F","E",NA,"","","TOWNHOUSE CIR",39.30903273,-76.76635623,1,0,1,"F",1,2,NA,2,6,1,1,51,"P",0,NA,0,"",NA,"N",NA,0,NA,"2-Apr-82","321301b3-5faf-4fa7-8ea6-2c443af14f98","","","","","A"
"4714","AE44240094",1,3,0,1,17,2,NA,1,1,0,7.01,"1/24/2017","12:15:00","","N","N","BACOPD","UNK",3,0,26,"MD","",6.164,"E","LIBERTY RD",75,"F","E",0,"UU","","ENT TO BROOKHAVEN ESTATES",39.36275182,-76.78240657,1,1,1,"U",1,2,NA,2,6,1,1,52,"P",0,NA,0,"",NA,"Y",NA,0,NA,"19-May-98","c7dd4b53-57b1-4568-9d9a-926e462d3645","","","","","A"
"4715","AE4424009Y",3,3,0,0,17,2,3,1,4,0,7.01,"3/13/2017","19:53:00","","N","N","BACOPD","UNK",3,0,122,"MD","",0.79,"E","SECURITY BLVD",200,"F","W",2404,"CO","","WHITEHEAD RD",39.31206784,-76.73933834,1,0,1,"M",1,2,NA,2,6,1,1,52,"P",0,NA,0,"",NA,"Y",NA,0,NA,"20-Jul-93","83271918-440a-4616-a712-6a3c68d84acf","","","","","A"
"4716","AE442400B3",3,3,NA,NA,17,NA,NA,NA,NA,0,7.01,"3/15/2017","20:49:00","","N","N","BACOPD","UNK",3,0,NA,"","",NA,"","",NA,"","",NA,"","","",39.30832712,-76.74951196,1,0,1,"M",1,2,NA,2,6,0,1,52,"P",0,NA,0,"",NA,"Y",NA,0,NA,"7-Mar-11","ce7f4a0e-098c-4cc3-bd83-2fe3446f3a7d","","","","","A"
"4717","AE442400BP",1,3,0,2,17,2,1,1,1,0,6.01,"5/16/2017","18:06:00","","Y","N","BACOPD","UNK",3,0,7869,"CO","",0.21,"S","MAURY RD",0,"F","S",2371,"CO","","CANTWELL RD",39.31195474,-76.77102864,1,0,1,"M",1,2,NA,2,6,0,2,51,"P",0,NA,0,"",NA,"Y",NA,1,NA,"3-Mar-09","78fb0036-b28e-4e2d-9bb4-396b0d3140da","","","","","A"
"4718","AE442400BY",1,3,0,0,17,2,1,1,1,4,6.01,"6/1/2017","9:16:00","","N","N","BACOPD","UNK",3,9,2488,"CO","",0.07,"E","ROWE LA",30,"F","W",2487,"CO","","ROWE CT",39.29949904,-76.74032271,1,2,1,"M",1,2,NA,3,6,0,1,88,"P",0,NA,0,"",NA,"Y",NA,1,NA,"6-Aug-96","2da2aea5-86f9-482d-8efc-51c36f2d3547","","","","","A"
"4719","AE44280012",88,3,NA,1,88,2,2,1,4,4,6.01,"04-18-2015","22:43:00","1408PC02","N","N","BACOPD","UNK",3,3,122,"MD","",0.79,"E","SECURITY BLVD",0,"M","E",2405,"CO","","WHITEHEAD CT",39.31200455,-76.73943758,1,0,2,"F",99,4,NA,2,6,1,1,52,"P",0,NA,0,"",NA,"",NA,1,NA,"09-SEP-96","039054f3-312d-401e-ac2e-3ff4697c415c","","","","","A"
"4720","AE44280012",88,3,NA,1,88,2,2,1,4,4,6.01,"04-18-2015","22:43:00","1408PC02","N","N","BACOPD","UNK",3,3,122,"MD","",0.79,"E","SECURITY BLVD",0,"M","E",2405,"CO","","WHITEHEAD CT",39.31200455,-76.73943758,1,0,2,"M",99,3,NA,3,6,1,3,52,"P",0,NA,0,"",NA,"",NA,1,NA,"24-MAY-96","328f435c-9204-4d20-ad7a-f94eadc594fe","","","","","B"
"4721","AE44280013",4,3,NA,NA,88,NA,NA,NA,NA,0,6.01,"05-08-2015","22:27:00","PC1 1410","N","N","BACOPD","UNK",3,0,NA,"","",NA,"","",NA,"","",NA,"","","",39.272597,-76.73021078,1,0,1,"M",2,4,NA,3,6,1,1,88,"P",0,NA,0,"",NA,"",NA,1,NA,"05-FEB-66","42d49ef2-ce28-4e97-bb6b-ff2e29e7dd0e","","","","","A"
"4722","AE44280016",3,3,NA,1,88,1,2,1,4,0,3,"06-20-2015","21:04:00","1408 PC6","N","N","BACOPD","UNK",3,0,542,"MD","",0.87,"N","LOCH RAVEN BLVD",96,"F","N",NA,"UU","","ENT TO HILLENDALE SHOPPING CENTER",39.38401996,-76.57751799,1,0,1,"M",2,3,NA,99,6,1,1,52,"P",0,NA,0,"",NA,"",NA,1,NA,"26-JUN-77","044ba722-cc89-41cf-83d5-5939d2d4f157","MD","","","","A"
"4723","AE4428001M",3,3,0,3,88,2,2,1,4,4,0,"11-01-2015","04:32:00","1408 PC1","N","N","BACOPD","UNK",3,9,40,"US","",1.79,"E","BALTO NATIONAL PIKE",44,"F","W",2683,"CO","","OLD FREDERICK RD",39.28925616,-76.72709942,1,0,1,"M",99,4,NA,3,6,1,1,51,"P",0,NA,0,"",NA,"Y",NA,1,NA,"24-DEC-37","8afbe699-2cd9-421e-973e-9f4fc49727f6","MD","","","","A"
"4724","AE4428001P",3,3,0,1,88,2,1,1,2,0,6.01,"11-08-2015","00:12:00","1408 PC6","N","N","BACOPD","UNK",3,3,1179,"CO","",0.54,"E","CHESAPEAKE AVE W",180,"F","W",45,"MD","","YORK RD",39.39944217,-76.60338521,1,0,2,"M",99,4,NA,3,5,1,1,52,"P",0,NA,0,"",NA,"N",NA,1,NA,"06-SEP-40","16072d8d-5fc1-4830-af8a-071037952f5e","MD","C","","","A"
"4725","AE4428001P",3,3,0,1,88,2,1,1,2,0,6.01,"11-08-2015","00:12:00","1408 PC6","N","N","BACOPD","UNK",3,3,1179,"CO","",0.54,"E","CHESAPEAKE AVE W",180,"F","W",45,"MD","","YORK RD",39.39944217,-76.60338521,1,0,2,"F",2,4,NA,3,5,1,1,52,"P",0,NA,0,"",NA,"N",NA,1,NA,"16-JUL-60","10c45e2f-16f1-4561-b22f-18fe17022e48","","","","","B"
"4726","AE4428001W",3,3,0,1,88,2,1,1,3,0,6.01,"01-05-2016","22:33:00","1408 PC1","N","N","BACOPD","UNK",3,0,40,"US","",2.16,"E","BALTO NATIONAL PIKE",88,"F","E",2700,"CO","","WINTERS LA",39.28508344,-76.7431578,1,0,1,"M",1,4,NA,2,6,1,1,52,"P",0,NA,0,"",NA,"Y",NA,1,NA,"06-MAY-81","ee03a0bc-c922-452c-b890-cb67364afbb0","MD","C","","","A"
"4727","AE4428001X",3,3,0,1,88,2,1,1,1,0,6.01,"02-02-2016","23:31:00","1408 PC6","N","N","BACOPD","UNK",3,0,45,"MD","",1.94,"N","YORK RD",NA,"F","N",8673,"CO","","CHESAPEAKE AVE E",39.39962042,-76.60263821,1,0,1,"F",2,3,NA,3,6,1,1,52,"P",0,NA,0,"",NA,"Y",NA,1,NA,"05-MAR-96","a74667c8-5eaa-4c42-bdec-b3e199a2f2c6","MD","C","","","A"
"4728","AE44280020",3,3,0,3,88,2,2,1,3,0,7.01,"04-16-2016","01:06:00","1408PC12","Y","N","BACOPD","UNK",3,0,157,"MD","",4.79,"N","MERRITT BLVD",4,"F","S",8007,"CO","","NORTH POINT RD",39.28799607,-76.50518149,1,1,1,"F",1,4,NA,99,10.88,1,1,51,"P",0,NA,0,"",NA,"Y",NA,1,NA,"12-FEB-03","7dc3c9ed-12ac-4337-b296-c0b43ec8896b","","","","","A"
"4729","AE44280024",3,3,0,1,88,2,1,1,1,0,6.01,"05-14-2016","23:27:00","1408 PC1","N","N","BACOPD","UNK",3,0,3254,"CO","",0.25,"W","BIGLEY AVE",315,"F","E",3252,"CO","","CHARLESTON AVE",39.23907983,-76.65554211,1,0,1,"M",1,4,NA,2,6,1,1,52,"P",0,NA,0,"",NA,"Y",NA,1,NA,"30-OCT-99","43642f4e-c5e7-43c9-b2ed-ed92420081d5","MD","ID","","","A"
"4730","AE4428002F",3,3,0,1,88,2,1,1,1,0,6.01,"09-18-2016","01:53:00","1408PC11","N","N","BACOPD","UNK",3,0,4158,"CO","",0,"N","EARLS RD",747,"F","N",150,"MD","","EASTERN AVE",39.34608318,-76.39425002,1,1,1,"F",2,4,NA,3,6,1,1,53,"P",0,NA,0,"",NA,"Y",NA,1,NA,"15-OCT-75  00:00:00","8e930ccb-fe85-4760-9b4e-88f6e985cb6a","MD","C","","","A"
"4731","AE4428002G",3,3,0,1,88,1,1,1,3,0,3,"09-30-2016","23:14:00","1408 PC1","N","N","BACOPD","UNK",3,0,40,"US","",1.6,"E","BALTO NATIONAL PIKE",999,"F","W",2000,"CO","","ROLLING RD",39.28480214,-76.7592524,1,0,1,"M",99,5,NA,2,6,1,1,52,"P",88,88,88,"",NA,"Y",NA,1,NA,"19-AUG-49  00:00:00","192be1c0-d7b3-4e7e-9b22-8dd098dd0e15","MD","ID","","","A"
"4732","AE4428002H",3,3,0,1,88,2,1,3,1,0,6.01,"10/3/2016","20:55:00","1408 PC2","N","N","BACOPD","UNK",3,0,1900,"CO","",3.01,"S","WINDSOR MILL RD",615,"F","N",6382,"CO","","LORD BALTIMORE DR",39.33733767,-76.75346017,1,0,1,"M",2,4,NA,2,6,1,1,52,"P",0,NA,1,"",NA,"Y",NA,1,NA,"23-Jul-92","cf1131b7-9795-4332-a4ca-b49f87f4ebd5","","","","","A"
"4733","AE4428002N",3,3,0,2,88,1,1,1,4,0,3,"1/10/2017","23:14:00","1408 PC6","Y","N","BACOPD","UNK",3,0,542,"MD","",0.73,"N","LOCH RAVEN BLVD",0,"F","N",3333,"CO","","GOUCHER BLVD",39.38208883,-76.57895967,1,1,1,"F",1,5,NA,2,6,1,1,51,"P",0,NA,0,"",NA,"Y",NA,1,NA,"10-Mar-72","f89d5264-536e-41c5-b19a-5556b61e2c54","DE","NON","","","A"
"4734","AE4428002Q",3,3,0,1,88,2,1,1,1,0,6.01,"2/11/2017","1:12:00","1408 PC6","N","N","BACOPD","UNK",3,0,45,"MD","",1.59,"N","YORK RD",66,"F","N",25,"SR","","NEWELL AVE",39.39428938,-76.60415232,1,0,1,"M",2,4,NA,2,6,1,1,99,"P",0,NA,0,"",NA,"Y",NA,1,NA,"17-Sep-95","93b13c04-cfba-44ee-81c7-3e7ee12c65fe","MD","C","","","A"
"4735","AE4428002S",3,3,0,3,88,2,1,1,4,0,6.01,"4/15/2017","21:35:00","1408/PC6","Y","N","BACOPD","UNK",3,0,41,"MD","",0.14,"N","PERRING PKWY",8,"F","S",3413,"CO","","HILLSWAY AVE",39.37324726,-76.56799614,1,0,1,"M",2,3,NA,3,5,99,1,51,"P",0,NA,0,"",NA,"N",NA,1,NA,"1-Aug-78","6eb551ea-2984-4e3a-a4ed-b8952332d631","MD","","","","A"
"4736","AE4428002T",3,3,0,1,88,1,1,1,1,0,3,"4/22/2017","22:42:00","1408PC4","N","N","BACOPD","UNK",3,0,2163,"CO","",0.67,"N","SCOTTS LEVEL RD",32,"F","S",1700,"CO","","OLD COURT RD",39.36731908,-76.75309673,1,0,1,"F",1,4,NA,2,6,1,1,52,"P",0,NA,0,"",NA,"Y",NA,0,NA,"6-Aug-67","b0dcf592-3ddf-4941-adff-06922bca39eb","MD","ID","","","A"
"4737","AE4428002X",4,3,0,1,88,2,2,1,3,0,6.01,"5/27/2017","21:58:00","1408PC12","N","N","BACOPD","UNK",3,0,5677,"CO","",0.23,"S","NORTH POINT RD",0.1,"M","S",5632,"CO","","DELMAR AVE",39.23855528,-76.45594686,1,0,1,"M",99,4,NA,2,6,1,1,56,"P",0,NA,0,"",NA,"Y",NA,1,NA,"28-Feb-93","c5bffcd0-0e61-49e8-b303-6398bd23de41","MD","","","","A"
"4738","AE4431000W",1,3,NA,0,17,2,1,1,1,0,6.01,"06-13-2015","12:33:00","714","N","N","BACOPD","UNK",3,0,1048,"CO","",0.59,"E","OTHORIDGE RD",50,"F","E",1039,"CO","","MALBAY DR",39.41562354,-76.61701083,1,0,1,"M",1,3,NA,1,6,0,1,52,"P",0,NA,0,"",NA,"",NA,0,NA,"06-SEP-98","685f476c-da6f-41b9-b72a-a10e4f0836d6","","","","",""
"4739","AE4431003F",3,3,0,2,17,2,1,1,1,0,0,"3/29/2017","8:10:00","714","N","N","BACOPD","UNK",3,0,995,"CO","",0,"E","SEMINARY AVE",0,"F","E",45,"MD","","YORK RD",39.42035152,-76.61589853,1,0,1,"M",1,1,NA,3,1,1,1,56,"P",0,NA,0,"",NA,"U",NA,0,NA,"28-Jul-66","2e846c57-3040-4b85-800c-36dc2f18e0d8","MD","C","","",""
"4740","AE44480007",3,3,0,1,88,2,1,1,1,0,6.01,"07-17-2015","21:05:00","PC1 1424","N","N","BACOPD","UNK",3,0,648,"MD","E",0.6,"N","OLD ANNAPOLIS RD",50,"F","S",3322,"CO","","OHIO AVE",39.23355787,-76.64157987,1,2,1,"M",2,3,NA,3,6,1,1,52,"P",0,NA,0,"",NA,"Y",NA,1,NA,"14-NOV-80","ec599746-4fc1-4c16-9643-e546b223382c","","","","","A"
"4741","AE44510003",1,3,NA,1,17,2,1,1,1,0,6.01,"03-09-2015","15:03:00","","N","N","BACOPD","UNK",3,0,1902,"CO","",0.63,"S","ST LUKES LA",200,"F","S",1901,"CO","","ESSEX RD",39.333699,-76.736817,1,0,1,"M",NA,3,NA,0,88,0,1,52,"P",0,NA,0,"",NA,"",NA,0,NA,"21-MAR-03","adb24075-0bc8-4cb3-a3ff-c1739e8aee41","","","","","A"
"4742","AE4457000G",4,3,0,88,17,2,1,1,1,0,6.01,"09-26-2015","19:36:00","","N","N","BACOPD","UNK",4,4,5560,"CO","",1.73,"E","WISE AVE",50,"F","W",5539,"CO","","OAKLEIGH BEACH RD",39.26030356,-76.4745748,1,0,2,"M",1,4,NA,2,1,1,2,53,"P",0,NA,0,"",NA,"N",NA,1,NA,"16-MAR-96","33c8f488-777e-4bb3-86e2-3d089e4fe90b","","","","","A"
"4743","AE4457000G",4,3,0,88,17,2,1,1,1,0,6.01,"09-26-2015","19:36:00","","N","N","BACOPD","UNK",4,4,5560,"CO","",1.73,"E","WISE AVE",50,"F","W",5539,"CO","","OAKLEIGH BEACH RD",39.26030356,-76.4745748,1,0,2,"M",NA,2,NA,2,1,1,2,0,"P",99,NA,99,"",NA,"N",NA,1,NA,"01-JAN-00","5e551295-0db0-4427-b6b8-e638dc8daf84","","","","",""
"4744","AE4457000K",3,3,NA,NA,99,NA,NA,NA,NA,0,6.01,"04-27-2016","20:36:00","PC12","N","N","BACOPD","UNK",2,0,NA,"","",NA,"","",NA,"","",NA,"","","",39.23635838,-76.44146562,1,0,1,"F",0,1,NA,0,0,0,88,0,"P",0,NA,0,"",NA,"N",NA,0,NA,"07-MAR-34","c3a0ce33-0e39-47b7-9389-157fade4502d","MD","C","","",""
"4745","AE4457000Q",1,3,NA,NA,11,NA,NA,NA,NA,0,6.01,"10/13/2016","17:00:00","12, 1241","N","N","BACOPD","UNK",4,0,NA,"","",NA,"","",NA,"","",NA,"","","",39.26966505,-76.50206208,1,0,1,"M",1,1,NA,2,3,1,2,63.88,"P",0,NA,0,"",NA,"N",NA,1,NA,"7-Jun-00","077e8fe2-3141-4061-a127-14df94be75d4","","","","",""
"4746","AE4472000P",1,3,0,3,17,2,1,1,4,0,6.01,"03-24-2016","16:14:00","","N","N","BACOPD","UNK",3,0,415,"CO","",0.26,"E","CRANBROOK RD",25,"F","E",124,"OP","","LORD BRYON LA",39.46398775,-76.63421452,1,0,1,"F",1,3,NA,2,6,0,1,51,"P",0,NA,0,"",NA,"U",NA,0,NA,"16-NOV-84","d64985cc-3785-4af7-9314-a3e16b358a8a","","","","","A"
"4747","AE45020014",3,3,NA,NA,3,NA,NA,NA,NA,0,7.01,"01-27-2015","18:32:00","","N","N","BACOPD","UNK",3,1,NA,"","",NA,"","",NA,"","",NA,"","","",39.458276,-76.637873,1,0,1,"M",1,4,NA,99,88,0,1,88,"P",0,NA,0,"",NA,"",NA,0,NA,"16-DEC-55","f31f4e67-3980-4a75-af3e-fd1eb98b2ff2","MD","","","","A"
"4748","AE4502001M",1,3,NA,0,17,2,1,1,1,0,6.01,"03-19-2015","07:15:00","","N","N","BACOPD","UNK",3,3,866,"CO","",1.54,"W","RIDGELY RD",90,"F","W",1056,"CO","","FRANCKE AVE",39.429504,-76.623204,1,0,2,"M",0,1,NA,99,6,1,1,52,"P",0,NA,0,"",NA,"",NA,0,NA,"23-APR-70","3f46e4ec-9e04-4b9e-b3b8-11a1ec35e3b6","","","","",""
"4749","AE4502001M",1,3,NA,0,17,2,1,1,1,0,6.01,"03-19-2015","07:15:00","","N","N","BACOPD","UNK",3,3,866,"CO","",1.54,"W","RIDGELY RD",90,"F","W",1056,"CO","","FRANCKE AVE",39.429504,-76.623204,1,0,2,"F",0,2,NA,99,6,0,1,52,"P",0,NA,0,"",NA,"",NA,0,NA,"11-SEP-69","c0c5b671-da91-47b7-a845-1ad633500ec7","","","","","A"
"4750","AE4502004F",3,3,0,3,17,2,1,1,1,0,6.01,"01-14-2016","20:29:00","","N","N","BACOPD","UNK",3,0,7350,"CO","",0.41,"W","WALNUTWOOD RD",7,"F","E",6982,"CO","","HUNTERS RUN DR",39.50122815,-76.64113194,1,0,1,"M",1,3,NA,2,6,1,1,51,"P",0,NA,0,"",NA,"N",NA,1,NA,"24-FEB-88","3a83401d-4d0b-48f1-acf2-ae188d39d161","","","","","A"
"4751","AE4502006Z",1,3,NA,NA,17,NA,NA,NA,NA,0,6.01,"09-02-2016","07:00:00","","N","N","BACOPD","UNK",3,0,NA,"","",NA,"","",NA,"","",NA,"","","",39.49393028,-76.65783405,1,0,1,"F",1,3,NA,2,9.05,1,1,51,"P",0,NA,0,"",NA,"U",NA,1,NA,"15-DEC-80  00:00:00","1f694fa7-0b83-4e2e-9ae7-8a5d15ce5973","MD","C","","","A"
"4752","AE4502007C",4,3,0,1,17,1,NA,1,1,0,3,"09-30-2016","06:45:00","","N","N","BACOPD","UNK",3,0,131,"MD","",3.06,"E","SEMINARY AVE",NA,"F","W",45,"MD","","YORK RD",39.4203945,-76.6171377,1,0,1,"F",1,4,NA,2,6,1,1,52,"P",0,NA,0,"",NA,"Y",NA,1,NA,"07-FEB-59  00:00:00","9a1cb3aa-98ff-41e3-9378-56205e44430a","MD","ID","","","A"
"4753","AE4502007J",1,3,NA,NA,17,NA,NA,NA,NA,0,6.01,"10/11/2016","11:09:00","","N","N","BACOPD","UNK",3,0,NA,"","",NA,"","",NA,"","",NA,"","","",39.42115835,-76.66603107,1,0,1,"F",1,3,NA,2,88,0,1,56,"P",0,NA,0,"",NA,"N",NA,1,NA,"25-Apr-36","2df65570-fab0-4653-9872-bef00ce0f4ba","","","","","A"
"4754","AE4502008S",1,3,NA,NA,17,NA,NA,NA,NA,0,7.01,"1/31/2017","15:33:00","","N","N","BACOPD","UNK",3,0,NA,"","",NA,"","",NA,"","",NA,"","","",39.48000818,-76.66185737,1,0,1,"F",NA,3,NA,2,6,1,1,99,"P",0,NA,0,"",NA,"U",NA,1,NA,"3-Dec-60","a4499d41-3860-4de1-95e7-4a19d85d1ba5","","","","","A"