"UNIQUE_ID","REPORT_NO","LIGHT_CODE","COUNTY_NO","MUNI_CODE","JUNCTION_CODE","COLLISION_TYPE_CODE","SURF_COND_CODE","LANE_CODE","RD_COND_CODE","RD_DIV_CODE","FIX_OBJ_CODE","WEATHER_CODE","ACC_DATE","ACC_TIME","LOC_CODE","SIGNAL_FLAG","C_M_ZONE_FLAG","AGENCY_CODE","AREA_CODE","HARM_EVENT_CODE1","HARM_EVENT_CODE2","RTE_NO","ROUTE_TYPE_CODE","RTE_SUFFIX","LOG_MILE","LOGMILE_DIR_FLAG","MAINROAD_NAME","DISTANCE","FEET_MILES_FLAG","DISTANCE_DIR_FLAG","REFERENCE_NO","REFERENCE_TYPE_CODE","REFERENCE_SUFFIX","REFERENCE_ROAD_NAME","LATITUDE","LONGITUDE","drv","occ","ped","SEX_CODE","CONDITION_CODE","INJ_SEVER_CODE","OCC_SEAT_POS_CODE","PED_VISIBLE_CODE","PED_LOCATION_CODE","PED_OBEY_CODE","PED_TYPE_CODE","MOVEMENT_CODE","PERSON_TYPE","ALCOHOL_TEST_CODE","ALCOHOL_TESTTYPE_CODE","DRUG_TEST_CODE","DRUG_TESTRESULT_CODE","BAC_CODE","FAULT_FLAG","EQUIP_PROB_CODE","SAF_EQUIP_CODE","EJECT_CODE","DATE_OF_BIRTH","PERSON_ID","LICENSE_STATE_CODE","CLASS","CDL_FLAG","VEHICLE_ID","EMS_UNIT_LABEL"
"5166","AE5138001L",1,3,0,3,17,2,NA,1,4,0,6.01,"02-26-2016","11:15:00","","Y","N","BACOPD","UNK",3,0,1,"US","",17.41,"N","BELAIR RD",40,"F","S",4458,"CO","","ROSSVILLE BLVD",39.3744374,-76.50875419,1,0,1,"M",1,3,NA,3,6,0,1,56,"P",0,NA,0,"",NA,"Y",NA,1,NA,"03-AUG-65","16396ee8-8dd1-41da-a257-db4a02117fc7","MD","C","","","A"
"5167","AE5138001P",1,3,NA,NA,17,NA,NA,NA,NA,2,6.01,"04-02-2016","13:16:00","","N","N","BACOPD","UNK",9,3,NA,"","",NA,"","",NA,"","",NA,"","","",39.28043918,-76.50268704,1,0,8,"F",1,2,NA,0,15.88,0,1,88,"P",0,NA,0,"",NA,"N",NA,0,NA,"28-OCT-85","9439a74c-0cfe-42c5-84bc-3f222e902ab6","","","","","C"
"5168","AE5138001P",1,3,NA,NA,17,NA,NA,NA,NA,2,6.01,"04-02-2016","13:16:00","","N","N","BACOPD","UNK",9,3,NA,"","",NA,"","",NA,"","",NA,"","","",39.28043918,-76.50268704,1,0,8,"F",1,3,NA,0,15.88,0,1,88,"P",0,NA,0,"",NA,"N",NA,0,NA,"17-JAN-38","770ed4b6-236d-4da8-a78e-c9decb5055b0","","","","",""
"5169","AE5138001P",1,3,NA,NA,17,NA,NA,NA,NA,2,6.01,"04-02-2016","13:16:00","","N","N","BACOPD","UNK",9,3,NA,"","",NA,"","",NA,"","",NA,"","","",39.28043918,-76.50268704,1,0,8,"F",1,3,NA,0,15.88,0,1,56,"P",0,NA,0,"",NA,"N",NA,0,NA,"30-DEC-59","14f21a15-c411-4e30-b832-b29032503c75","","","","","A"
"5170","AE5138001P",1,3,NA,NA,17,NA,NA,NA,NA,2,6.01,"04-02-2016","13:16:00","","N","N","BACOPD","UNK",9,3,NA,"","",NA,"","",NA,"","",NA,"","","",39.28043918,-76.50268704,1,0,8,"F",1,2,NA,0,15.88,0,1,56,"P",0,NA,0,"",NA,"N",NA,0,NA,"04-APR-83","b4600c4d-4f38-488a-aa94-1f745274cfdf","","","","","B"
"5171","AE5138001P",1,3,NA,NA,17,NA,NA,NA,NA,2,6.01,"04-02-2016","13:16:00","","N","N","BACOPD","UNK",9,3,NA,"","",NA,"","",NA,"","",NA,"","","",39.28043918,-76.50268704,1,0,8,"F",1,3,NA,0,15.88,0,1,88,"P",0,NA,0,"",NA,"N",NA,0,NA,"16-JAN-55","2e735292-1e6c-402f-9c71-f1ad6194234f","","","","",""
"5172","AE5138001P",1,3,NA,NA,17,NA,NA,NA,NA,2,6.01,"04-02-2016","13:16:00","","N","N","BACOPD","UNK",9,3,NA,"","",NA,"","",NA,"","",NA,"","","",39.28043918,-76.50268704,1,0,8,"F",1,3,NA,88,15.88,0,1,88,"P",0,NA,0,"",NA,"N",NA,0,NA,"01-MAY-99","0a07eda5-dcc6-4153-b59c-88a2fcbebf77","","","","","A"
"5173","AE5138001P",1,3,NA,NA,17,NA,NA,NA,NA,2,6.01,"04-02-2016","13:16:00","","N","N","BACOPD","UNK",9,3,NA,"","",NA,"","",NA,"","",NA,"","","",39.28043918,-76.50268704,1,0,8,"F",1,3,NA,88,15.88,0,1,88,"P",0,NA,0,"",NA,"N",NA,0,NA,"04-MAR-68","70160d15-69d9-4a08-bc49-f6527f05442c","","","","","A"
"5174","AE5138001P",1,3,NA,NA,17,NA,NA,NA,NA,2,6.01,"04-02-2016","13:16:00","","N","N","BACOPD","UNK",9,3,NA,"","",NA,"","",NA,"","",NA,"","","",39.28043918,-76.50268704,1,0,8,"F",1,3,NA,0,15.88,0,1,88,"P",0,NA,0,"",NA,"N",NA,0,NA,"03-JUN-89","76852110-94e6-41a1-8ef0-679adfd42083","","","","","D"
"5175","AE5138001X",6.02,3,0,3,17,2,1,1,4,0,7.01,"07-01-2016","20:22:00","","N","N","BACOPD","UNK",3,0,2621,"CO","",1.31,"N","INGLESIDE AVE",13,"F","S",2486,"CO","","CRAIGMONT RD",39.29003463,-76.7315653,1,1,1,"M",1,5,NA,3,6,1,1,88,"P",0,NA,0,"",NA,"Y",NA,1,NA,"15-SEP-49  00:00:00","47b4810f-37fd-4571-a16c-edae383be647","MD","ID","","","A"
"5176","AE51380020",1,3,0,1,17,2,1,1,1,0,6.01,"08-27-2016","11:03:00","","N","N","BACOPD","UNK",3,0,3239,"CO","",0.65,"S","HOLLINS FERRY RD",80,"F","N",3257,"CO","","FREEWAY",39.24136702,-76.65076643,1,2,1,"M",99,4,NA,3,6,1,1,52,"P",0,NA,0,"",NA,"Y",NA,1,NA,"20-DEC-80  00:00:00","1721b30c-c14c-48d9-ae89-4e999d9dc17f","","","","","A"
"5177","AE51380026",4,3,0,1,17,1,1,1,1,4,7.01,"11/9/2016","18:13:00","","N","N","BACOPD","UNK",3,0,2500,"CO","",0.19,"W","CROSBY RD",100,"F","W",2486,"CO","","CRAIGMONT RD",39.29757596,-76.74163565,1,1,1,"F",1,4,NA,2,3,0,1,56,"P",0,NA,0,"",NA,"N",NA,0,NA,"27-Mar-67","3b1bca35-7a8f-402f-adfb-b9f3cb097891","","","","","A"
"5178","AE51380027",3,3,0,1,17,2,1,1,1,0,6.01,"11/11/2016","20:26:00","","N","N","BACOPD","UNK",3,0,147,"MD","",0.04,"N","HARFORD RD",10,"F","N",3708,"CO","","LINGANORE AVE",39.37252778,-76.54390991,1,2,1,"F",1,4,NA,3,16.05,1,1,51,"P",0,NA,0,"",NA,"U",NA,1,NA,"22-Mar-71","d2c482d4-897e-4010-ad4b-759faf9a2f73","","","","","A"
"5179","AE51380029",3,3,NA,2,88,2,2,1,1,0,6.01,"12/4/2016","19:03:00","","Y","N","BACOPD","UNK",3,0,NA,"","",8.727,"E","LIBERTY RD",0,"F","E",1848,"CO","","BUCKINGHAM RD",39.34733186,-76.74037904,1,0,1,"M",2,3,NA,2,6,3,1,51,"P",0,NA,0,"",NA,"Y",NA,1,NA,"27-Aug-66","f73eb7ab-e677-4ebd-b0ee-97a5bfc86962","","","","","A"
"5180","AE5138002B",3,3,NA,1,17,2,1,1,1,0,6.01,"12/14/2016","20:46:00","","N","N","BACOPD","UNK",3,0,4775,"CO","",0.42,"S","MARLYN AVE S",50,"F","N",4815,"CO","","BRUNSWICK RD",39.30648003,-76.46369576,1,1,1,"F",2,4,NA,3,6,1,1,52,"P",0,NA,0,"",NA,"Y",NA,1,NA,"13-Aug-87","f865dd64-8bc0-439e-b686-3c6ffe4eb1e0","","","","","A"
"5181","AE5138002G",1,3,0,2,17,2,2,1,4,0,6.01,"2/17/2017","15:44:00","","Y","N","BACOPD","UNK",3,0,146,"MD","",0.29,"N","DULANEY VALLEY RD",0,"F","N",1164,"CO","","FAIRMOUNT AVE",39.40594481,-76.60145134,1,1,1,"M",1,4,NA,2,5,3,1,51,"P",0,NA,0,"",NA,"Y",NA,1,NA,"12-Sep-84","a8554ba5-5ec3-46b3-aa8a-ea9c7c2f8504","MD","ID","","","A"
"5182","AE5138002H",1,3,0,1,17,2,1,1,1,0,6.01,"2/18/2017","14:48:00","","N","N","BACOPD","UNK",3,0,144,"MD","",4.56,"E","FREDERICK RD",35,"F","W",2762,"CO","","CEDARWOOD RD",39.27595864,-76.71600044,1,1,1,"M",1,2,NA,3,6,1,1,52,"P",0,NA,0,"",NA,"Y",NA,0,NA,"6-Nov-10","c163fe36-c1f5-40f9-a547-de99d1983c47","","","","","A"
"5183","AE5138002J",1,3,0,2,17,1,1,1,1,0,7.01,"3/1/2017","7:41:00","","N","N","BACOPD","UNK",3,0,1800,"CO","",1.84,"W","MILFORD MILL RD",0,"F","W",1820,"CO","","SCOTTS HILL DR",39.35980808,-76.74590841,1,0,1,"M",1,4,NA,3,5,1,1,62.88,"P",0,NA,0,"",NA,"N",NA,1,NA,"8-Sep-01","a38df308-bbf1-416a-acd7-2736a2b0d0d9","","","","","A"
"5184","AE5138002L",1,3,0,1,88,2,1,1,1,0,7.01,"3/25/2017","15:09:00","","N","N","BACOPD","UNK",11,3,372,"MD","",2.43,"E","WILKENS AVE",117,"F","W",3000,"CO","","LEEDS AVE",39.26786262,-76.68936476,1,0,2,"F",1,3,NA,3,6,1,1,52,"P",0,NA,0,"",NA,"Y",NA,1,NA,"3-May-90","48368252-2ba9-44c2-82ac-b060b0da7d27","MD","ID","","",""
"5185","AE5138002L",1,3,0,1,88,2,1,1,1,0,7.01,"3/25/2017","15:09:00","","N","N","BACOPD","UNK",11,3,372,"MD","",2.43,"E","WILKENS AVE",117,"F","W",3000,"CO","","LEEDS AVE",39.26786262,-76.68936476,1,0,2,"M",1,3,NA,2,6,1,1,52,"P",0,NA,0,"",NA,"Y",NA,1,NA,"3-Jan-13","d1407b92-a05c-4771-b10e-1b32a4ef7a1c","","","","",""
"5186","AE5141001H",3,3,0,1,88,1,1,1,1,0,3,"10/1/2016","21:16:00","1407PC11","N","N","BACOPD","UNK",3,0,4967,"CO","",0.45,"S","BACK RIVER NECK RD",200,"F","N",4844,"CO","","FRENCHS AVE",39.31016611,-76.44611925,1,0,1,"M",2,4,NA,2,6,1,1,52,"P",0,NA,0,"",NA,"Y",NA,1,NA,"11-Mar-64","a73fccea-8ade-4e8c-8205-14b1f5634248","","","","","A"
"5187","AE5141001Y",3,3,0,1,88,2,2,1,4,0,6.01,"3/17/2017","21:11:00","1407PC6","N","N","BACOPD","UNK",3,0,542,"MD","",2.18,"N","LOCH RAVEN BLVD",500,"F","N",8762,"CO","","JOPPA RD E",39.39859057,-76.56404391,1,1,1,"M",NA,4,NA,99,6,1,1,54,"P",0,NA,0,"",NA,"Y",NA,1,NA,"25-Jul-54","69d44113-c7ce-45ff-95ae-86ec85a930bf","MD","ID","","","A"
"5188","AE5144000J",0,3,NA,99,99,99,NA,99,99,0,99,"05-25-2015","17:00:00","021930","N","U","BACOPD","UNK",2,99,2200,"CO","",NA,"","WINANDS RD",15,"F","",2310,"CO","","TIVERTON RD",39.38708809,-76.81554794,1,0,1,"M",0,1,NA,0,15.88,0,88,0,"P",0,NA,0,"",NA,"",NA,88,NA,"11-MAY-87","8167a578-980d-44c1-99f4-b5f2523b4dbb","MD","C","","",""
"5189","AE5144000K",99,3,NA,NA,0,NA,NA,NA,NA,0,99,"05-31-2015","00:00:00","","N","N","BACOPD","UNK",2,1,NA,"","",NA,"","",NA,"","",NA,"","","",39.38261023,-76.73340797,1,0,1,"M",NA,1,NA,0,99,0,88,0,"P",0,NA,0,"",NA,"",NA,0,NA,"17-MAY-52","1e44a06d-b166-43af-86bc-4f541521f74b","VA","C","","",""
"5190","AE5144000M",99,3,NA,1,99,99,NA,1,0,0,7.01,"07-04-2015","08:54:00","PC04","N","N","BACOPD","UNK",2,1,NA,"CO","",NA,"","F/O 4205 LOWELL DR, 21208",10,"F","",NA,"CO","","PLYMOUTH RD",39.36298718,-76.71647787,1,0,1,"F",NA,1,NA,0,0,0,88,0,"P",0,NA,0,"",NA,"",NA,0,NA,"23-MAR-73","01613268-4032-4d79-8dff-970219a233d4","MD","C","","",""
"5191","AE5144000N",1,3,NA,NA,99,NA,NA,NA,NA,0,6.01,"07-15-2015","15:19:00","PC04","N","N","BACOPD","UNK",2,1,NA,"","",NA,"","",NA,"","",NA,"","","",39.37587632,-76.72510386,1,0,1,"M",NA,1,NA,0,15.88,0,88,0,"P",0,NA,0,"",NA,"N",NA,1,NA,"07-MAR-91","28c78b65-6248-4b1e-9be2-36d2d5f8d9b9","MD","C","","",""
"5192","AE51450006",1,3,NA,8.04,17,2,1,1,1,0,0,"03-16-2015","17:30:00","","N","N","BACOPD","UNK",4,0,4984,"CO","",0.47,"N","FRANKLIN AVE",200,"F","N",NA,"UU","","ROAD END",39.31251921,-76.47089481,1,0,1,"F",1,3,NA,1,4,0,2,55,"P",0,NA,0,"",NA,"N",NA,21,NA,"22-APR-04","1cc410ec-ab04-4488-93c4-2c77baf04844","","","","",""
"5193","AE51450009",1,3,NA,9.04,17,2,NA,1,1,7,6.01,"05-05-2015","10:22:00","","N","N","BACOPD","UNK",9,9,4750,"CO","",0.11,"N","WILBUR RD",20,"F","N",150,"MD","","EASTERN BLVD",39.32415613,-76.44735575,1,0,1,"F",0,1,NA,0,88,0,88,0,"P",0,NA,0,"",NA,"",NA,0,NA,"16-OCT-56","f0ea0c79-b63d-4b01-899c-ea788b80a15b","MD","","","",""
"5194","AE51450018",1,3,0,1,3,2,2,1,2,0,6.01,"08-24-2016","11:39:00","","Y","N","BACOPD","UNK",1,0,150,"MD","",4.66,"E","EASTERN BLVD",0,"F","W",702,"RP","","RAMP 2 FR MD 150 WB TO MD 702 NB",39.31940863,-76.45692587,2,0,1,"M",1,1,NA,1,5,1,1,51,"P",0,NA,0,"",NA,"N",NA,1,NA,"04-FEB-88  00:00:00","ed50d04b-f31c-4c23-80ad-edf2e79fbfc3","","","","",""
"5195","AE5146000L",3,3,0,1,0,1,1,1,1,0,0,"09-21-2015","23:00:00","02/245","N","N","BACOPD","UNK",3,0,2161,"CO","",0,"W","NO NAME",300,"F","W",2000,"CO","","ROLLING RD",39.32226381,-76.75997257,1,0,1,"M",1,3,NA,1,1,1,1,53,"P",0,NA,0,"",NA,"N",NA,1,NA,"29-OCT-93","87f499b2-0c56-4b08-95f7-2e663eebaba7","MD","C","","","A"
"5196","AE5146000R",3,3,0,1,0,1,2,1,1,0,3,"01-09-2016","00:26:00","02/245","N","N","BACOPD","UNK",3,0,122,"MD","",0.27,"E","SECURITY BLVD",10,"F","W",2398,"CO","","BELMONT AVE",39.31258561,-76.7499733,1,0,1,"M",1,2,NA,0,3,0,1,53,"P",0,NA,0,"",NA,"N",NA,0,NA,"23-JUN-65","f63296c8-86e7-47b9-b3e5-bd19766643b1","","N/A","","","A"
"5197","AE51460010",3,3,NA,NA,17,NA,NA,NA,NA,0,12.04,"03-20-2016","02:00:00","02/245","N","N","BACOPD","UNK",3,0,NA,"","",NA,"","",NA,"","",NA,"","","",39.33692069,-76.75307393,1,1,1,"F",2,2,NA,2,88,0,1,88,"P",0,88,0,"",0,"Y",NA,1,NA,"16-SEP-79","ffe158bb-0e2d-44e2-9ea7-20bb0847c7e2","MD","C","","","A"
"5198","AE51460018",4,3,0,2,17,2,1,1,1,0,6.01,"07-03-2016","00:00:00","02/245","Y","N","BACOPD","UNK",3,0,2002,"CO","",0,"N","ROLLWIN RD",0,"F","N",2000,"CO","","ROLLING RD",39.33719038,-76.76025555,1,0,1,"M",1,2,NA,0,10.88,1,1,51,"P",0,NA,0,"",NA,"N",NA,1,NA,"18-DEC-87  00:00:00","533fa71e-ceba-4b5c-87ea-b276d3f5fd13","MD","ID","","","A"
"5199","AE5146001H",3,3,NA,NA,17,NA,NA,NA,NA,2,6.01,"11/10/2016","0:06:00","02/245","N","N","BACOPD","UNK",3,9,NA,"","",NA,"","",NA,"","",NA,"","","",39.33711881,-76.75359428,1,0,1,"M",1,1,NA,1,88,1,1,88,"P",0,NA,0,"",NA,"N",NA,1,NA,"7-Jul-86","356327a1-b382-4ff4-b5da-d5f0493e010d","MD","C","","",""
"5200","AE5147000S",1,3,NA,2,88,2,1,1,4,0,6.01,"05-19-2015","19:14:00","","Y","N","BACOPD","UNK",3,1,3071,"CO","",1.2,"E","SULPHUR SPRING RD",0,"F","E",3058,"CO","","EAST DR",39.24724356,-76.69378638,1,0,1,"F",1,3,NA,3,5,3,1,51,"P",0,NA,0,"",NA,"",NA,0,NA,"26-OCT-96","1f4e2940-ff52-468e-8847-80029318a68b","MD","C LRN","","","A"
"5201","AE5147000T",1,3,NA,1,88,2,1,1,4,0,6.01,"05-25-2015","16:27:00","","N","N","BACOPD","UNK",4,1,3060,"CO","",0.34,"S","CARVILLE AVE",150,"F","S",3066,"CO","","LINK AVE",39.24614681,-76.69401169,1,1,1,"M",1,3,NA,2,88,0,2,54,"P",0,NA,0,"",NA,"",NA,1,NA,"12-APR-00","f4408e7b-47ab-4984-b19f-8b9ae64ea116","","","","","A"
"5202","AE51470016",1,3,NA,NA,88,NA,NA,NA,NA,0,6.01,"07-14-2015","16:30:00","","N","N","BACOPD","UNK",3,0,NA,"","",NA,"","",NA,"","",NA,"","","",39.23752176,-76.66251183,1,0,1,"M",1,3,NA,3,88,0,1,88,"P",0,NA,0,"",NA,"N",NA,1,NA,"03-MAY-88","e3f917fb-8646-4dcf-a4a5-7305c0668cb6","MD","","","","A"
"5203","AE5147001G",4,3,0,0,88,2,1,1,1,0,7.01,"08-19-2015","19:44:00","","N","N","BACOPD","UNK",3,0,2752,"CO","",0,"N","NUNNERY LA",NA,"F","S",144,"MD","","FREDERICK RD",39.27737259,-76.71468616,1,1,1,"M",1,2,NA,3,6,1,1,55,"P",0,NA,0,"",NA,"Y",NA,1,NA,"16-MAR-09","395ead24-d079-4b32-b43e-559705e0145a","","","","","A"
"5204","AE5147001T",1,3,0,2,88,2,1,1,1,0,7.01,"10-14-2015","13:30:00","","Y","N","BACOPD","UNK",3,3,144,"MD","",3.67,"E","FREDERICK RD",0,"F","E",2621,"CO","","INGLESIDE AVE",39.27198238,-76.73143387,1,0,1,"F",1,3,NA,3,5,2,1,51,"P",0,NA,0,"",NA,"N",NA,1,NA,"07-JAN-74","081d162f-60b6-4e44-879d-82e5eea1d90d","MD","ID","","","A"
"5205","AE5147001Z",1,3,NA,NA,88,NA,NA,NA,NA,0,6.01,"11-23-2015","10:27:00","","N","N","BACOPD","UNK",10,3,NA,"","",NA,"","",NA,"","",NA,"","","",39.28216446,-76.75125003,1,0,1,"F",1,3,NA,3,5,1,1,51,"P",0,NA,0,"",NA,"N",NA,1,NA,"26-MAY-38","620597e2-6b70-4ae0-bc86-219d019217f9","MD","C","","","A"
"5206","AE51470021",3,3,0,1,88,2,1,1,1,0,6.01,"12-08-2015","17:37:00","","N","N","BACOPD","UNK",3,1,2984,"CO","",0.17,"E","ALAN DR",NA,"F","E",3001,"CO","","HOOPER AVE",39.26458159,-76.69411898,1,0,1,"F",1,3,NA,3,6,1,1,52,"P",0,NA,0,"",NA,"Y",NA,1,NA,"23-SEP-87","4de14e1f-10f3-48da-9812-25204403757a","MD","","","","A"
"5207","AE51470023",1,3,0,1,88,2,NA,1,3,0,6.01,"12-10-2015","14:41:00","","N","N","BACOPD","UNK",3,3,1,"US","AL",1.96,"N","WASHINGTON BLVD",NA,"F","S",7580,"CO","","COMMERCE DR",39.24868925,-76.67070866,1,1,1,"M",3,3,NA,3,6,1,1,52,"P",0,NA,0,"",NA,"Y",NA,1,NA,"15-MAY-95","0c39bd29-ad21-44cf-a193-6b4368308227","","","","","A"
"5208","AE51470026",4,3,0,3,88,1,1,1,3,0,3,"12-22-2015","06:38:00","","N","N","BACOPD","UNK",3,3,3239,"CO","",2.87,"S","HOLLINS FERRY RD",0,"F","S",3140,"CO","","HALETHORPE FARMS RD",39.22845205,-76.68586448,1,0,1,"M",1,3,NA,2,6,1,1,51,"P",0,NA,0,"",NA,"Y",NA,1,NA,"18-JUN-63","4ab2a6fa-8d80-48e4-a14b-221cebc117d2","MD","ID","","","A"
"5209","AE51470036",1,3,0,0,88,2,1,1,3,0,7.01,"08-05-2016","10:52:00","","N","N","BACOPD","UNK",3,0,144,"MD","",3.32,"E","FREDERICK RD",NA,"F","E",0,"UU","","ENT TO CATONSVILLE POST OFFICE",39.27077493,-76.73719525,1,0,1,"M",1,3,NA,3,1,1,1,52,"P",0,NA,0,"",NA,"Y",NA,1,NA,"29-NOV-57  00:00:00","b25f1988-6a97-4592-bfa3-25362c6b3ca8","MD","CM","","","A"
"5210","AE5147003B",1,3,0,2,88,2,1,1,3,0,6.01,"09-21-2016","12:16:00","","N","N","BACOPD","UNK",3,0,2600,"CO","",3.68,"E","EDMONDSON AVE",0,"F","E",2579,"CO","","ORPINGTON RD",39.28697262,-76.71156675,1,0,1,"M",1,3,NA,1,1,1,1,51,"P",0,NA,0,"",NA,"Y",NA,1,NA,"05-JAN-91  00:00:00","75632e3c-168f-4313-b2da-af73644cdcfb","MD","C","","","A"
"5211","AE51470049",1,3,NA,NA,88,NA,NA,NA,NA,0,0,"4/28/2017","19:46:00","","N","N","BACOPD","UNK",3,0,NA,"","",NA,"","",NA,"","",NA,"","","",39.28883268,-76.73289299,1,0,1,"F",1,3,NA,1,5,1,1,51,"P",0,NA,0,"",NA,"U",NA,1,NA,"17-Mar-39","e33523a5-f961-4442-b5b3-9e85d5b01439","MD","C","","","A"
"5212","AE5148002M",1,3,0,2,11,2,1,1,1,0,6.01,"4/2/2017","12:59:00","","N","N","BACOPD","UNK",4,0,128,"MD","",4.7,"E","BUTLER RD",0,"F","E",189,"CO","","MANTUA MILL RD",39.51432555,-76.76821768,1,0,1,"M",1,3,NA,2,6,1,2,53,"P",0,NA,0,"",NA,"N",NA,21,NA,"28-Oct-83","0ea8b423-a989-4fad-8497-57bac120cbb4","MD","","","","A"
"5213","AE51560023",1,3,NA,NA,17,NA,NA,NA,NA,0,6.01,"6/1/2017","14:35:00","","N","N","BACOPD","UNK",3,0,NA,"","",NA,"","",NA,"","",NA,"","","",39.37198921,-76.45397812,1,0,1,"F",1,2,NA,1,5,1,1,56,"P",0,NA,0,"",NA,"N",NA,0,NA,"6-May-47","89bf9646-8377-4d9f-997b-cdad38291e1d","MD","C","","","A"
"5214","AE5157000F",1,3,0,2,17,2,1,1,1,0,6.01,"09-11-2015","07:44:00","","N","N","BACOPD","UNK",3,0,2301,"CO","",0,"S","OFFUTT RD",0,"F","S",2200,"CO","","WINANDS RD",39.38296681,-76.79509878,1,0,1,"F",1,3,NA,0,9.05,1,1,51,"P",0,NA,0,"",NA,"N",NA,1,NA,"02-NOV-99","b9c1232f-eeac-4957-965b-acaeb71b66cd","","","","",""
"5215","AE51580004",3,3,NA,2,0,2,1,1,1,0,6.01,"01-10-2015","22:00:00","","Y","N","BACOPD","UNK",3,0,1800,"CO","",0.38,"W","MILFORD MILL RD",0,"F","W",1809,"CO","","DEERFIELD RD",39.36423141,-76.72021151,1,0,1,"M",2,3,NA,3,6,99,1,52,"P",0,NA,0,"",NA,"",NA,0,NA,"04-JUL-57","c64d6ec3-aed8-4076-a100-57a1f5c7cae3","","","","","A"
"5216","AE5161000J",3,3,0,2,17,2,1,1,1,0,6.01,"02-26-2016","00:15:00","PC1 127","N","N","BACOPD","UNK",3,0,3045,"CO","",0,"S","STEVENS AVE",0,"F","S",3050,"CO","","HIGHVIEW RD",39.25096419,-76.69609912,1,1,1,"M",1,3,NA,2,10.88,1,1,51,"P",0,NA,0,"",NA,"N",NA,1,NA,"12-JUL-90","976e6e74-57bc-4674-9c83-76871849ef6e","MD","C","","",""
"5217","AE5161000N",3,3,0,2,17,2,1,1,4,0,6.01,"06-23-2016","01:45:00","PC1 112","N","N","BACOPD","UNK",3,0,40,"US","",1.6,"E","BALTO NATIONAL PIKE",0,"F","E",2000,"CO","","ROLLING RD",39.28354196,-76.75353661,1,0,1,"M",2,3,NA,2,9.05,1,1,51,"P",0,NA,0,"",NA,"N",NA,1,NA,"15-MAY-73","d54fa164-dca4-4e98-9416-6971988cbe6d","","","","",""
"5218","AE5164000Y",1,3,0,1,88,2,1,1,1,0,6.01,"11-03-2015","11:09:00","","N","N","BACOPD","UNK",2,0,665,"CO","",0.41,"N","WALGROVE RD",30,"F","S",462,"CO","","SACRED HEART LA",39.45635048,-76.81289792,1,1,1,"F",1,1,NA,0,3,0,1,63.88,"P",0,NA,0,"",NA,"N",NA,0,NA,"12-NOV-75","68729d13-fb3b-486d-8adf-cbc651f8a560","","","","",""
"5219","AE51720005",3,3,0,3,17,1,1,1,1,0,6.01,"06-23-2016","22:36:00","","Y","N","BACOPD","UNK",3,0,45,"MD","",1.94,"N","YORK RD",10,"F","N",1179,"CO","","CHESAPEAKE AVE W",39.39944839,-76.60269588,1,0,1,"F",2,3,NA,1,6,3,1,52,"P",0,NA,0,"",NA,"Y",NA,1,NA,"24-AUG-75","9f6cbc72-6795-457f-aeaa-24816a9c6f35","NY","","","",""
"5220","AE5177000T",4,3,NA,NA,17,NA,NA,NA,NA,0,6.01,"06-24-2015","04:18:00","1409 PC2","N","N","BACOPD","UNK",3,0,NA,"","",NA,"","",NA,"","",NA,"","","",39.36182589,-76.80242658,1,0,1,"F",99,5,NA,1,88,1,1,57,"P",0,NA,0,"",NA,"Y",NA,0,NA,"20-MAR-76","7025cdc3-bfd0-45ba-9183-a7014199ac94","MD","C","","","A"
"5221","AE51770012",1,3,0,0,3,2,1,3,1,0,6.01,"10-22-2015","08:04:00","1409PC11","N","Y","BACOPD","UNK",3,10,4102,"CO","",0.25,"N","CHOPTANK RD",219,"F","N",4111,"CO","","OLIVER BEACH RD",39.37176682,-76.35220706,1,0,1,"M",1,2,NA,4,6,1,1,59,"P",0,NA,0,"",NA,"N",NA,25.88,NA,"21-FEB-85","d7e4d10a-f29f-489e-8269-3ed66b398f85","MD","","","","A"
"5222","AE51770013",1,3,0,1,88,2,1,1,1,0,7.01,"11-18-2015","07:53:00","","N","N","BACOPD","UNK",3,0,533,"CO","",4.4,"N","MARRIOTTSVILLE RD",230,"F","N",2200,"CO","","WINANDS RD",39.38815568,-76.82250559,1,1,1,"M",1,2,NA,3,6,1,1,62.88,"P",0,NA,0,"",NA,"Y",NA,1,NA,"04-FEB-04","46c86f7e-cc07-4b04-a95d-170fdbbbce6b","","","","","A"
"5223","AE51770015",1,3,0,1,11,2,NA,1,3,0,6.01,"11-27-2015","08:57:00","1409 PC2","N","N","BACOPD","UNK",3,0,26,"MD","",6.457,"E","LIBERTY RD",30,"F","W",1700,"CO","","OLD COURT RD",39.36141113,-76.77887678,1,0,1,"F",1,3,NA,1,6,0,1,52,"P",0,NA,0,"",NA,"Y",NA,1,NA,"30-MAY-74","ef302d7d-b97c-426c-8751-c9241cd73b96","MD","ID","","","A"
"5224","AE51770016",1,3,0,3,11,0,1,1,4,0,6.01,"12-03-2015","14:20:00","","Y","N","BACOPD","UNK",3,0,43,"MD","",0.64,"E","WHITE MARSH BLVD",58,"F","E",6158,"CO","","WALTHER BLVD",39.38095169,-76.51222229,1,0,1,"F",1,5,NA,3,6,3,1,52,"P",0,NA,0,"",NA,"Y",NA,1,NA,"26-SEP-53","ea7875b5-30af-4d28-b7e1-a9e4b1180c2c","","","","","A"