"UNIQUE_ID","REPORT_NO","LIGHT_CODE","COUNTY_NO","MUNI_CODE","JUNCTION_CODE","COLLISION_TYPE_CODE","SURF_COND_CODE","LANE_CODE","RD_COND_CODE","RD_DIV_CODE","FIX_OBJ_CODE","WEATHER_CODE","ACC_DATE","ACC_TIME","LOC_CODE","SIGNAL_FLAG","C_M_ZONE_FLAG","AGENCY_CODE","AREA_CODE","HARM_EVENT_CODE1","HARM_EVENT_CODE2","RTE_NO","ROUTE_TYPE_CODE","RTE_SUFFIX","LOG_MILE","LOGMILE_DIR_FLAG","MAINROAD_NAME","DISTANCE","FEET_MILES_FLAG","DISTANCE_DIR_FLAG","REFERENCE_NO","REFERENCE_TYPE_CODE","REFERENCE_SUFFIX","REFERENCE_ROAD_NAME","LATITUDE","LONGITUDE","drv","occ","ped","SEX_CODE","CONDITION_CODE","INJ_SEVER_CODE","OCC_SEAT_POS_CODE","PED_VISIBLE_CODE","PED_LOCATION_CODE","PED_OBEY_CODE","PED_TYPE_CODE","MOVEMENT_CODE","PERSON_TYPE","ALCOHOL_TEST_CODE","ALCOHOL_TESTTYPE_CODE","DRUG_TEST_CODE","DRUG_TESTRESULT_CODE","BAC_CODE","FAULT_FLAG","EQUIP_PROB_CODE","SAF_EQUIP_CODE","EJECT_CODE","DATE_OF_BIRTH","PERSON_ID","LICENSE_STATE_CODE","CLASS","CDL_FLAG","VEHICLE_ID","EMS_UNIT_LABEL"
"5343","AE53610025",1,3,0,2,17,2,1,1,4,0,6.01,"5/16/2017","17:00:00","","Y","N","BACOPD","UNK",4,0,150,"MD","",4.09,"E","EASTERN BLVD",0,"F","E",4764,"CO","","SELIG AVE",39.31440245,-76.46227688,1,1,1,"M",1,1,NA,1,5,2,2,51,"P",0,NA,0,"",NA,"N",NA,1,NA,"17-Dec-97","d78084b5-cac5-4493-a62d-d23d8c155aab","","","","",""
"5344","AE5363001V",1,3,0,1,88,2,1,1,1,0,0,"08-01-2016","11:29:00","","N","N","BACOPD","UNK",3,0,781,"CO","",0,"E","MADISON AVE",50,"F","E",780,"CO","","MONROE ST",39.45990001,-76.63161278,1,0,1,"M",1,1,NA,3,6,1,1,54,"P",0,NA,0,"",NA,"N",NA,1,NA,"08-FEB-74  00:00:00","d2b19f3a-5224-480c-84d6-54bb50576709","","","","",""
"5345","AE5364000Y",4,3,0,2,0,2,1,1,4,0,6.01,"12/12/2016","18:40:00","","Y","N","BACOPD","UNK",3,3,4737,"CO","",0.031,"N","SEVERSKY CT",0,"F","N",150,"MD","","EASTERN BLVD",39.3208684,-76.45316273,1,0,2,"F",1,1,NA,1,5,1,1,51,"P",0,NA,0,"",NA,"N",NA,0,NA,"18-May-95","9daf71db-6b79-44b8-a3e9-bc149975ce37","MD","C","","",""
"5346","AE5364000Y",4,3,0,2,0,2,1,1,4,0,6.01,"12/12/2016","18:40:00","","Y","N","BACOPD","UNK",3,3,4737,"CO","",0.031,"N","SEVERSKY CT",0,"F","N",150,"MD","","EASTERN BLVD",39.3208684,-76.45316273,1,0,2,"M",1,1,NA,1,5,1,1,51,"P",0,NA,0,"",NA,"N",NA,0,NA,"6-Dec-93","f507ff20-2693-4b28-abb2-47146a0d572d","MD","CM","","",""
"5347","AE53640010",1,3,0,3,0,2,1,1,1,0,0,"1/10/2017","14:15:00","11","Y","N","BACOPD","UNK",3,0,4758,"CO","",0.17,"N","OLD EASTERN AVE",0,"F","N",4765,"CO","","GLENWOOD RD",39.30383605,-76.48479372,1,0,1,"M",99,1,NA,1,4,1,1,52,"P",0,NA,0,"",NA,"Y",NA,0,NA,"1-Jan-00","306e631f-f2fd-4fe7-9644-3cf86398aa9d","XX","UU","","",""
"5348","AE53650007",3,3,NA,1,88,4,3,1,4,0,88,"01-19-2015","00:47:00","","N","N","BACOPD","UNK",2,2,122,"MD","",2.59,"E","SECURITY BLVD",100,"F","E",2621,"CO","","INGLESIDE AVE",39.30310533,-76.71244383,1,0,1,"M",1,3,NA,4,1,1,7,88,"P",0,NA,0,"",NA,"",NA,25.88,NA,"08-JUN-67","53fb0de5-6066-45c8-ba7d-8d6db12844d2","MD","","","",""
"5349","AE5365000X",3,3,NA,NA,88,NA,NA,NA,NA,0,6.01,"08-06-2016","22:30:00","","N","N","BACOPD","UNK",6,0,NA,"","",NA,"","",NA,"","",NA,"","","",39.32196813,-76.73042938,1,0,1,"M",1,2,NA,2,11.05,1,7,51,"P",0,NA,0,"",NA,"N",NA,0,NA,"27-JUN-72  00:00:00","5ef77f6b-eda8-441b-a260-b099a9c7406e","","","","",""
"5350","AE5367000P",1,3,0,1,17,2,1,1,1,0,6.01,"07-16-2015","12:16:00","","N","N","BACOPD","UNK",3,0,140,"MD","",3.92,"N","REISTERSTOWN RD",300,"F","N",0,"UU","","ENT TO VALLEY CENTER",39.40625671,-76.76130295,1,0,1,"F",1,2,NA,1,3,1,1,63.88,"P",0,NA,0,"",NA,"N",NA,0,NA,"10-MAR-48","2e7c3f48-9525-41a7-894d-9a3c054adabe","","","","","A"
"5351","AE53670017",1,3,0,1,17,2,1,1,1,0,6.01,"03-10-2016","08:05:00","","N","N","BACOPD","UNK",3,0,6847,"CO","",0.24,"N","TWILIGHT CT",10,"F","S",7545,"CO","","BRIGHT STAR CT",39.34418938,-76.51308328,1,0,1,"F",NA,2,NA,3,6,1,1,54,"P",0,NA,0,"",NA,"Y",NA,0,NA,"23-MAY-09","4f0a9c77-679f-4e63-acc5-ccf3030dd067","","","","","A"
"5352","AE5369000Q",7.88,3,0,2,7,2,NA,1,1,0,6.01,"08-26-2015","23:00:00","","N","N","BACOPD","UNK",4,0,150,"MD","",10.17,"E","EASTERN AVE",0,"F","E",6515,"OP","","BRINKSMAN RD",39.35782755,-76.37231827,1,0,1,"M",99,3,NA,6,1,1,2,53,"P",0,NA,0,"",NA,"N",NA,1,NA,"23-MAY-83","6ab7fac0-d014-4f96-a90d-870c000c9e3d","MD","","","",""
"5353","AE5371000J",3,3,NA,1,17,2,NA,1,1,7,6.01,"02-08-2015","08:30:00","PC02","N","N","BACOPD","UNK",9,0,1947,"CO","",0.23,"N","LUGINE AVE",50,"F","N",1946,"CO","","ELBA DR",39.33545919,-76.74162626,1,0,1,"M",NA,1,NA,88,0,88,88,88,"P",0,NA,0,"",NA,"",NA,0,NA,"13-MAR-52","6ae7dc76-74f1-4fd6-8275-58111324021d","","","","",""
"5354","AE53710019",1,3,0,88,17,2,1,1,88,0,6.01,"03-17-2016","17:38:00","PC02","N","N","BACOPD","UNK",3,0,2439,"OP","",0,"N","JANPER CT",100,"F","S",2440,"CO","","MOSBY AVE",39.31531656,-76.71216488,1,0,1,"M",1,2,NA,0,6,1,1,55,"P",0,NA,0,"",NA,"Y",NA,1,NA,"25-APR-08","27cf8778-19a3-4b76-a927-45d56bb3570e","","","","","A"
"5355","AE5371001G",1,3,0,3,17,1,1,1,1,0,3,"05-13-2016","14:42:00","PC02","N","N","BACOPD","UNK",3,0,1900,"CO","",2.34,"S","WINDSOR MILL RD",0,"F","N",2000,"CO","","ROLLING RD",39.34142845,-76.76270038,1,0,1,"M",NA,2,NA,1,6,0,1,51,"P",0,NA,0,"",NA,"Y",NA,1,NA,"18-JAN-99","bf318611-6757-46b5-b103-3c0161c51bd6","","","","",""
"5356","AE5371001P",1,3,0,2,17,2,1,1,1,0,6.01,"09-07-2016","15:10:00","PC02","N","N","BACOPD","UNK",3,0,2062,"CO","",0.55,"E","SUBET RD",0,"F","E",2015,"CO","","LYNNE HAVEN DR",39.34748224,-76.75668955,1,0,1,"F",0,2,NA,1,6,1,2,51,"P",0,NA,0,"",NA,"Y",NA,1,NA,"14-JUL-99  00:00:00","628ef350-0085-49bb-897d-0e7a73fbbe07","","","","",""
"5357","AE53710020",3,3,0,1,17,2,2,1,1,0,6.01,"1/24/2017","18:07:00","245","N","N","BACOPD","UNK",3,0,6382,"CO","",1.2,"S","LORD BALTIMORE DR",15,"F","S",6129,"CO","","WINDSOR BLVD",39.33155063,-76.75262332,1,0,1,"F",NA,2,NA,2,6,1,1,54,"P",0,NA,0,"",NA,"Y",NA,1,NA,"28-Jul-97","aa33d1e3-4258-40d0-900b-4828bc8d4894","","","","","A"
"5358","AE53720007",1,3,0,1,1,0,1,1,1,7,6.01,"10-24-2015","10:39:00","330/PAT","N","N","BACOPD","UNK",1,9,443,"CO","",0.47,"E","WORTHINGTON AVE",NA,"M","E",6240,"CO","","SAGAMORE FOREST LA",39.39881209,-76.79256678,2,3,1,"M",NA,1,NA,0,15.88,0,88,0,"P",0,NA,0,"",NA,"N",NA,0,NA,"08-JUN-65","1961ab1f-fd89-4341-9f1d-e81485b62fb6","MD","","","",""
"5359","AE5372000W",7.88,3,0,1,88,99,1,1,1,8,0,"3/4/2017","6:36:00","BCOPD329","N","N","BACOPD","UNK",9,0,6806,"CO","",0.26,"S","ESGARTH WAY",0.5,"M","S",6803,"CO","","LONG LAKE DR",39.46100894,-76.7897813,1,0,1,"F",NA,1,NA,0,0,0,88,0,"P",0,NA,0,"",NA,"N",NA,0,NA,"24-Jan-45","68678e1f-fdf3-418f-a0b5-1f4dd6d8071a","","","","",""
"5360","AE53760005",3,3,NA,1,0,1,1,1,1,0,6.01,"03-08-2015","00:00:00","","N","N","BACOPD","UNK",3,0,1901,"CO","",0.49,"N","ESSEX RD",50,"F","N",NA,"UU","","WINDMOOR PL",39.33114399,-76.73056483,1,0,1,"M",2,2,NA,2,88,0,1,56,"P",0,NA,0,"",NA,"",NA,0,NA,"09-JUN-56","2ac25d47-964d-4d0a-a66a-aabe240d5aef","MD","c","","","A"
"5361","AE5378000J",3,3,0,2,88,1,NA,1,88,0,3,"05-05-2016","23:05:00","","Y","N","BACOPD","UNK",3,0,5560,"CO","",0.48,"E","WISE AVE",0,"F","E",5600,"CO","","LYNCH RD",39.2673684,-76.49688944,1,0,1,"F",0,3,NA,2,3,1,1,51,"P",0,NA,0,"",NA,"N",NA,1,NA,"18-JUL-95","038fd855-fa01-4e1c-8eb0-abf13b814ca3","","","","",""
"5362","AE5384000D",1,3,NA,2,88,2,1,1,3,0,6.01,"04-26-2015","08:43:00","PC07/715","N","N","BACOPD","UNK",3,3,414,"CO","",0.14,"S","RIDGELAND RD",0,"F","S",415,"CO","","CRANBROOK RD",39.47159934,-76.62047625,1,0,1,"M",1,1,NA,2,5,1,1,51,"P",0,NA,0,"",NA,"",NA,1,NA,"31-OCT-50","a23f3738-26fa-4435-b975-afc1ccba63e5","MD","ID","","",""
"5363","AE5384001W",1,3,NA,NA,17,NA,NA,NA,NA,0,6.01,"05-28-2016","15:25:00","PC07/PAT","N","N","BACOPD","UNK",3,0,NA,"","",NA,"","",NA,"","",NA,"","","",39.47206727,-76.62397653,1,1,1,"F",1,2,NA,1,88,1,1,88,"P",0,NA,0,"",NA,"Y",NA,1,NA,"15-OCT-76","872f480a-0b4d-4388-b8ff-f8ddf485df08","MD","C","","",""
"5364","AE5384003H",1,3,0,2,17,2,2,1,3,0,6.01,"6/24/2017","17:32:00","PC07/715","N","N","BACOPD","UNK",1,4,45,"MD","",7.66,"N","YORK RD",0,"F","N",360,"CO","","WARREN RD",39.47320913,-76.64031789,1,0,1,"M",1,1,NA,1,6,1,2,54,"P",0,NA,0,"",NA,"Y",NA,1,NA,"2-Aug-99","2ffc6cf7-ce2c-4183-bd40-0daecc7c328e","NJ","ID","","",""
"5365","AE53850008",4,3,NA,0,99,2,NA,0,0,0,6.01,"04-04-2015","00:00:00","","N","N","BACOPD","UNK",0,0,208,"OP","",0.15,"W","YENNAR LA",2,"F","W",209,"OP","","KORADO CT",39.36028921,-76.76501781,1,0,1,"M",NA,1,NA,88,0,88,88,0,"P",0,NA,0,"",NA,"",NA,0,NA,"22-MAR-90","1916769d-db3d-465b-9026-7b677558376d","","","","",""
"5366","AE53850009",99,3,NA,1,7,0,1,1,1,0,6.01,"04-04-2015","10:41:00","","N","N","BACOPD","UNK",2,0,2072,"CO","",0.77,"W","CHURCH LA",2,"F","W",2152,"CO","","CLIFMAR RD",39.36389133,-76.76776171,1,0,1,"M",NA,1,NA,88,0,0,88,0,"P",0,NA,0,"",NA,"",NA,0,NA,"31-JAN-77","89089e15-f2af-4494-bf10-7b5d14960a4e","MD","","","",""
"5367","AE5385000J",1,3,NA,NA,17,NA,NA,NA,NA,88,3,"06-02-2015","08:37:00","","N","N","BACOPD","UNK",9,16,NA,"","",NA,"","",NA,"","",NA,"","","",39.33791541,-76.71585023,1,0,2,"F",NA,1,NA,0,0,0,88,0,"P",0,NA,0,"",NA,"",NA,0,NA,"23-FEB-76","646be4a6-e4aa-45a5-b4a6-662835a9f0f9","MD","C","","",""
"5368","AE5385000J",1,3,NA,NA,17,NA,NA,NA,NA,88,3,"06-02-2015","08:37:00","","N","N","BACOPD","UNK",9,16,NA,"","",NA,"","",NA,"","",NA,"","","",39.33791541,-76.71585023,1,0,2,"M",NA,1,NA,0,88,0,88,0,"P",0,NA,0,"",NA,"",NA,0,NA,"14-APR-62","4cb583e1-3536-4240-89fa-3933aa05090a","MD","C","","",""
"5369","AE5386000M",1,3,0,1,17,3,1,88,2,0,8.04,"01-24-2016","16:18:00","","N","N","BACOPD","UNK",3,0,5545,"CO","",0.23,"S","EDER RD",300,"F","S",6594,"CO","","NEW BATTLE GROVE RD",39.26331897,-76.4672792,1,0,1,"M",1,2,NA,0,6,0,1,88,"P",0,NA,0,"",NA,"N",NA,0,NA,"08-APR-88","7262c490-8b8e-4ccb-9bc5-46d4cef4d4e7","MD","","","",""
"5370","AE53860013",3,3,0,3,17,2,2,1,1,0,6.01,"12/1/2016","17:01:00","","Y","N","BACOPD","UNK",3,0,5560,"CO","",0.97,"E","WISE AVE",2,"F","E",5585,"CO","","INVERNESS AVE",39.26393367,-76.4869988,1,0,1,"M",1,2,NA,2,9.05,99,1,53,"P",0,NA,0,"",NA,"U",NA,1,NA,"22-Mar-02","9a982f41-2cb9-4895-9620-a8279159e204","","","","","A"
"5371","AE5386001D",1,3,0,1,5,2,2,1,4,0,6.01,"4/30/2017","13:24:00","","N","N","BACOPD","UNK",4,0,151,"MD","",1.82,"N","NORTH POINT BLVD",20,"F","S",695,"RP","","RAMP 2 FR MD 151 WB TO MD 695 NB",39.24486517,-76.45568937,1,0,1,"M",0,2,NA,0,6,0,2,53,"P",0,NA,0,"",NA,"Y",NA,1,NA,"6-Aug-01","489435e0-8c50-4e0c-b43a-2aebf7a0b25c","","","","","A"
"5372","AE5390000N",1,3,NA,NA,88,NA,NA,NA,NA,0,6.01,"06-17-2015","12:00:00","","N","N","BACOPD","UNK",3,0,NA,"","",NA,"","",NA,"","",NA,"","","",39.4016806,-76.60502672,1,0,1,"F",1,3,NA,1,88,1,1,88,"P",0,NA,0,"",NA,"",NA,0,NA,"02-OCT-55","80c25319-8878-40bf-a76c-1a246856547a","","","","",""
"5373","AE53910009",3,3,NA,1,17,2,2,0,4,4,6.01,"04-26-2015","01:13:00","PC02 226","N","N","BACOPD","UNK",9,3,2000,"CO","",3.04,"N","ROLLING RD",100,"F","N",NA,"UU","","ENT TO SECURITY SQUARE MALL",39.30787054,-76.75319195,1,0,1,"M",1,2,NA,0,2,0,1,56,"P",0,NA,0,"",NA,"",NA,0,NA,"29-JUN-94","aaa57de3-5086-4183-9da6-d2eaa6b25ab0","MD","id","","","A"
"5374","AE53920010",1,3,NA,1,17,2,NA,1,1,0,6.01,"05-26-2015","13:56:00","","N","N","BACOPD","UNK",3,0,45,"MD","",4.4,"N","YORK RD",598,"F","N",866,"CO","","RIDGELY RD",39.42856096,-76.62064791,1,0,1,"M",1,3,NA,3,6,0,1,52,"P",0,NA,0,"",NA,"",NA,1,NA,"11-JAN-88","39a96968-6eab-472f-b55c-6d1128cfc2c1","","","","","A"
"5375","AE5392002F",1,3,0,2,88,2,1,1,1,0,6.01,"07-15-2016","17:04:00","","Y","N","BACOPD","UNK",4,0,900,"CO","",0.39,"S","REUTER RD",0,"F","S",922,"CO","","NORTHWOOD DR",39.43849653,-76.61459684,1,0,1,"M",NA,3,NA,2,5,0,2,51,"P",0,NA,0,"",NA,"Y",NA,1,NA,"08-SEP-03  00:00:00","05749650-538f-42e0-8ca0-bb769b475f48","","","","","A"
"5376","AE5392003F",1,3,NA,NA,17,NA,NA,NA,NA,0,6.01,"6/4/2017","13:21:00","","N","N","BACOPD","UNK",3,0,NA,"","",NA,"","",NA,"","",NA,"","","",39.44361557,-76.6252783,1,0,1,"F",NA,2,NA,3,88,1,1,53,"P",0,NA,0,"",NA,"N",NA,1,NA,"4-Jan-69","ca44b23f-18be-4d4e-9aee-a1db25b3f31a","MD","C","","","A"
"5377","AE5392003J",1,3,0,2,17,2,2,1,1,0,6.01,"6/12/2017","19:58:00","","Y","N","BACOPD","UNK",3,0,45,"MD","",4.4,"N","YORK RD",0,"F","N",866,"CO","","RIDGELY RD",39.43027275,-76.62141595,1,0,1,"F",NA,2,NA,1,10.88,88,1,51,"P",0,NA,0,"",NA,"Y",NA,1,NA,"3-Aug-54","bdaa5578-c0c1-41e7-a7b8-48148512930a","MD","I","","","A"
"5378","AE53960015",1,3,NA,NA,17,NA,NA,NA,NA,0,6.01,"12/5/2016","15:58:00","","N","N","BACOPD","UNK",3,0,NA,"","",NA,"","",NA,"","",NA,"","","",39.36891884,-76.79883644,1,0,1,"M",1,3,NA,2,88,1,1,52,"P",0,NA,0,"",NA,"U",NA,0,NA,"18-May-61","2ca3fc2c-f59d-4c61-9d72-a72529019253","","","","","B"
"5379","AE5399000Z",3,3,0,0,88,2,2,1,1,0,6.01,"3/26/2017","23:14:00","PC8, 828","N","N","BACOPD","UNK",3,3,1,"US","",18.17,"N","BELAIR RD",50,"F","N",314,"OP","","LOUISA AVE",39.38173743,-76.50099322,1,0,2,"F",NA,3,NA,2,6,0,1,54,"P",0,NA,0,"",NA,"Y",NA,0,NA,"19-Jul-95","bde15b05-3bcb-46f6-862f-f2a3b612e4d9","","","","","A"
"5380","AE5399000Z",3,3,0,0,88,2,2,1,1,0,6.01,"3/26/2017","23:14:00","PC8, 828","N","N","BACOPD","UNK",3,3,1,"US","",18.17,"N","BELAIR RD",50,"F","N",314,"OP","","LOUISA AVE",39.38173743,-76.50099322,1,0,2,"F",1,2,NA,2,6,0,1,54,"P",0,NA,0,"",NA,"Y",NA,0,NA,"5-Dec-89","319cae01-26a7-4976-a179-3879e9d4de36","","","","",""
"5381","AE5405000G",99,3,NA,NA,17,NA,NA,NA,NA,7,99,"07-09-2015","12:11:49","","N","N","BACOPD","UNK",9,0,NA,"","",NA,"","",NA,"","",NA,"","","",39.28434852,-76.50969565,1,0,1,"F",NA,1,NA,0,0,0,88,0,"P",0,NA,0,"",NA,"N",NA,0,NA,"05-AUG-72","0b0b199c-cca4-497b-b722-4fbda8486ef3","MD","C","","",""
"5382","AE5405001G",3,3,0,3,9,2,1,1,1,4,6.01,"11/1/2016","19:21:00","","N","N","BACOPD","UNK",1,9,3779,"CO","",0.18,"N","MAGLEDT RD",0,"F","N",8781,"CO","","MAPLE VIEW WAY",39.39650102,-76.50962457,2,2,1,"M",NA,1,NA,0,15.88,0,88,0,"P",0,NA,0,"",NA,"N",NA,0,NA,"3-Jan-46","7930a85d-7716-4760-8953-bd0faeb8d2cb","MD","CM","","",""
"5383","AE5405001M",1,3,NA,NA,17,NA,NA,NA,NA,0,6.01,"11/28/2016","16:30:00","","N","N","BACOPD","UNK",3,0,NA,"","",NA,"","",NA,"","",NA,"","","",39.39908361,-76.48335367,1,0,1,"F",1,3,NA,3,6,0,1,52,"P",0,NA,0,"",NA,"Y",NA,0,NA,"10-Nov-54","d6067fd9-fd24-4a89-ab36-d708809ca851","MD","C","","","A"
"5384","AE5407000T",1,3,0,2,17,2,2,1,1,4,6.01,"06-18-2016","15:54:00","","Y","N","BACOPD","UNK",1,0,26,"MD","",6.747,"E","LIBERTY RD",0,"F","E",2100,"CO","","COURTLEIGH DR",39.35945553,-76.77371487,1,0,1,"F",1,3,NA,2,3,0,1,56,"P",0,NA,0,"",NA,"N",NA,1,NA,"21-OCT-64","5bdd2046-b836-4930-ab34-45918d098f39","MD","ID","","",""
"5385","AE54080011",0,3,0,1,17,0,NA,1,1,0,6.01,"05-19-2016","21:30:00","PC01","N","N","BACOPD","UNK",3,3,3252,"CO","",0.46,"S","CHARLESTON AVE",20,"F","S",3254,"CO","","BIGLEY AVE",39.23966566,-76.65827394,1,0,1,"F",1,2,NA,0,6,0,1,56,"P",0,NA,0,"",NA,"N",NA,1,NA,"13-FEB-88","8d513599-1b08-4e83-b274-e1e88b94e503","MD","","","",""
"5386","AE5408001H",1,3,0,0,17,2,1,1,1,0,0,"12/15/2016","8:45:00","PC01","N","N","BACOPD","UNK",3,3,6674,"CO","",0.55,"E","KNECHT AVE",10,"F","E",5786,"CO","","VERO RD",39.25838459,-76.67862117,1,0,1,"M",1,2,NA,2,4,1,1,57,"P",0,NA,0,"",NA,"Y",NA,1,NA,"8-Jan-88","46180bc3-c2ad-472f-9251-ac81c008782c","","","","","A"
"5387","AE54130004",4,3,NA,NA,99,NA,NA,NA,NA,0,6.01,"01-17-2015","08:55:00","","N","N","BACOPD","UNK",2,0,NA,"","",NA,"","",NA,"","",NA,"","","",39.3469471,-76.44129395,1,0,1,"F",0,1,NA,0,0,0,88,0,"P",0,NA,0,"",NA,"",NA,0,NA,"30-JAN-91","345fa7a7-d73c-419f-b6da-a5f3f78c79dc","","","","",""
"5388","AE5413000G",1,3,0,10.04,17,2,1,1,1,7,6.01,"12-21-2015","15:26:00","PC11","N","N","BACOPD","UNK",16,9,4791,"CO","",0.03,"S","FOXRIDGE LA",100,"F","S",0,"UU","","ALLEY",39.29782192,-76.45057306,1,0,1,"F",0,1,NA,0,0,0,88,0,"P",0,NA,0,"",NA,"N",NA,0,NA,"23-FEB-71","6d66bbd0-5b22-4e1f-89e1-0ea72a421a7c","","","","",""
"5389","AE5413000K",4,3,0,0,17,1,1,1,1,23.03,3,"03-19-2016","16:07:00","PC11","N","N","BACOPD","UNK",9,9,4917,"CO","",0.13,"E","TURKEY POINT RD",NA,"M","E",4967,"CO","","BACK RIVER NECK RD",39.29433783,-76.42839789,1,0,1,"M",1,1,NA,0,88,0,88,0,"P",0,NA,0,"",NA,"N",NA,0,NA,"08-JAN-60","a68dbe72-7f63-4735-8e69-71c2d8ddf240","MD","AM","","",""
"5390","AE54150018",3,3,0,1,0,1,1,1,1,0,3,"09-30-2016","05:50:00","","N","N","BACOPD","UNK",3,0,2600,"CO","",2.22,"E","EDMONDSON AVE",20,"F","E",2621,"CO","","INGLESIDE AVE",39.27746395,-76.73291177,1,0,1,"F",1,2,NA,2,6,99,1,54,"P",0,NA,0,"",NA,"Y",NA,0,NA,"01-APR-52  00:00:00","009ea1e9-c66a-4d47-9e48-e884acec8806","MD","ID","","","A"
"5391","AE5415001D",3,3,0,1,88,2,2,1,4,0,0,"10/28/2016","0:25:00","","N","N","BACOPD","UNK",3,0,40,"US","",0.036,"E","BALTO NATIONAL PIKE",0,"F","W",0,"UU","","END BRIDGE",39.29026505,-76.77173406,1,0,1,"M",5,2,NA,2,99,1,1,99,"P",0,NA,0,"",NA,"N",NA,1,NA,"14-Jun-56","49560a93-f0ca-47ed-ba2b-8c923c38ac3d","MD","I","","","A"
"5392","AE5419002C",1,3,NA,NA,17,NA,NA,NA,NA,0,6.01,"02-13-2015","11:43:00","","N","N","BACOPD","UNK",3,0,NA,"","",NA,"","",NA,"","",NA,"","","",39.38842441,-76.5076223,1,0,1,"F",1,2,NA,1,88,0,1,88,"P",0,NA,0,"",NA,"",NA,0,NA,"09-MAR-28","f1ca63b8-0850-49f1-8e05-e66605d3e6e9","MD","","","","A"
"5393","AE54190070",1,3,0,3,17,2,1,1,1,0,6.01,"08-24-2016","07:50:00","","Y","N","BACOPD","UNK",3,0,3627,"CO","",0.4,"S","WENDELL AVE",8,"F","N",3643,"CO","","HISS AVE",39.37441138,-76.52439262,1,0,1,"F",1,3,NA,2,5,1,1,51,"P",0,NA,0,"",NA,"N",NA,1,NA,"20-APR-03  00:00:00","1c9f8def-2717-4260-9b59-ad8d00b195ab","","","","","A"
"5394","AE5419007B",1,3,0,1,88,2,1,1,1,0,6.01,"10/4/2016","14:44:00","","N","N","BACOPD","UNK",3,0,3739,"CO","",1.18,"S","AVONDALE RD",111,"F","N",3638,"CO","","MARAVOSS LA",39.37895963,-76.5272299,1,1,1,"M",1,3,NA,1,6,1,1,52,"P",0,NA,0,"",NA,"Y",NA,1,NA,"26-Oct-04","7018500a-020c-4804-a32a-811522640a16","","","","","A"
"5395","AE5422001R",1,3,0,2,17,2,1,1,1,0,6.01,"3/10/2017","16:57:00","","Y","N","BACOPD","UNK",3,0,6789,"CO","",0,"N","BOX CIR",0,"F","N",4563,"CO","","FUSELAGE AVE",39.33545919,-76.45853519,1,1,1,"U",1,2,NA,1,6,1,1,56,"P",0,NA,0,"",NA,"N",NA,0,NA,"25-Nov-86","e38c447e-0a7b-4d0a-a15c-3a1f1f534be7","MD","C","","",""
"5396","AE5422001S",1,3,0,3,17,2,NA,1,4,0,6.01,"3/11/2017","16:23:00","","Y","N","BACOPD","UNK",3,0,40,"US","",19.13,"E","PULASKI HWY",5,"F","E",4465,"CO","","MIDDLE RIVER RD",39.35316945,-76.45419404,1,0,1,"M",1,2,NA,3,10.88,1,1,51,"P",0,NA,0,"",NA,"Y",NA,0,NA,"6-Feb-82","61e5210c-e211-46f8-bccf-f9f1d8e4a6f4","MD","C","","",""
"5397","AE5428000D",1,3,NA,2,88,2,1,1,1,0,6.01,"01-17-2015","10:36:00","","Y","N","BACOPD","UNK",3,0,144,"MD","",4.35,"E","FREDERICK RD",0,"F","E",2603,"CO","","PROSPECT AVE S",39.27488102,-76.71926737,1,0,1,"M",1,3,NA,2,9.05,2,1,51,"P",0,NA,0,"",NA,"",NA,0,NA,"22-AUG-38","faf1ddf2-6c59-494d-aff1-51ca22f9466e","MD","","","","A"
"5398","AE5428000Q",3,3,NA,2,17,2,3,1,4,0,0,"06-13-2015","21:00:00","","N","N","BACOPD","UNK",3,3,2573,"CO","",0,"E","OLD FREDERICK RD",0,"F","E",40,"US","","BALTO NATIONAL PIKE",39.28907348,-76.72695994,1,0,2,"F",1,3,NA,2,10.88,1,1,88,"P",0,NA,0,"",NA,"",NA,1,NA,"25-SEP-81","c7bcf9ca-7c96-43ac-a48f-f867d5c6ed81","MD","","","","A"
"5399","AE5428000Q",3,3,NA,2,17,2,3,1,4,0,0,"06-13-2015","21:00:00","","N","N","BACOPD","UNK",3,3,2573,"CO","",0,"E","OLD FREDERICK RD",0,"F","E",40,"US","","BALTO NATIONAL PIKE",39.28907348,-76.72695994,1,0,2,"F",1,3,NA,2,10.88,1,1,88,"P",0,NA,0,"",NA,"",NA,0,NA,"06-JAN-10","6b66404f-06b8-4e81-8e9a-2540e13d7ee0","","","","","A"
"5400","AE5428001P",1,3,0,3,88,2,1,1,1,88,6.01,"03-01-2016","10:38:00","AE/111","N","N","BACOPD","UNK",9,0,2612,"CO","",0.28,"E","STONEY LA",5,"F","E",2611,"CO","","HARLEM LA",39.28243021,-76.72617674,1,0,1,"M",1,1,NA,0,15.88,0,88,0,"P",0,NA,0,"",NA,"N",NA,0,NA,"12-DEC-71","6709d853-97f9-4ab5-8443-ea23363884c1","","","","",""