"UNIQUE_ID","REPORT_NO","LIGHT_CODE","COUNTY_NO","MUNI_CODE","JUNCTION_CODE","COLLISION_TYPE_CODE","SURF_COND_CODE","LANE_CODE","RD_COND_CODE","RD_DIV_CODE","FIX_OBJ_CODE","WEATHER_CODE","ACC_DATE","ACC_TIME","LOC_CODE","SIGNAL_FLAG","C_M_ZONE_FLAG","AGENCY_CODE","AREA_CODE","HARM_EVENT_CODE1","HARM_EVENT_CODE2","RTE_NO","ROUTE_TYPE_CODE","RTE_SUFFIX","LOG_MILE","LOGMILE_DIR_FLAG","MAINROAD_NAME","DISTANCE","FEET_MILES_FLAG","DISTANCE_DIR_FLAG","REFERENCE_NO","REFERENCE_TYPE_CODE","REFERENCE_SUFFIX","REFERENCE_ROAD_NAME","LATITUDE","LONGITUDE","drv","occ","ped","SEX_CODE","CONDITION_CODE","INJ_SEVER_CODE","OCC_SEAT_POS_CODE","PED_VISIBLE_CODE","PED_LOCATION_CODE","PED_OBEY_CODE","PED_TYPE_CODE","MOVEMENT_CODE","PERSON_TYPE","ALCOHOL_TEST_CODE","ALCOHOL_TESTTYPE_CODE","DRUG_TEST_CODE","DRUG_TESTRESULT_CODE","BAC_CODE","FAULT_FLAG","EQUIP_PROB_CODE","SAF_EQUIP_CODE","EJECT_CODE","DATE_OF_BIRTH","PERSON_ID","LICENSE_STATE_CODE","CLASS","CDL_FLAG","VEHICLE_ID","EMS_UNIT_LABEL"
"5519","AE5522001Q",6.02,3,0,0,88,2,NA,1,0,0,6.01,"09-25-2016","18:54:00","AE, PC06","N","N","BACOPD","UNK",4,0,542,"MD","",0.98,"N","LOCH RAVEN BLVD",0,"F","N",3481,"CO","","TAYLOR AVE",39.38487096,-76.57814562,1,0,1,"M",99,2,NA,2,88,1,2,88,"P",0,NA,0,"",NA,"Y",NA,99,NA,"01-JAN-00  00:00:00","02a95b7a-3453-43d1-8104-f8c6dcd4ec05","","","","",""
"5520","AE5524000H",3,3,0,1,17,2,1,1,1,0,6.01,"03-03-2016","00:28:00","","N","N","BACOPD","UNK",3,0,611,"CO","",0.64,"S","HIGH FALCON RD",30,"F","S",0,"UU","","PITTSTON CIR",39.44203455,-76.79960489,1,0,1,"M",2,3,NA,2,6,0,1,88,"P",0,NA,0,"",NA,"N",NA,0,NA,"06-JUL-89","76dc9ae5-8873-47d3-8699-caeffd3d1d2b","NM","","","","A"
"5521","AE5524000L",1,3,0,0,17,2,1,1,1,18.88,6.01,"04-26-2016","12:00:00","","N","N","BACOPD","UNK",9,0,604,"CO","",0.185,"S","TIMBER GROVE RD",NA,"M","S",6667,"CO","","TIMBER WAY CT",39.47232815,-76.79033518,1,0,1,"F",0,1,NA,0,0,0,88,0,"P",0,NA,0,"",NA,"N",NA,0,NA,"13-NOV-50","5dd93c16-9449-4e3d-8101-c0dc7baec6b1","MD","C","","",""
"5522","AE5525000N",1,3,NA,0,88,2,2,1,3,0,6.01,"04-29-2015","18:17:00","PC11","N","N","BACOPD","UNK",3,0,700,"MD","",1.62,"N","MARTIN BLVD",0,"F","N",NA,"UU","","CROSSOVER",39.33959157,-76.46306276,1,0,1,"F",1,2,NA,3,6,0,1,52,"P",0,NA,0,"",NA,"",NA,0,NA,"05-SEP-89","cc39104b-91d5-49dc-a08f-fa8d31538b54","MD","","","","A"
"5523","AE5525000Z",7.88,3,NA,NA,88,NA,NA,NA,NA,0,7.01,"05-27-2015","20:30:00","PC11","N","N","BACOPD","UNK",1,0,NA,"","",NA,"","",NA,"","",NA,"","","",39.30876392,-76.44535487,1,0,1,"M",1,3,NA,2,88,0,2,55,"P",0,NA,0,"",NA,"",NA,1,NA,"14-DEC-07","fad0fd26-4103-416a-b48d-d8588cf9ab13","","","","",""
"5524","AE55250015",1,3,NA,2,11,2,2,1,4,0,6.01,"06-08-2015","12:23:00","PC11","Y","N","BACOPD","UNK",4,0,700,"MD","",1.21,"N","MARTIN BLVD",0,"F","N",4500,"CO","","COMPASS RD",39.3358741,-76.45705462,1,1,1,"M",1,3,NA,3,88,0,2,53,"P",0,NA,0,"",NA,"",NA,1,NA,"05-AUG-97","936ecb4c-5edc-428e-bf13-4a4d8ec6b096","MD","","","","A"
"5525","AE55250016",1,3,NA,NA,88,NA,NA,NA,NA,0,6.01,"06-08-2015","12:49:00","PC11","N","N","BACOPD","UNK",3,0,NA,"","",NA,"","",NA,"","",NA,"","","",39.35310723,-76.45352483,1,0,1,"F",1,3,NA,3,88,0,1,56,"P",0,NA,0,"",NA,"",NA,0,NA,"22-JUL-93","14e1b934-b142-4ac5-b800-0f7bd5c914c6","MD","c","","","A"
"5526","AE55250017",1,3,NA,1,88,2,1,1,1,0,7.01,"06-09-2015","08:50:00","PC11","N","N","BACOPD","UNK",3,0,4582,"CO","",0.09,"S","KINGSTON RD",60,"F","S",NA,"UU","","ENT TO SHOPPING CENTER",39.32870413,-76.44026399,1,0,1,"M",1,3,NA,3,6,1,1,52,"P",0,NA,0,"",NA,"",NA,0,NA,"19-APR-83","c4114a3e-d828-445a-8fbe-01827bcbf886","","","","",""
"5527","AE5525001V",1,3,NA,NA,88,NA,NA,NA,NA,0,6.01,"08-27-2015","11:55:00","PC11","N","N","BACOPD","UNK",3,0,NA,"","",NA,"","",NA,"","",NA,"","","",39.32806745,-76.44165513,1,0,1,"M",99,3,NA,2,88,0,1,88,"P",0,NA,0,"",NA,"U",NA,0,NA,"25-NOV-80","a70b5e41-2ef1-447a-90e1-e18a26533b0f","","","","","A"
"5528","AE5525001Y",6.02,3,NA,NA,88,NA,NA,NA,NA,0,7.01,"09-14-2015","18:40:00","PC11","N","N","BACOPD","UNK",1,3,NA,"","",NA,"","",NA,"","",NA,"","","",39.31314592,-76.46309495,2,6,2,"F",1,3,NA,3,88,0,1,88,"P",0,NA,0,"",NA,"U",NA,0,NA,"23-MAR-83","f74ac275-8aeb-4740-9232-4d781f2405f2","","","","","A"
"5529","AE5525001Y",6.02,3,NA,NA,88,NA,NA,NA,NA,0,7.01,"09-14-2015","18:40:00","PC11","N","N","BACOPD","UNK",1,3,NA,"","",NA,"","",NA,"","",NA,"","","",39.31314592,-76.46309495,2,6,2,"F",1,3,NA,3,88,0,1,88,"P",0,NA,0,"",NA,"U",NA,0,NA,"19-FEB-99","e87ec7f9-33b9-408d-bec1-88a66e748eac","","","","","A"
"5530","AE5525002R",3,3,0,2,11,2,2,1,1,0,6.01,"12-08-2015","17:15:00","PC11","Y","N","BACOPD","UNK",4,0,4465,"CO","",1.14,"S","MIDDLE RIVER RD",0,"F","S",4500,"CO","","COMPASS RD",39.34359513,-76.4494633,1,0,1,"M",1,3,NA,2,5,3,2,51,"P",0,NA,0,"",NA,"Y",NA,1,NA,"15-JUL-96","34f23554-3fc9-44e6-a768-32ddf87709f7","CT","","","","A"
"5531","AE55250031",1,3,0,2,88,2,1,1,1,0,7.01,"01-21-2016","11:50:00","PC11","N","N","BACOPD","UNK",3,0,4458,"CO","",4.1,"E","ROSSVILLE BLVD",0,"F","E",4543,"CO","","CITATION RD",39.33565378,-76.47841393,1,0,1,"M",1,3,NA,2,10.88,1,1,51,"P",0,NA,0,"",NA,"Y",NA,0,NA,"20-MAR-87","658875a0-1d9b-49bb-b19e-913420985840","","","","","A"
"5532","AE5525003G",3,3,0,3,88,1,1,1,5.01,0,3,"04-01-2016","20:00:00","PC11","N","N","BACOPD","UNK",3,0,4967,"CO","",0.93,"S","BACK RIVER NECK RD",210,"F","N",4874,"CO","","HILLTOP AVE",39.30479332,-76.44128558,1,1,1,"M",1,3,NA,3,6,1,1,52,"P",0,NA,0,"",NA,"U",NA,1,NA,"24-FEB-71","c7d98ae2-b0ab-4e74-96db-236d74329f08","","","","","A"
"5533","AE5525003Z",1,3,0,2,88,2,2,1,4,0,6.01,"05-26-2016","14:15:00","PC11","N","N","BACOPD","UNK",3,0,40,"US","",24.64,"E","PULASKI HWY",0,"F","E",3939,"CO","","JONES RD",39.41199563,-76.38621255,1,0,1,"M",1,3,NA,1,1,1,1,51,"P",0,NA,0,"",NA,"U",NA,1,NA,"01-SEP-67","fab6a94f-dd0c-4be7-b199-4a3174e67233","MD","ID","","","A"
"5534","AE55250041",1,3,0,1,88,2,2,1,1,0,7.01,"06-03-2016","12:00:00","PC11","N","N","BACOPD","UNK",3,0,4458,"CO","",3.98,"E","ROSSVILLE BLVD",NA,"F","E",0,"UU","","CROSSOVER",39.33660848,-76.47994727,1,0,1,"F",1,3,NA,3,6,0,1,52,"P",0,NA,0,"",NA,"Y",NA,0,NA,"06-SEP-39","87240383-0e82-4b69-8513-e58394b22cd3","MD","ID","","","A"
"5535","AE5525004F",1,3,NA,NA,88,NA,NA,NA,NA,0,7.01,"07-15-2016","15:27:00","PC11","N","N","BACOPD","UNK",3,0,NA,"","",NA,"","",NA,"","",NA,"","","",39.31668872,-76.4623946,1,0,1,"F",1,2,NA,1,88,0,1,88,"P",0,NA,0,"",NA,"N",NA,0,NA,"08-JAN-90  00:00:00","5d48be70-32d7-4ada-ba87-3e159cbc0518","MD","","","","A"
"5536","AE5525004L",1,3,0,1,88,2,1,1,1,0,6.01,"07-21-2016","16:50:00","PC11","N","N","BACOPD","UNK",3,0,4795,"CO","",0.06,"N","BAYNER RD",60,"F","N",4791,"CO","","FOXRIDGE LA",39.29459015,-76.4529362,1,0,1,"F",1,2,NA,2,4,1,1,88,"P",0,NA,0,"",NA,"N",NA,0,NA,"24-OCT-08  00:00:00","e856b04a-546e-490d-8b6d-e1bb973dc692","","","","",""
"5537","AE5525004Y",3,3,0,9.04,88,2,1,1,5.01,0,6.01,"09-06-2016","20:45:00","PC11","N","N","BACOPD","UNK",3,0,4967,"CO","",0.69,"S","BACK RIVER NECK RD",25,"F","S",4849,"CO","","POLES RD",39.30688893,-76.44339007,1,0,1,"M",2,2,NA,2,6,1,1,52,"P",0,NA,0,"",NA,"Y",NA,0,NA,"26-JUN-58  00:00:00","4e759d57-fdb6-4258-a954-da4de37bff6b","","","","","A"
"5538","AE55250053",1,3,0,3,88,1,2,1,5.01,0,3,"09-30-2016","09:10:00","PC11","N","N","BACOPD","UNK",3,0,4967,"CO","",0.69,"S","BACK RIVER NECK RD",10,"F","S",4849,"CO","","POLES RD",39.30681837,-76.44320618,1,0,1,"M",1,3,NA,3,10.88,0,1,51,"P",0,NA,0,"",NA,"Y",NA,1,NA,"08-JUN-00  00:00:00","2dfdfc45-5c9a-4af2-bac0-eb1fc7f588f8","","","","","A"
"5539","AE55250057",3,3,0,1,88,2,1,1,1,0,7.01,"10/6/2016","18:45:00","PC11","N","N","BACOPD","UNK",3,0,4582,"CO","",0.78,"S","KINGSTON RD",200,"F","S",4712,"CO","","COCKSPUR RD",39.32049893,-76.43201722,1,0,1,"M",1,3,NA,2,6,0,1,52,"P",0,NA,0,"",NA,"Y",NA,0,NA,"3-Jan-06","00985d19-2268-49e4-b508-02e190d6287c","","","","","A"
"5540","AE5525005F",1,3,0,3,88,2,1,1,1,0,7.01,"11/3/2016","15:00:00","PC11","N","N","BACOPD","UNK",3,0,4500,"CO","",1.41,"N","COMPASS RD",5,"F","N",4465,"CO","","MIDDLE RIVER RD",39.34346365,-76.4493118,1,1,1,"M",1,2,NA,3,5,88,1,51,"P",0,NA,0,"",NA,"Y",NA,1,NA,"5-Mar-04","e534103b-c0a8-4323-84b5-65c4e3c10ad1","","","","","A"
"5541","AE5525005R",3,3,0,1,88,2,2,1,5.01,0,7.01,"12/5/2016","16:45:00","PC11","N","N","BACOPD","UNK",3,0,4967,"CO","",0.76,"S","BACK RIVER NECK RD",30,"M","S",4875,"CO","","MIDDLEBOROUGH RD",39.30586985,-76.44240975,1,0,1,"F",1,2,NA,2,6,1,1,52,"P",0,NA,0,"",NA,"Y",NA,1,NA,"14-Jun-60","ab70847f-607c-4566-9ff4-a4d36fbb7417","MD","C","","","A"
"5542","AE5525005Y",1,3,NA,NA,88,NA,NA,NA,NA,0,7.01,"12/26/2016","16:10:00","PC11","N","N","BACOPD","UNK",3,0,NA,"","",NA,"","",NA,"","",NA,"","","",39.2987529,-76.43765903,1,0,1,"F",1,2,NA,2,88,1,1,88,"P",0,NA,0,"",NA,"Y",NA,0,NA,"21-Dec-62","274882fb-3828-474f-8950-fb92b1328083","MD","C","","",""
"5543","AE55250060",3,3,NA,NA,88,NA,NA,NA,NA,0,6.01,"12/27/2016","6:19:00","PC11","N","N","BACOPD","UNK",3,0,NA,"","",NA,"","",NA,"","",NA,"","","",39.32125275,-76.45481605,1,0,1,"M",1,2,NA,2,88,1,1,88,"P",0,NA,0,"",NA,"Y",NA,0,NA,"9-Jun-69","49248aa6-5c31-48db-8bf3-14a5d4f888e6","","","","",""
"5544","AE55250065",3,3,0,3,1,2,1,1,1,0,7.01,"1/26/2017","21:15:00","PC11","N","N","BACOPD","UNK",4,0,4984,"CO","",0.22,"N","FRANKLIN AVE",25,"F","S",4979,"CO","","WOODWARD DR",39.31096899,-76.4749074,1,0,1,"M",88,4,NA,2,4,0,2,53,"P",0,NA,0,"",NA,"Y",NA,1,NA,"21-Mar-96","796a5f7b-6ffe-4017-8849-b60c1c86d97d","","","","","A"
"5545","AE55250078",1,3,NA,NA,88,NA,NA,NA,NA,0,7.01,"6/14/2017","5:46:00","PC11","N","N","BACOPD","UNK",5,0,NA,"","",NA,"","",NA,"","",NA,"","","",39.35020068,-76.44177752,1,1,1,"M",1,3,NA,3,88,0,88,55,"P",0,NA,0,"",NA,"Y",NA,1,NA,"6-Jan-08","b128956c-8b1e-4d4a-8ce2-a08f646b2a5d","","","","","A"
"5546","AE55250079",1,3,0,1,88,1,1,1,4,0,3,"6/19/2017","16:45:00","PC11","N","N","BACOPD","UNK",3,0,150,"MD","",3.22,"E","EASTERN BLVD",80,"F","E",4971,"CO","","TAYLOR AVE",39.30829478,-76.47577622,1,0,1,"M",1,2,NA,3,6,0,1,52,"P",0,NA,0,"",NA,"Y",NA,1,NA,"17-Nov-78","efafc8b4-1ea2-4561-8e06-8bb1286dab1c","","","","","A"
"5547","AE5528001K",1,3,0,2,8,2,NA,1,1,0,0,"2/8/2017","17:00:00","PC01/126","N","N","BACOPD","UNK",4,0,3227,"CO","",0.6,"W","LANSDOWNE RD",0,"F","W",3231,"CO","","BRYANT AVE",39.25115683,-76.65611744,1,0,1,"M",1,1,NA,3,1,0,2,53,"P",0,NA,0,"",NA,"N",NA,99,NA,"24-Apr-00","8f18e12d-8f43-4471-9bcb-63ff1c9e188a","","","","",""
"5548","AE5531001L",1,3,0,0,17,2,1,1,0,0,6.01,"10/3/2016","12:20:00","PC02 213","N","N","BACOPD","UNK",3,0,26,"MD","",6.057,"E","LIBERTY RD",NA,"F","E",0,"UU","","ENT TO BUSINESS",39.3627767,-76.78241864,1,0,1,"F",1,2,NA,88,3,99,7,52,"P",0,NA,0,"",NA,"N",NA,0,NA,"25-Jun-52","8b2c8f77-48be-4ec1-aae6-cc592a07a7ab","MD","C","","","A"
"5549","AE55310025",3,3,0,0,0,2,NA,1,1,0,6.01,"4/9/2017","21:00:00","PC02 215","Y","N","BACOPD","UNK",3,0,26,"MD","",6.457,"E","LIBERTY RD",0.1,"F","E",1700,"CO","","OLD COURT RD",39.36170353,-76.77961841,1,0,1,"M",1,3,NA,2,6,1,1,52,"P",0,NA,0,"",NA,"Y",NA,0,NA,"26-Feb-90","63272f7c-22cd-4ec3-8fab-cc99bdbd619c","MD","","","","A"
"5550","AE5532000S",1,3,NA,0,0,2,2,1,3,0,6.01,"06-24-2015","14:30:00","","N","N","BACOPD","UNK",3,0,4465,"CO","",0.8,"S","MIDDLE RIVER RD",200,"F","S",4182,"CO","","BIRD RIVER RD",39.35090872,-76.4516902,1,0,1,"M",NA,3,NA,2,6,99,2,0,"P",0,NA,0,"",NA,"N",NA,1,NA,"13-NOV-79","1dff43b3-b1bb-473b-8622-613786a6a6d6","","","","",""
"5551","AE55320013",1,3,0,2,88,2,4,1,3,0,6.01,"10-20-2015","13:00:00","","Y","N","BACOPD","UNK",4,0,4458,"CO","",3.59,"E","ROSSVILLE BLVD",0,"F","E",7,"MD","","PHILADELPHIA RD",39.33980731,-76.48578644,1,0,1,"M",NA,3,NA,99,9.05,99,2,51,"P",0,NA,0,"",NA,"N",NA,1,NA,"31-DEC-51","f98b20a6-76e6-4390-af4c-3e2fb57d3f32","","","","","A"
"5552","AE55320016",1,3,NA,NA,88,NA,NA,NA,NA,0,6.01,"11-24-2015","07:55:00","","N","N","BACOPD","UNK",3,0,NA,"","",NA,"","",NA,"","",NA,"","","",39.350008,-76.47958785,1,0,1,"F",1,4,NA,1,6,1,1,51,"P",0,NA,0,"",NA,"N",NA,1,NA,"02-SEP-90","c5db9d38-859a-40ef-9739-dcc7abfafc1d","MD","c","","","A"
"5553","AE5532001Q",1,3,NA,NA,17,NA,NA,NA,NA,0,6.01,"08-13-2016","10:15:00","","N","N","BACOPD","UNK",3,0,NA,"","",NA,"","",NA,"","",NA,"","","",39.40916948,-76.41060412,1,0,1,"M",NA,2,NA,1,88,0,1,88,"P",0,NA,0,"",NA,"U",NA,0,NA,"16-JUN-78  00:00:00","16920d84-2e4d-470a-8804-230e2042997f","MD","C","","","A"
"5554","AE5532001T",1,3,0,9.04,11,2,1,0,1,0,0,"09-23-2016","18:00:00","","N","N","BACOPD","UNK",4,0,5402,"CO","",0.61,"N","PLAINFIELD RD",50,"F","N",5185,"CO","","GERMAN HILL RD",39.27947167,-76.50167048,1,1,1,"M",1,2,NA,1,6,99,2,51,"P",0,NA,0,"",NA,"U",NA,1,NA,"02-DEC-93  00:00:00","f190a81d-7b76-4ceb-86ae-351086600406","","","","",""
"5555","AE55330011",1,3,NA,NA,88,NA,NA,NA,NA,2,6.01,"09-19-2015","16:50:00","","N","N","BACOPD","UNK",2,9,NA,"","",NA,"","",NA,"","",NA,"","","",39.44905204,-76.76963925,1,0,2,"F",NA,1,NA,0,15.88,0,1,0,"P",0,NA,0,"",NA,"N",NA,0,NA,"03-DEC-68","bc438312-b3a4-47b2-ac37-9a6a21960c49","","","","",""
"5556","AE55330011",1,3,NA,NA,88,NA,NA,NA,NA,2,6.01,"09-19-2015","16:50:00","","N","N","BACOPD","UNK",2,9,NA,"","",NA,"","",NA,"","",NA,"","","",39.44905204,-76.76963925,1,0,2,"F",NA,1,NA,0,15.88,0,1,0,"P",0,NA,0,"",NA,"N",NA,0,NA,"18-APR-17","f0a60e83-9b23-4699-a2ae-e2f0240d1565","","","","",""
"5557","AE5533001P",1,3,0,1,17,2,1,1,1,0,6.01,"02-26-2016","08:15:00","","N","N","BACOPD","UNK",3,0,7709,"CO","",0.83,"E","LAKESIDE BLVD",100,"F","W",0,"UU","","WHEELWRIGHT DR",39.4008184,-76.80475473,1,0,1,"F",1,1,NA,2,1,1,1,52,"P",0,NA,0,"",NA,"N",NA,1,NA,"22-APR-00","8dee50da-9418-4d02-a9e0-6c8cc4e60ce4","","","","",""
"5558","AE55340010",4,3,0,8.04,88,2,NA,1,1,0,6.01,"09-24-2015","19:38:00","AE 412","N","N","BACOPD","UNK",4,0,26,"MD","",7.077,"E","LIBERTY RD",100,"F","E",2080,"CO","","MEADOWDALE DR",39.35745272,-76.76870228,1,0,1,"M",1,2,NA,6,3,1,2,63.88,"P",0,NA,0,"",NA,"N",NA,26.88,NA,"13-MAR-80","7d10dfad-a319-4671-b7d0-8ecf20c824e0","MD","c","","",""
"5559","AE5534001M",1,3,0,2,88,2,1,1,1,0,6.01,"09-02-2016","12:58:00","","Y","N","BACOPD","UNK",3,0,2051,"CO","",0,"S","ABBIE PL",0,"F","S",26,"MD","","LIBERTY RD",39.35213969,-76.75379679,1,0,1,"F",1,2,NA,3,5,1,1,51,"P",0,NA,0,"",NA,"N",NA,0,NA,"26-JUN-87  00:00:00","27865486-2b9e-4e6a-b2f5-6353917f86e0","MD","C","","",""
"5560","AE55340027",1,3,NA,NA,88,NA,NA,NA,NA,0,3,"5/23/2017","18:00:00","AE, PC04","N","N","BACOPD","UNK",3,0,NA,"","",NA,"","",NA,"","",NA,"","","",39.35699799,-76.76408172,1,0,1,"F",1,2,NA,2,88,1,1,88,"P",0,NA,0,"",NA,"N",NA,0,NA,"7-Jun-71","4aee4318-4483-43af-9904-9c3640294aa2","MD","C","","",""
"5561","AE5535000B",3,3,0,0,17,2,NA,1,88,0,6.01,"03-26-2016","04:18:00","PC11","N","N","BACOPD","UNK",3,0,476,"OP","",0,"W","ASHBRIDGE DR",300,"F","E",5868,"CO","","HARTLAND RD",39.303811,-76.44886851,1,0,1,"M",1,2,NA,2,6,0,1,88,"P",0,NA,0,"",NA,"U",NA,0,NA,"23-JAN-91","32a9e8d4-301a-4788-801a-2849616e68a4","","","","","A"
"5562","AE5540000Q",1,3,0,1,17,2,1,1,3,0,6.01,"01-16-2016","11:25:00","","N","N","BACOPD","UNK",3,0,5628,"CO","",0.17,"N","KAVANAGH RD",40,"F","N",0,"UU","","ALLEY TO SANDY PLAINS RD",39.25929527,-76.48713291,1,0,1,"M",1,2,NA,1,6,0,1,56,"P",99,NA,99,"",NA,"N",NA,0,NA,"31-JUL-81","0e542454-05bb-4883-bd81-41f9427ef070","","","","","A"
"5563","AE5540000X",3,3,0,1,88,2,1,1,3,0,6.01,"04-18-2016","21:22:00","","N","N","BACOPD","UNK",3,0,5278,"CO","",1.3,"S","SOLLERS POINT RD",100,"F","N",5297,"CO","","DUNMANWAY",39.25856594,-76.51276007,1,0,1,"M",1,3,NA,2,88,0,1,88,"P",99,NA,0,"",NA,"Y",NA,0,NA,"19-FEB-91","8c731aea-bfe2-4e49-b56a-e13fa71e4c61","MD","","","","A"
"5564","AE55430008",1,3,0,2,17,2,1,1,1,0,6.01,"11-05-2015","14:57:00","","N","N","BACOPD","UNK",3,0,2310,"CO","",0.61,"N","TIVERTON RD",0,"F","N",2200,"CO","","WINANDS RD",39.38708809,-76.81558013,1,0,1,"F",0,2,NA,1,5,0,1,51,"P",0,NA,0,"",NA,"N",NA,0,NA,"18-FEB-04","7767bc7c-ca92-4f6c-be6c-95621096c02e","","","","","A"
"5565","AE55430019",1,3,0,1,17,2,1,1,1,0,6.01,"3/24/2017","14:07:00","","N","N","BACOPD","UNK",3,0,26,"MD","",6.198,"E","LIBERTY RD",20,"F","E",0,"UU","","ENT TO SHOPPING CENTER",39.36302392,-76.7825751,1,0,1,"M",2,2,NA,3,6,1,1,88,"P",0,NA,0,"",NA,"Y",NA,1,NA,"26-Feb-90","47f7d673-f49a-435c-b5de-774f9209cfea","MD","ID","","","A"
"5566","AE5543001H",1,3,0,2,17,2,1,1,1,0,6.01,"5/16/2017","18:35:00","","Y","N","BACOPD","UNK",3,0,2229,"CO","",1.07,"S","BRENBROOK DR",0,"F","S",26,"MD","","LIBERTY RD",39.36330117,-76.78453675,1,0,1,"F",NA,2,NA,3,5,2,1,51,"P",0,NA,0,"",NA,"N",NA,1,NA,"4-Oct-52","df676595-254c-4034-b1e8-704c00ad02a1","MD","I","","",""
"5567","AE5548000F",3,3,NA,1,0,1,1,1,1,0,3,"04-14-2015","20:14:00","","Y","N","BACOPD","UNK",3,0,3413,"CO","",0,"S","HILLSWAY AVE",0,"F","S",3481,"CO","","TAYLOR AVE",39.390986,-76.537262,1,0,1,"F",0,3,NA,99,5,1,1,51,"P",0,NA,0,"",NA,"",NA,0,NA,"13-JUL-56","eb429b88-20d4-47e1-b705-fba99c6acdaa","","","","",""
"5568","AE5549001R",3,3,0,2,17,2,1,1,3,0,6.01,"10/3/2016","19:22:00","","N","N","BACOPD","UNK",3,0,26,"MD","",5.337,"E","LIBERTY RD",0,"F","E",2072,"CO","","CHURCH LA",39.36815059,-76.79725796,1,0,1,"M",2,1,NA,2,6,0,1,52,"P",0,NA,0,"",NA,"Y",NA,0,NA,"4-Dec-84","3f6e3cfd-cb19-4943-992a-081b41680068","MD","ID","","",""
"5569","AE55490027",3,3,0,2,17,2,1,1,88,0,6.01,"12/30/2016","18:00:00","","Y","N","BACOPD","UNK",3,0,26,"MD","",5.337,"E","LIBERTY RD",0,"F","E",2072,"CO","","CHURCH LA",39.36817029,-76.79723784,1,0,1,"M",1,2,NA,2,9.05,1,1,51,"P",0,NA,0,"",NA,"N",NA,1,NA,"22-May-62","cccfbe5c-6c0f-4779-a27a-743b7b524756","MD","C","","",""
"5570","AE5551000L",3,3,0,2,88,0,1,1,1,0,0,"03-12-2016","20:47:00","AE","Y","N","BACOPD","UNK",3,0,4728,"CO","",1.12,"S","STEMMERS RUN RD",0,"F","S",150,"MD","","EASTERN BLVD",39.31979873,-76.45467281,1,0,1,"F",1,3,NA,2,5,3,1,51,"P",0,NA,0,"",NA,"Y",NA,0,NA,"05-JUL-47","82829dc1-ec11-486d-afd9-fc7a7dceaa69","MD","","","","A"
"5571","AE55520008",6.02,3,NA,NA,0,NA,NA,NA,NA,0,6.01,"03-12-2015","20:45:00","","N","N","BACOPD","UNK",4,0,NA,"","",NA,"","",NA,"","",NA,"","","",39.28757465,-76.50440365,1,0,1,"M",NA,1,NA,2,1,0,2,53,"P",0,NA,0,"",NA,"",NA,99,NA,"01-JAN-15","c19887c7-c5b9-4a10-9dd9-5377c0d5be62","","","","",""
"5572","AE5552000T",7.88,3,0,2,88,0,1,0,1,0,99,"12-17-2015","20:50:00","","N","N","BACOPD","UNK",3,0,5600,"CO","",0.76,"S","LYNCH RD",0,"F","S",5610,"CO","","BARRY RD",39.26296407,-76.49448618,1,0,1,"M",NA,3,NA,99,10.88,1,1,51,"P",0,NA,0,"",NA,"N",NA,0,NA,"23-JAN-70","06883e29-affb-40b5-8382-d90fa5485436","MD","","","",""
"5573","AE5552001D",7.88,3,NA,NA,17,NA,NA,NA,NA,0,0,"08-30-2016","16:17:00","","N","N","BACOPD","UNK",4,0,NA,"","",NA,"","",NA,"","",NA,"","","",39.26239069,-76.48199379,1,0,1,"M",1,3,NA,2,3,1,2,63.88,"P",0,NA,0,"",NA,"N",NA,1,NA,"26-JAN-01  00:00:00","0c0abbe8-116c-4069-ada3-fffb22a9bbe4","","","","",""
"5574","AE5554000K",1,3,NA,NA,7,NA,NA,NA,NA,0,6.01,"08-27-2015","19:00:00","","N","N","BACOPD","UNK",1,2,NA,"","",NA,"","",NA,"","",NA,"","","",39.37286575,-76.56218648,1,0,1,"F",NA,1,NA,0,0,0,88,0,"P",0,NA,0,"",NA,"N",NA,0,NA,"26-SEP-38","1659fb73-318e-440e-b16f-8d6d5e0d7331","MD","","","",""
"5575","AE5556000H",1,3,NA,2,88,2,1,1,1,2,0,"04-26-2015","19:26:00","","Y","N","BACOPD","UNK",1,88,1552,"CO","",0.12,"S","FARRINGDON RD",0,"F","S",1561,"CO","","SUMMERSON RD",39.37357071,-76.68373346,1,0,1,"M",NA,1,NA,0,0,0,88,0,"P",0,NA,0,"",NA,"",NA,0,NA,"08-DEC-84","1add8d00-4483-46ad-8875-1bab8f902b1b","MD","c","","",""
"5576","AE5556000J",5.02,3,NA,1,17,2,2,1,1,2,0,"05-10-2015","06:42:00","","N","N","BACOPD","UNK",16,9,26,"MD","",10.027,"E","LIBERTY RD",0,"F","E",1892,"CO","","MEADOWSIDE AVE",39.33908541,-76.71845198,1,0,1,"M",NA,1,NA,0,0,0,88,0,"P",0,NA,0,"",NA,"",NA,0,NA,"11-FEB-74","a8bf4184-d977-46ab-b62b-dbe3e22a581a","MD","id","","",""
"5577","AE5556000Q",1,3,0,3,17,2,1,1,1,7,6.01,"07-09-2015","16:42:00","","N","N","BACOPD","UNK",9,0,133,"MD","",3.31,"E","OLD COURT RD",50,"F","W",25,"MD","","FALLS RD",39.39969089,-76.66781187,1,0,1,"M",NA,1,NA,0,0,0,88,0,"P",0,NA,0,"",NA,"N",NA,0,NA,"13-NOV-51","bb34a246-adc3-447c-8ecb-0be64a635f3c","MD","","","",""