"UNIQUE_ID","REPORT_NO","LIGHT_CODE","COUNTY_NO","MUNI_CODE","JUNCTION_CODE","COLLISION_TYPE_CODE","SURF_COND_CODE","LANE_CODE","RD_COND_CODE","RD_DIV_CODE","FIX_OBJ_CODE","WEATHER_CODE","ACC_DATE","ACC_TIME","LOC_CODE","SIGNAL_FLAG","C_M_ZONE_FLAG","AGENCY_CODE","AREA_CODE","HARM_EVENT_CODE1","HARM_EVENT_CODE2","RTE_NO","ROUTE_TYPE_CODE","RTE_SUFFIX","LOG_MILE","LOGMILE_DIR_FLAG","MAINROAD_NAME","DISTANCE","FEET_MILES_FLAG","DISTANCE_DIR_FLAG","REFERENCE_NO","REFERENCE_TYPE_CODE","REFERENCE_SUFFIX","REFERENCE_ROAD_NAME","LATITUDE","LONGITUDE","drv","occ","ped","SEX_CODE","CONDITION_CODE","INJ_SEVER_CODE","OCC_SEAT_POS_CODE","PED_VISIBLE_CODE","PED_LOCATION_CODE","PED_OBEY_CODE","PED_TYPE_CODE","MOVEMENT_CODE","PERSON_TYPE","ALCOHOL_TEST_CODE","ALCOHOL_TESTTYPE_CODE","DRUG_TEST_CODE","DRUG_TESTRESULT_CODE","BAC_CODE","FAULT_FLAG","EQUIP_PROB_CODE","SAF_EQUIP_CODE","EJECT_CODE","DATE_OF_BIRTH","PERSON_ID","LICENSE_STATE_CODE","CLASS","CDL_FLAG","VEHICLE_ID","EMS_UNIT_LABEL"
"5756","AE5720000W",5.02,3,0,0,88,0,1,1,1,0,0,"3/21/2017","7:03:00","","N","N","BACOPD","UNK",3,0,1800,"CO","",1.44,"W","MILFORD MILL RD",10,"F","W",1794,"CO","","CLIFFEDGE RD",39.36086365,-76.73887968,1,0,1,"M",1,2,NA,4,88,1,1,57,"P",0,NA,0,"",NA,"N",NA,25.88,NA,"12-Mar-86","393ebd3a-56e8-4c06-96db-da76b96ba5cf","MD","C","","",""
"5757","AE5724001C",3,3,0,2,88,2,2,1,4,0,6.01,"10-15-2015","20:31:00","","Y","N","BACOPD","UNK",3,0,43,"MD","",2.96,"E","WHITE MARSH BLVD",0,"F","E",6198,"CO","","PERRY HALL BLVD",39.37957507,-76.47173166,1,0,1,"M",1,3,NA,2,5,2,1,51,"P",0,NA,0,"",NA,"N",NA,1,NA,"07-AUG-97","a1782f74-8139-4cdb-90d7-467197d7558c","MD","c","","","A"
"5758","AE5724001M",1,3,NA,NA,88,NA,NA,NA,NA,0,6.01,"01-15-2016","14:30:00","","N","N","BACOPD","UNK",3,2,NA,"","",NA,"","",NA,"","",NA,"","","",39.33604836,-76.48181677,1,0,1,"F",1,1,NA,0,88,0,1,88,"P",0,NA,0,"",NA,"N",NA,0,NA,"25-OCT-07","4c08eb3d-3f72-4061-b969-feca6c2d79d1","","","","",""
"5759","AE5725000C",1,3,NA,1,3,0,NA,1,0,0,6.01,"03-18-2015","07:20:00","","N","N","BACOPD","UNK",3,3,122,"MD","",1.09,"E","SECURITY BLVD",10,"F","E",2501,"CO","","WOODLAWN DR",39.31223179,-76.73492342,1,0,1,"M",1,3,NA,2,5,1,1,62.88,"P",0,NA,0,"",NA,"",NA,1,NA,"17-APR-99","15a75b21-997b-41de-91b7-216a312aa0a9","","","","",""
"5760","AE5726000T",1,3,0,0,88,0,1,1,3,0,7.01,"10-17-2015","13:19:00","","N","N","BACOPD","UNK",4,3,144,"MD","",3.53,"E","FREDERICK RD",0,"M","E",2785,"CO","","MELLOR AVE",39.27052056,-76.73356891,1,0,1,"M",99,4,NA,0,88,1,2,88,"P",0,NA,0,"",NA,"Y",NA,1,NA,"19-SEP-02","2b9f69c8-0c29-4809-bbe3-e77dc4235782","","","","","A"
"5761","AE5726001H",1,3,0,0,88,1,1,1,1,0,3,"07-04-2016","15:14:00","","N","N","BACOPD","UNK",3,0,2819,"CO","",0.19,"N","BEECHWOOD AVE",0,"M","N",2816,"CO","","SUMMIT AVE",39.27107913,-76.74495891,1,0,1,"F",1,2,NA,3,6,0,1,53,"P",0,NA,0,"",NA,"U",NA,1,NA,"10-JUN-82  00:00:00","b876a28f-a502-47f9-88d1-fa7792208ff4","PA","","","",""
"5762","AE5728000N",1,3,NA,NA,88,NA,NA,NA,NA,0,6.01,"05-09-2015","15:50:00","","N","N","BACOPD","UNK",3,3,NA,"","",NA,"","",NA,"","",NA,"","","",39.27605207,-76.73944831,1,0,1,"M",1,3,NA,2,3,1,2,63.88,"P",0,NA,0,"",NA,"",NA,1,NA,"02-APR-03","c44369b9-10dd-4c36-b19a-47bd2dcdbaa1","","","","",""
"5763","AE5730000N",5.02,3,0,5.01,88,2,NA,1,88,0,6.01,"09-23-2015","19:21:00","PC01,127","Y","N","BACOPD","UNK",4,0,95,"RP","",0,"S","RAMP 5 FR RAMP 8 (FR IS 95) TO IS 195 EB",0,"F","S",95,"RP","","RAMP 8 FR IS 95 SB TO IS 195 WB",39.05294735,-75.97689629,1,0,1,"M",NA,3,NA,1,1,2,2,53,"P",0,NA,0,"",NA,"N",NA,21,NA,"28-NOV-57","dce65849-599e-4895-891d-035ea2970386","MD","C","","",""
"5764","AE5731001L",1,3,0,1,88,2,1,1,1,0,6.01,"02-28-2016","17:30:00","","N","N","BACOPD","UNK",4,0,4373,"CO","",0.11,"E","KERN AVE",NA,"M","E",588,"MD","","GOLDEN RING RD",39.33508577,-76.49846792,1,0,1,"M",1,1,NA,2,6,0,2,54,"P",0,NA,0,"",NA,"Y",NA,1,NA,"21-DEC-00","408f2325-0e25-459a-81bc-8a55e501fa03","MD","","","",""
"5765","AE57320014",4,3,NA,2,2,2,NA,1,1,0,6.01,"12/4/2016","21:10:00","","N","N","BACOPD","UNK",3,0,2367,"CO","",0.42,"W","FAIRBROOK RD",0,"F","W",NA,"","","BLUFFDALE RD",39.30897047,-76.76083624,1,0,1,"F",1,3,NA,3,10.88,1,1,51,"P",0,NA,0,"",NA,"U",NA,1,NA,"8-May-78","3edcdf3b-2e0d-40a3-87f9-f88976adf9b9","MD","C","","","A"
"5766","AE57320017",1,3,0,3,88,2,NA,1,1,0,0,"12/1/2016","15:00:00","","N","N","BACOPD","UNK",3,0,2621,"CO","",1.67,"N","INGLESIDE AVE",0,"F","S",2513,"CO","","QUEEN ANNE ST",39.29441567,-76.72904804,1,0,1,"M",1,2,NA,3,10.88,1,1,62.88,"P",0,NA,0,"",NA,"U",NA,1,NA,"14-Jul-05","900f18f2-db1e-4fa2-be5e-7121820e37ed","","","","",""
"5767","AE57330007",99,3,NA,1,7,2,1,1,1,18.88,6.01,"02-04-2015","08:15:00","112","N","N","BACOPD","UNK",9,2,8252,"CO","",0.06,"W","CATON GLEN RD",10,"F","W",8253,"CO","","WINDYS RUN RD",39.28056998,-76.76614165,1,0,2,"F",0,1,NA,0,15.88,0,88,0,"P",0,NA,0,"",NA,"",NA,0,NA,"17-JAN-65","327f7c80-2bed-43e6-8866-9acc8ba45048","MD","","","",""
"5768","AE57330007",99,3,NA,1,7,2,1,1,1,18.88,6.01,"02-04-2015","08:15:00","112","N","N","BACOPD","UNK",9,2,8252,"CO","",0.06,"W","CATON GLEN RD",10,"F","W",8253,"CO","","WINDYS RUN RD",39.28056998,-76.76614165,1,0,2,"M",0,1,NA,0,15.88,0,88,0,"P",0,NA,0,"",NA,"",NA,0,NA,"31-DEC-66","ca87c7eb-44af-428e-8fc5-55fef247878f","MD","","","",""
"5769","AE57330013",1,3,0,1,17,1,1,1,1,0,3,"09-30-2016","13:30:00","","N","N","BACOPD","UNK",3,1,166,"MD","",2.59,"N","ROLLING RD",5,"F","N",2850,"CO","","HILTON AVE",39.26583795,-76.74200177,1,0,1,"M",1,2,NA,1,5,1,1,88,"P",0,NA,0,"",NA,"N",NA,99,NA,"09-FEB-84  00:00:00","984abd81-b7ae-42dd-b4ea-401b0f55d278","","","","",""
"5770","AE57330017",3,3,0,0,17,0,NA,1,4,0,6.01,"11/27/2016","19:38:00","","N","N","BACOPD","UNK",3,1,40,"US","",1.6,"E","BALTO NATIONAL PIKE",0,"F","E",2000,"CO","","ROLLING RD",39.28397483,-76.75287008,1,0,1,"M",1,2,NA,2,5,1,1,51,"P",0,NA,0,"",NA,"N",NA,0,NA,"5-May-61","bb30f2b4-f62a-446d-a04c-fadca36f7ba7","","","","","A"
"5771","AE5733001C",1,3,0,1,17,2,NA,1,1,0,6.01,"12/23/2016","15:00:00","","N","N","BACOPD","UNK",4,1,144,"MD","",3.96,"E","FREDERICK RD",5,"F","W",2738,"CO","","GLENWOOD AVE",39.2618785,-76.72780515,1,0,1,"M",1,2,NA,2,1,0,2,53,"P",0,NA,0,"",NA,"N",NA,1,NA,"9-Nov-57","9fd75db0-745a-4e34-aa1a-55967fe291b4","","","","",""
"5772","AE57360006",3,3,NA,2,17,1,2,1,1,0,3,"01-03-2015","17:36:00","","Y","N","BACOPD","UNK",3,0,45,"MD","",0.04,"N","YORK RD",0,"F","N",NA,"UU","","ENT TO ANNESLIE SHOPPING CENTER",39.37263559,-76.60973668,1,1,1,"F",1,3,NA,2,9.05,2,1,51,"P",0,NA,0,"",NA,"",NA,0,NA,"13-MAR-76","0f50b053-77bf-42af-bf07-10d2ff0af123","","","","","A"
"5773","AE5736000L",6.02,3,NA,NA,17,NA,NA,NA,NA,0,6.01,"07-11-2015","19:25:00","","N","N","BACOPD","UNK",3,0,NA,"","",NA,"","",NA,"","",NA,"","","",39.40450755,-76.6011858,1,0,1,"M",1,2,NA,3,88,1,1,51,"P",0,NA,0,"",NA,"N",NA,1,NA,"30-MAY-97","d9f25c7d-d855-4575-ac85-145a26322378","MD","","","","A"
"5774","AE5736001G",1,3,0,3,88,2,2,1,4,0,0,"04-17-2016","15:00:00","","Y","N","BACOPD","UNK",4,0,542,"MD","",1.75,"N","LOCH RAVEN BLVD",0,"F","N",3482,"CO","","PUTTY HILL AVE",39.39160712,-76.56553388,1,0,1,"M",0,3,NA,88,6,88,2,51,"P",0,NA,0,"",NA,"N",NA,88,NA,"27-FEB-91","22a50dfd-c384-40af-9f32-ff804f4715f1","","","","",""
"5775","AE5736002S",3,3,NA,NA,88,NA,NA,NA,NA,0,0,"4/4/2017","21:50:00","","N","N","BACOPD","UNK",3,0,NA,"","",NA,"","",NA,"","",NA,"","","",39.39532888,-76.57980993,1,0,1,"F",1,2,NA,2,88,1,1,88,"P",0,NA,0,"",NA,"N",NA,0,NA,"8-Aug-76","97817b81-361a-4388-af92-65b9d47b1409","VA","NON","","",""
"5776","AE57360031",3,3,NA,NA,88,NA,NA,NA,NA,0,88,"5/30/2017","12:22:00","","N","N","BACOPD","UNK",2,3,NA,"","",NA,"","",NA,"","",NA,"","","",39.38747471,-76.61116764,1,1,1,"F",1,1,NA,2,88,0,1,88,"P",0,NA,0,"",NA,"N",NA,1,NA,"13-Mar-88","8b2dcc22-79a4-4994-8646-8e77e6116841","","","","",""
"5777","AE5737001X",1,3,0,0,17,2,1,1,1,6,6.01,"06-11-2016","09:45:00","AE06","N","N","BACOPD","UNK",9,0,1474,"CO","",0.41,"W","RUXTON RD",15,"F","W",0,"UU","","STRUC #B0374 ROLAND RUN",39.40136557,-76.64815664,1,0,1,"M",0,1,NA,0,0,0,88,88,"P",0,NA,0,"",NA,"N",NA,0,NA,"31-OCT-84","f351e1fc-e9d2-4499-adc9-db3059423399","","","","",""
"5778","AE5737002H",1,3,NA,NA,17,NA,NA,NA,NA,2,6.01,"10/31/2016","12:20:00","AE06","N","N","BACOPD","UNK",9,0,NA,"","",NA,"","",NA,"","",NA,"","","",39.38906157,-76.62207484,1,0,1,"M",0,1,NA,0,0,0,88,0,"P",0,NA,0,"",NA,"N",NA,0,NA,"14-Feb-69","4bd82633-f1e0-4969-b83f-b7b6840789df","","","","",""
"5779","AE5738000K",1,3,0,0,8,0,NA,1,0,0,0,"08-01-2015","14:05:00","","N","N","BACOPD","UNK",4,0,3494,"CO","",0,"S","WATER OAK RD",50,"F","S",3500,"CO","","WHITE OAK AVE",39.3943184,-76.5578413,1,0,1,"M",1,1,NA,0,4,1,2,55,"P",0,NA,0,"",NA,"N",NA,0,NA,"06-OCT-01","562a4481-1462-4ca7-b9ad-384a0224bb94","","","","","A"
"5780","AE57390013",1,3,0,1,88,2,NA,1,1,0,6.01,"12-13-2015","14:10:00","","N","N","BACOPD","UNK",3,0,1998,"CO","",0.15,"N","BEXHILL RD",100,"F","N",1997,"CO","","SPADE RD",39.34030102,-76.74787045,1,0,1,"M",1,3,NA,2,6,1,1,88,"P",0,NA,0,"",NA,"Y",NA,0,NA,"09-AUG-13","bc4dbc0e-525e-4868-9247-632ebbd356cd","","","","","A"
"5781","AE5740000Z",3,3,0,1,88,1,1,1,1,0,7.01,"09-30-2016","06:15:00","","Y","N","BACOPD","UNK",3,1,2301,"CO","",0,"S","OFFUTT RD",100,"F","N",2200,"CO","","WINANDS RD",39.38168145,-76.79610729,1,0,1,"M",NA,2,NA,1,9.05,2,1,51,"P",0,NA,0,"",NA,"N",NA,1,NA,"24-OCT-01  00:00:00","ebdf8bcd-10f4-4a2a-a263-46b35593ef81","","","","",""
"5782","AE57460009",99,3,NA,NA,99,NA,NA,NA,NA,0,8.04,"03-06-2015","00:00:00","","N","N","BACOPD","UNK",2,1,NA,"","",NA,"","",NA,"","",NA,"","","",39.37631586,-76.66024804,1,0,1,"M",0,1,NA,0,0,0,88,0,"P",0,NA,0,"",NA,"",NA,0,NA,"18-SEP-52","12db45d3-5405-412d-81c6-d7bdefb61c1f","MD","c","","",""
"5783","AE5746000B",99,3,NA,NA,99,NA,NA,NA,NA,0,99,"02-06-2015","21:00:00","","N","U","BACOPD","UNK",1,2,NA,"","",NA,"","",NA,"","",NA,"","","",39.3785965,-76.7681694,1,0,1,"F",0,1,NA,0,0,0,88,0,"P",0,NA,0,"",NA,"",NA,0,NA,"28-JAN-50","0a4c1966-f3f1-4576-a2d4-b6a3163bec25","MD","c","","",""
"5784","AE5746000C",6.02,3,NA,1,99,2,NA,1,1,0,6.01,"04-15-2015","00:00:00","","N","N","BACOPD","UNK",1,2,1580,"CO","",0.24,"N","CARLA RD",3,"F","N",1572,"CO","","LABYRINTH RD",39.4237294,-76.79666519,1,0,1,"M",0,1,NA,0,0,0,88,0,"P",0,NA,0,"",NA,"",NA,0,NA,"31-JUL-81","ca9a454e-eeb7-46d7-a25f-c212f0560a39","MD","","","",""
"5785","AE5746000D",6.02,3,NA,NA,99,NA,NA,NA,NA,0,6.01,"04-13-2015","00:00:00","","N","N","BACOPD","UNK",1,2,NA,"","",NA,"","",NA,"","",NA,"","","",39.37699592,-76.72562957,1,0,1,"M",0,1,NA,0,0,0,88,0,"P",0,NA,0,"",NA,"",NA,0,NA,"30-MAY-54","75271c05-d3e0-41b5-a761-345fccdd783c","MD","","","",""
"5786","AE5746000R",0,3,NA,NA,99,NA,NA,NA,NA,0,6.01,"07-31-2015","14:23:22","","N","N","BACOPD","UNK",1,2,NA,"","",NA,"","",NA,"","",NA,"","","",39.37687981,-76.66491508,1,0,1,"M",0,1,NA,0,15.88,0,88,0,"P",0,NA,0,"",NA,"N",NA,0,NA,"07-DEC-49","47c2c51c-1abc-442e-98f3-a1e7d76a8901","MD","c","","",""
"5787","AE5746000T",1,3,NA,NA,99,NA,NA,NA,NA,0,6.01,"08-24-2015","15:00:00","","N","N","BACOPD","UNK",1,2,NA,"","",NA,"","",NA,"","",NA,"","","",39.3885226,-76.73745275,1,0,1,"F",0,1,NA,0,15.88,0,88,0,"P",0,NA,0,"",NA,"N",NA,0,NA,"21-JUL-41","bdb83174-a959-42ca-a0bc-1666085a9550","MD","","","",""
"5788","AE5746000V",7.88,3,0,1,99,2,1,1,1,0,6.01,"09-03-2015","11:07:00","","N","N","BACOPD","UNK",1,2,1565,"CO","",0.15,"S","WICKFIELD RD",5,"F","S",1566,"CO","","WOODCOURT RD",39.37418444,-76.68886185,1,0,1,"M",0,1,NA,0,0,0,88,0,"P",0,NA,0,"",NA,"N",NA,0,NA,"29-JUL-32","fe2f5472-b225-4d67-8a4b-eeb2d6bd5a26","MD","c","","",""
"5789","AE5746000W",7.88,3,0,1,99,99,NA,1,1,0,99,"10-20-2015","00:00:00","","N","N","BACOPD","UNK",1,2,1538,"CO","",0,"S","LAURELWOOD AVE",5,"F","N",1539,"CO","","DARWOOD DR",39.37761791,-76.69312119,1,0,1,"M",0,1,NA,0,15.88,0,88,0,"P",0,NA,0,"",NA,"N",NA,0,NA,"26-FEB-66","452ef09d-04ea-4f50-82b0-3472c3bee6e4","MD","c","","",""
"5790","AE5746000X",7.88,3,0,0,99,2,1,1,3,0,99,"10-23-2015","00:00:00","","N","N","BACOPD","UNK",1,2,1500,"CO","",1.09,"E","SMITH AVE",5,"F","E",1531,"CO","","CHEROKEE DR",39.37592608,-76.68671608,1,0,1,"M",0,1,NA,0,15.88,0,88,0,"P",0,NA,0,"",NA,"N",NA,0,NA,"20-FEB-77","aa339699-0bdc-42e6-a8d7-ce6a3793db22","MD","","","",""
"5791","AE57470005",1,3,NA,NA,17,NA,NA,NA,NA,0,6.01,"01-11-2015","12:56:00","","N","N","BACOPD","UNK",3,0,NA,"","",NA,"","",NA,"","",NA,"","","",39.40478112,-76.60009146,1,0,1,"F",1,3,NA,3,2,1,1,56,"P",0,NA,0,"",NA,"",NA,1,NA,"30-DEC-52","ce093b3a-46b1-4451-9a8d-9d0c9c127b5a","MD","c","","","A"
"5792","AE5748001D",1,3,0,2,88,2,1,1,3,0,6.01,"03-18-2016","07:22:00","","Y","N","BACOPD","UNK",3,0,1900,"CO","",3.35,"S","WINDSOR MILL RD",0,"F","S",6129,"CO","","WINDSOR BLVD",39.3338265,-76.74672112,1,0,1,"F",1,3,NA,2,88,1,1,54,"P",0,NA,0,"",NA,"U",NA,0,NA,"02-JAN-03","2584b41d-b316-4ed3-aae1-8e76fb452d0b","","","","","A"
"5793","AE5748001M",1,3,NA,NA,88,NA,NA,NA,NA,0,7.01,"04-28-2016","15:15:00","","N","N","BACOPD","UNK",3,0,NA,"","",NA,"","",NA,"","",NA,"","","",39.29246442,-76.73654415,1,0,1,"M",1,1,NA,2,7,1,1,55,"P",0,NA,0,"",NA,"Y",NA,0,NA,"27-JUN-02","b1b71184-eaff-41cf-9a92-3e6cd51250a1","","","","",""
"5794","AE5748001Q",1,3,NA,NA,88,NA,NA,NA,NA,0,7.01,"04-28-2016","15:15:00","","N","N","BACOPD","UNK",3,0,NA,"","",NA,"","",NA,"","",NA,"","","",39.29247792,-76.73652068,1,0,1,"M",1,1,NA,2,88,0,1,55,"P",0,NA,0,"",NA,"Y",NA,1,NA,"27-JUN-02","5ba2bdbc-734f-4382-8b71-ef3d257b817b","","","","",""
"5795","AE57480024",1,3,NA,NA,88,NA,NA,NA,NA,0,6.01,"09-12-2016","14:09:00","","Y","N","BACOPD","UNK",4,0,NA,"","",NA,"","",NA,"","",NA,"","","",39.31174618,-76.75559655,1,0,1,"M",1,1,NA,2,11.05,1,3,63.88,"P",0,NA,0,"",NA,"N",NA,1,NA,"31-JUL-96  00:00:00","c1a8dc1d-b664-4e4e-874d-305efcf6dacd","","","","",""
"5796","AE5749000B",3,3,NA,2,14,0,1,1,1,7,6.01,"12/24/2016","17:42:00","","Y","N","BACOPD","UNK",1,10,1900,"CO","",3.92,"S","WINDSOR MILL RD",0,"F","S",6903,"CO","","LAWNWOOD CIR",39.32906202,-76.73818499,2,0,1,"M",1,1,NA,0,15.88,0,88,0,"P",0,NA,0,"",NA,"N",NA,0,NA,"1-Jan-67","4e4cff2b-430f-4592-9686-d062b93d6817","MD","C","","",""
"5797","AE5750001H",1,3,0,3,88,1,2,1,3,88,3,"3/7/2017","8:47:00","","Y","N","BACOPD","UNK",3,0,140,"MD","",0.11,"N","REISTERSTOWN RD",0,"F","S",0,"UU","","ENT TO BUSINESS",39.36364663,-76.71242237,1,0,1,"F",99,2,NA,2,6,88,1,52,"P",0,NA,0,"",NA,"Y",NA,1,NA,"16-May-51","f0a4c2d0-2b1e-4f39-a1f8-4b3b7196bd8a","MD","ID","","","A"
"5798","AE5750001T",3,3,0,1,3,1,NA,1,4,0,6.01,"4/22/2017","22:50:00","","N","N","BACOPD","UNK",1,3,140,"MD","",2.06,"N","REISTERSTOWN RD",0,"F","S",0,"UU","","ENT TO BUSINESS",39.38565355,-76.73541427,1,0,2,"M",1,3,NA,3,6,1,1,58,"P",0,NA,0,"",NA,"N",NA,1,NA,"1-Mar-47","c540d6aa-9856-4441-866e-d3879dd125ef","MD","C","","","A"
"5799","AE5750001T",3,3,0,1,3,1,NA,1,4,0,6.01,"4/22/2017","22:50:00","","N","N","BACOPD","UNK",1,3,140,"MD","",2.06,"N","REISTERSTOWN RD",0,"F","S",0,"UU","","ENT TO BUSINESS",39.38565355,-76.73541427,1,0,2,"M",1,3,NA,3,6,1,1,58,"P",0,NA,0,"",NA,"N",NA,1,NA,"3-Nov-58","791b3572-8300-408c-b98f-ed42494d2f39","MD","C","","","A"
"5800","AE5751000J",1,3,NA,NA,88,NA,NA,NA,NA,0,6.01,"05-29-2015","09:37:00","","N","N","BACOPD","UNK",3,0,NA,"","",NA,"","",NA,"","",NA,"","","",39.38804996,-76.73630476,1,0,1,"M",1,3,NA,2,6,1,1,52,"P",0,NA,0,"",NA,"",NA,0,NA,"24-MAR-48","2cc6cbb0-60f2-4b09-bfd2-35fe7dafe15e","MD","c","","","A"
"5801","AE5751000M",3,3,NA,3,17,2,2,1,3,0,6.01,"06-09-2015","22:00:00","","Y","N","BACOPD","UNK",3,0,26,"MD","",7.237,"E","LIBERTY RD",0,"F","E",2000,"CO","","ROLLING RD",39.35625138,-76.76555157,1,0,1,"M",NA,3,NA,0,9.05,99,1,51,"P",0,NA,0,"",NA,"",NA,0,NA,"16-OCT-87","231254b3-05d9-4e88-95d6-28d17e03732a","","","","",""
"5802","AE5751002P",1,3,NA,NA,88,NA,NA,NA,NA,0,6.01,"11/22/2016","15:58:00","","N","N","BACOPD","UNK",3,0,NA,"","",NA,"","",NA,"","",NA,"","","",39.38159023,-76.73041463,1,0,1,"F",1,1,NA,3,0,1,1,57,"P",0,NA,0,"",NA,"U",NA,0,NA,"13-Feb-78","d752cf61-3c51-49ea-9a96-7e43ce2c43aa","NY","ID","","",""
"5803","AE5753000G",3,3,NA,1,88,2,1,1,1,0,0,"04-11-2015","21:42:00","","N","N","BACOPD","UNK",1,1,3058,"CO","",0.23,"N","EAST DR",200,"F","N",3033,"CO","","LINDEN AVE",39.24933731,-76.69360399,1,0,2,"M",1,1,NA,0,2,0,1,56,"P",0,NA,0,"",NA,"",NA,0,NA,"10-MAR-78","ccd5caf9-0e88-4905-8e83-0a2132400d1e","","","","",""
"5804","AE5753000G",3,3,NA,1,88,2,1,1,1,0,0,"04-11-2015","21:42:00","","N","N","BACOPD","UNK",1,1,3058,"CO","",0.23,"N","EAST DR",200,"F","N",3033,"CO","","LINDEN AVE",39.24933731,-76.69360399,1,0,2,"F",1,1,NA,0,88,0,1,88,"P",0,NA,0,"",NA,"",NA,0,NA,"08-DEC-68","7d2337fc-4db2-4656-b241-838c511a698e","MD","","","",""
"5805","AE5753000K",1,3,NA,88,88,2,1,1,1,0,6.01,"05-12-2015","12:35:00","","N","N","BACOPD","UNK",1,0,2600,"CO","",2.62,"E","EDMONDSON AVE",100,"F","E",695,"RP","","RAMP 2 FR EDMONDSON AVE TO IS 695 NB",39.28052015,-76.72647715,1,0,1,"M",1,1,NA,0,3,0,88,63.88,"P",0,NA,0,"",NA,"",NA,0,NA,"09-AUG-56","9ea76790-b490-4af5-9cf5-9564e1ea28bf","MD","C","","",""
"5806","AE5753000X",1,3,NA,NA,99,NA,NA,NA,NA,0,0,"08-17-2015","13:00:00","01","N","N","BACOPD","UNK",1,0,NA,"","",NA,"","",NA,"","",NA,"","","",39.28523707,-76.75980091,1,0,2,"M",1,1,NA,0,88,0,88,88,"P",0,NA,0,"",NA,"N",NA,0,NA,"23-DEC-86","fbdb25e8-d319-4a51-89b6-9ca907e88e0a","MD","c","","",""
"5807","AE5753000X",1,3,NA,NA,99,NA,NA,NA,NA,0,0,"08-17-2015","13:00:00","01","N","N","BACOPD","UNK",1,0,NA,"","",NA,"","",NA,"","",NA,"","","",39.28523707,-76.75980091,1,0,2,"M",0,1,NA,0,88,0,88,88,"P",0,NA,0,"",NA,"N",NA,0,NA,"21-DEC-91","0c3bda8b-592c-48ba-b9bf-50165489accc","","","","",""
"5808","AE5753000Y",1,3,NA,NA,17,NA,NA,NA,NA,88,6.01,"08-10-2015","12:42:00","01","N","N","BACOPD","UNK",9,0,NA,"","",NA,"","",NA,"","",NA,"","","",39.26216433,-76.68737054,1,0,1,"M",1,1,NA,0,88,0,88,88,"P",0,NA,0,"",NA,"N",NA,0,NA,"07-JAN-61","895731ca-f543-49d7-8fdf-5930d11d127c","","","","",""
"5809","AE57530019",1,3,NA,NA,88,NA,NA,NA,NA,0,7.01,"09-29-2015","13:15:00","PC01 128","N","N","BACOPD","UNK",1,0,NA,"","",NA,"","",NA,"","",NA,"","","",39.24968627,-76.66871309,1,0,3,"F",1,1,NA,1,88,0,1,52,"P",0,NA,0,"",NA,"U",NA,0,NA,"04-JAN-75","163ea8f4-1fd3-4203-8747-c6702528f9c2","MD","c","","","A"
"5810","AE57530019",1,3,NA,NA,88,NA,NA,NA,NA,0,7.01,"09-29-2015","13:15:00","PC01 128","N","N","BACOPD","UNK",1,0,NA,"","",NA,"","",NA,"","",NA,"","","",39.24968627,-76.66871309,1,0,3,"M",1,1,NA,0,15.88,0,88,88,"P",0,NA,0,"",NA,"N",NA,0,NA,"31-JAN-60","bc741124-2270-459e-924d-e59b0e0cfcef","","","","",""
"5811","AE57530019",1,3,NA,NA,88,NA,NA,NA,NA,0,7.01,"09-29-2015","13:15:00","PC01 128","N","N","BACOPD","UNK",1,0,NA,"","",NA,"","",NA,"","",NA,"","","",39.24968627,-76.66871309,1,0,3,"M",1,1,NA,0,15.88,0,88,0,"P",0,NA,0,"",NA,"N",NA,0,NA,"18-OCT-85","b4731edd-0558-4f75-89c8-76e261dcec4d","","","","",""
"5812","AE5753001K",1,3,0,2,17,2,1,1,1,7,6.01,"01-22-2016","11:12:00","01 128","N","N","BACOPD","UNK",9,0,3320,"CO","",0.16,"E","GEORGIA AVE",0,"F","E",3311,"CO","","BRIAN ST",39.23583485,-76.63881183,1,0,2,"M",1,1,NA,0,15.88,0,1,88,"P",0,NA,0,"",NA,"N",NA,0,NA,"08-JUN-32","6f702701-f81d-4be8-9a6b-4b08f228def7","","","","",""
"5813","AE5753001K",1,3,0,2,17,2,1,1,1,7,6.01,"01-22-2016","11:12:00","01 128","N","N","BACOPD","UNK",9,0,3320,"CO","",0.16,"E","GEORGIA AVE",0,"F","E",3311,"CO","","BRIAN ST",39.23583485,-76.63881183,1,0,2,"F",1,1,NA,0,15.88,0,88,88,"P",0,NA,0,"",NA,"N",NA,0,NA,"29-DEC-89","f34a314d-a1c9-4611-8cbe-9dac81b91acf","MD","C","","",""
"5814","AE5753001M",99,3,NA,NA,99,NA,NA,NA,NA,0,99,"01-31-2015","21:00:00","01 128","N","N","BACOPD","UNK",1,0,NA,"","",NA,"","",NA,"","",NA,"","","",39.26062442,-76.73202395,1,0,1,"M",0,1,NA,0,15.88,0,88,88,"P",0,NA,0,"",NA,"N",NA,0,NA,"13-AUG-85","94f3d588-b01f-4f6a-9d79-ea52b0232efb","","","","",""