"UNIQUE_ID","REPORT_NO","LIGHT_CODE","COUNTY_NO","MUNI_CODE","JUNCTION_CODE","COLLISION_TYPE_CODE","SURF_COND_CODE","LANE_CODE","RD_COND_CODE","RD_DIV_CODE","FIX_OBJ_CODE","WEATHER_CODE","ACC_DATE","ACC_TIME","LOC_CODE","SIGNAL_FLAG","C_M_ZONE_FLAG","AGENCY_CODE","AREA_CODE","HARM_EVENT_CODE1","HARM_EVENT_CODE2","RTE_NO","ROUTE_TYPE_CODE","RTE_SUFFIX","LOG_MILE","LOGMILE_DIR_FLAG","MAINROAD_NAME","DISTANCE","FEET_MILES_FLAG","DISTANCE_DIR_FLAG","REFERENCE_NO","REFERENCE_TYPE_CODE","REFERENCE_SUFFIX","REFERENCE_ROAD_NAME","LATITUDE","LONGITUDE","drv","occ","ped","SEX_CODE","CONDITION_CODE","INJ_SEVER_CODE","OCC_SEAT_POS_CODE","PED_VISIBLE_CODE","PED_LOCATION_CODE","PED_OBEY_CODE","PED_TYPE_CODE","MOVEMENT_CODE","PERSON_TYPE","ALCOHOL_TEST_CODE","ALCOHOL_TESTTYPE_CODE","DRUG_TEST_CODE","DRUG_TESTRESULT_CODE","BAC_CODE","FAULT_FLAG","EQUIP_PROB_CODE","SAF_EQUIP_CODE","EJECT_CODE","DATE_OF_BIRTH","PERSON_ID","LICENSE_STATE_CODE","CLASS","CDL_FLAG","VEHICLE_ID","EMS_UNIT_LABEL"
"5875","AE5797000H",1,3,NA,NA,88,NA,NA,NA,NA,0,6.01,"02-27-2015","08:00:00","","N","N","BACOPD","UNK",1,2,NA,"","",NA,"","",NA,"","",NA,"","","",39.38839822,-76.73887968,1,0,1,"F",0,1,NA,0,15.88,0,88,0,"P",0,NA,0,"",NA,"",NA,0,NA,"17-SEP-61","e7ace782-eb34-45d7-980c-5dc0e932104c","MD","C","","",""
"5876","AE5797000J",1,3,NA,NA,88,NA,NA,NA,NA,0,8.04,"03-06-2015","13:00:00","","N","N","BACOPD","UNK",1,2,NA,"","",NA,"","",NA,"","",NA,"","","",39.39962457,-76.75851345,1,0,1,"F",0,1,NA,0,88,0,88,0,"P",0,NA,0,"",NA,"",NA,0,NA,"30-JUN-93","a3f8bbf6-adf5-4fdc-acab-59e79b8451ea","MD","c","","",""
"5877","AE5797001M",1,3,NA,NA,88,NA,NA,NA,NA,0,7.01,"04-27-2016","16:21:00","","N","N","BACOPD","UNK",2,0,NA,"","",NA,"","",NA,"","",NA,"","","",39.37312285,-76.72404975,1,0,1,"M",1,1,NA,0,15.88,0,88,0,"P",0,NA,0,"",NA,"N",NA,0,NA,"20-OCT-48","8b812f8a-5c54-43d7-b7d0-e1cf6618d27d","MD","CM","","",""
"5878","AE5797001Z",4,3,NA,NA,88,NA,NA,NA,NA,0,6.01,"09-09-2016","00:17:00","","N","N","BACOPD","UNK",2,0,NA,"","",NA,"","",NA,"","",NA,"","","",39.36273108,-76.75285265,1,0,1,"F",0,1,NA,0,88,0,88,0,"P",0,NA,0,"",NA,"N",NA,0,NA,"23-SEP-87  00:00:00","284ce183-5819-40d4-b796-75a01523225a","MD","C","","",""
"5879","AE57970020",3,3,0,0,17,2,1,1,1,11,6.01,"09-15-2016","00:48:00","","N","N","BACOPD","UNK",8,0,1800,"CO","",1.19,"W","MILFORD MILL RD",200,"F","E",1780,"CO","","ADANA RD",39.36200112,-76.73456535,1,0,1,"M",0,1,NA,0,15.88,0,88,0,"P",0,NA,0,"",NA,"N",NA,0,NA,"21-OCT-47  00:00:00","4bb6fa84-6b04-4c41-871c-f4bd0d58984f","MD","C","","",""
"5880","AE57970025",3,3,NA,NA,88,NA,NA,NA,NA,0,6.01,"11/22/2016","0:39:00","","N","N","BACOPD","UNK",3,0,NA,"","",NA,"","",NA,"","",NA,"","","",39.35400112,-76.75974995,1,0,1,"M",0,2,NA,3,88,0,1,56,"P",0,NA,0,"",NA,"N",NA,0,NA,"22-Sep-81","827a3ea2-501a-4bcb-ac7c-dca85009b5b5","MD","C","","",""
"5881","AE5797002D",4,3,0,3,88,2,2,1,3,0,6.01,"2/19/2017","19:15:00","","N","N","BACOPD","UNK",3,1,4458,"CO","",3.59,"E","ROSSVILLE BLVD",50,"F","E",7,"MD","","PHILADELPHIA RD",39.33972848,-76.48596883,1,0,1,"M",0,2,NA,2,3,2,1,51,"P",0,NA,0,"",NA,"N",NA,1,NA,"8-Mar-80","b765b224-b7ab-4c73-aa09-2ab94ea72204","MD","C","","",""
"5882","AE5805000X",1,3,0,1,17,2,1,1,1,0,6.01,"03-29-2016","18:30:00","PC11,45","N","N","BACOPD","UNK",3,1,5008,"CO","",0.05,"N","WILTSHIRE RD",10,"F","N",5005,"CO","","MAGNOLIA TERR",39.34486664,-76.46515757,1,0,1,"F",1,1,NA,0,6,1,1,88,"P",0,NA,0,"",NA,"Y",NA,1,NA,"30-OCT-03","0c12e1f2-9e5c-4a23-8940-e61959e051a7","","","","",""
"5883","AE5805001Z",1,3,NA,NA,88,NA,NA,NA,NA,0,6.01,"3/11/2017","16:39:00","PC11,28","N","N","BACOPD","UNK",1,3,NA,"","",NA,"","",NA,"","",NA,"","","",39.30451666,-76.45840645,1,1,1,"M",1,2,NA,0,88,0,1,56,"P",0,NA,0,"",NA,"U",NA,1,NA,"20-Dec-81","1bcb27ee-2e4f-437d-bf42-0d326a881d76","MD","C","","",""
"5884","AE58060007",6.02,3,NA,NA,88,NA,NA,NA,NA,0,6.01,"08-30-2015","20:30:00","","N","N","BACOPD","UNK",3,0,NA,"","",NA,"","",NA,"","",NA,"","","",39.3181719,-76.43114448,1,0,1,"M",4,2,NA,0,0,0,1,88,"P",99,NA,0,"",NA,"U",NA,0,NA,"06-APR-82","ae38ab94-3c44-4c70-9fd1-fd6093a600ab","MD","c","","","A"
"5885","AE5809000Z",6.02,3,0,0,17,2,1,1,1,0,6.01,"05-28-2016","17:37:00","","N","N","BACOPD","UNK",3,0,1743,"CO","",0,"N","RALSTON AVE",0,"F","S",6866,"CO","","SLADE AVE",39.37211516,-76.72075063,1,0,1,"M",1,3,NA,2,88,1,1,55,"P",0,NA,0,"",NA,"U",NA,1,NA,"29-MAR-08","41de5aaf-8724-48cc-a07b-9241f0b911bf","","","","","A"
"5886","AE58120007",1,3,0,10.04,17,2,1,1,1,0,6.01,"08-01-2015","13:58:00","","N","N","BACOPD","UNK",4,0,5628,"CO","",0.16,"N","KAVANAGH RD",15,"F","N",5623,"CO","","NEVILL RD",39.25767846,-76.48520708,1,1,1,"M",1,3,NA,3,10.88,1,2,51,"P",0,NA,0,"",NA,"Y",NA,1,NA,"27-JUN-01","ea3ccaed-ce2c-48ff-8da7-d33bf5b20d60","","","","","A"
"5887","AE5812000G",1,3,0,1,99,2,1,1,1,0,6.01,"01-18-2016","13:00:00","","N","N","BACOPD","UNK",2,0,5295,"CO","",0.8,"S","LIBERTY PKWY",10,"F","N",5297,"CO","","DUNMANWAY",39.25827659,-76.51692152,1,0,1,"F",NA,1,NA,0,15.88,0,88,88,"P",0,NA,0,"",NA,"N",NA,1,NA,"29-DEC-87","f2bcd121-9c5c-46ea-a6a0-64300b3e5508","MD","","","",""
"5888","AE5812000P",1,3,0,2,0,2,NA,1,1,0,6.01,"03-14-2016","18:00:00","","N","N","BACOPD","UNK",1,2,5251,"CO","",0.29,"N","CHESTNUT ST",0,"F","N",5248,"CO","","MAIN ST",39.24449957,-76.51373506,1,0,1,"M",NA,1,NA,0,0,0,88,0,"P",0,NA,0,"",NA,"N",NA,0,NA,"10-APR-62","97114cd0-640d-428b-858b-458ecea2dab6","MD","","","",""
"5889","AE5812000S",1,3,0,1,0,1,NA,0,2,7,3,"05-07-2016","09:49:00","","N","N","BACOPD","UNK",1,9,5383,"CO","",0,"S","MOORGATE RD",10,"F","N",157,"MD","","MERRITT BLVD",39.23979798,-76.50368193,1,0,1,"F",NA,1,NA,0,0,0,88,0,"P",0,NA,0,"",NA,"N",NA,0,NA,"21-JUN-50","02a154a9-f61a-48d5-abd0-8dbb78b27373","","","","",""
"5890","AE58120014",1,3,0,2,0,2,NA,1,0,0,6.01,"09-01-2016","17:45:00","","N","N","BACOPD","UNK",1,4,5237,"CO","",1.85,"N","DUNDALK AVE",0,"F","N",5235,"CO","","WOODLEY RD",39.25578434,-76.52312279,1,0,1,"M",1,3,NA,7,10.88,1,2,51,"P",0,NA,1,"",NA,"N",NA,21,NA,"31-MAY-89  00:00:00","31d23019-2a0f-4215-9251-e67e4b5f87fc","MD","C","","","A"
"5891","AE58120018",7.88,3,0,1,0,2,NA,1,1,0,6.01,"10/29/2016","21:00:00","","N","N","BACOPD","UNK",19,2,5293,"CO","",0.47,"S","MCSHANE WAY",10,"F","N",5237,"CO","","DUNDALK AVE",39.26432455,-76.51352038,1,0,1,"M",NA,1,NA,0,15.88,0,88,0,"P",0,NA,0,"",NA,"U",NA,0,NA,"23-Mar-54","1d3cadfe-3747-4787-9cf0-41610ce1bdf6","MD","C","","",""
"5892","AE5812001K",4,3,0,1,17,1,1,1,1,0,3,"5/19/2017","23:30:00","","N","N","BACOPD","UNK",11,0,8007,"CO","",1.07,"N","NORTH POINT RD",10,"F","S",5185,"CO","","GERMAN HILL RD",39.28214612,-76.49365555,1,0,1,"F",NA,1,NA,0,0,0,88,0,"P",0,NA,0,"",NA,"N",NA,0,NA,"5-Dec-63","ba0e9490-1d3f-412a-a438-e65196af03a6","","","","",""
"5893","AE5812001P",7.88,3,0,3,0,2,NA,1,1,0,6.01,"6/1/2017","22:49:00","","Y","N","BACOPD","UNK",3,1,5173,"CO","",0.17,"W","FAIT AVE",10,"F","E",5166,"CO","","48TH ST",39.29877382,-76.51859523,1,0,1,"M",1,3,NA,2,6,3,7,51,"P",0,NA,0,"",NA,"Y",NA,1,NA,"10-Nov-00","07597125-e70b-42fb-8961-000ad6cce9f0","","","","","A"
"5894","AE5812001Q",7.88,3,0,2,0,2,NA,1,4,9,6.01,"6/22/2017","2:05:00","","N","N","BACOPD","UNK",9,0,5185,"CO","",0.76,"W","GERMAN HILL RD",0,"F","W",5429,"CO","","MILDRED AVE",39.2427762,-76.50986012,1,0,1,"F",NA,1,NA,0,15.88,0,88,0,"P",0,NA,0,"",NA,"N",NA,99,NA,"1-Aug-82","cc45f221-fe0f-4127-bf25-304dc051c781","","","","",""
"5895","AE5814000X",5.02,3,0,2,9,2,1,1,1,0,6.01,"11-18-2015","06:48:00","","Y","N","BACOPD","UNK",3,0,1500,"CO","",1.55,"E","SMITH AVE",0,"F","E",1496,"CO","","OLD PIMLICO RD",39.37508014,-76.67796135,1,0,1,"M",1,1,NA,3,9.05,99,1,51,"P",0,NA,0,"",NA,"N",NA,99,NA,"03-MAR-82","51ece443-9a16-4051-b2df-189c9ec071e2","MD","","","",""
"5896","AE5814002H",1,3,0,3,88,2,NA,1,1,0,6.01,"5/3/2017","10:57:00","","Y","N","BACOPD","UNK",3,0,26,"MD","",7.747,"E","LIBERTY RD",500,"F","W",2049,"CO","","FLORIDA RD",39.35334989,-76.7567566,1,0,1,"M",4,2,NA,99,2,1,1,53,"P",0,NA,0,"",NA,"N",NA,1,NA,"28-Aug-99","2afaf074-23ad-45bd-9ba1-2c1bfdbdab97","","","","",""
"5897","AE58150005",1,3,NA,NA,88,NA,NA,NA,NA,0,6.01,"07-08-2015","10:25:00","","N","N","BACOPD","UNK",3,0,NA,"","",NA,"","",NA,"","",NA,"","","",39.47227432,-76.62115753,1,0,1,"F",1,3,NA,2,88,1,1,88,"P",0,NA,0,"",NA,"Y",NA,1,NA,"16-MAR-88","023bae40-bd12-4a50-a1cb-43da4f857d12","MD","","","","A"
"5898","AE5817001Y",3,3,0,1,17,2,2,1,1,0,6.01,"6/28/2017","22:06:00","AE","N","N","BACOPD","UNK",3,0,5488,"CO","",0.31,"E","WALLFORD DR",100,"F","E",5505,"CO","","CHARLESMONT RD",39.27310748,-76.49209068,1,0,1,"M",1,2,NA,1,6,1,1,58,"P",0,NA,0,"",NA,"N",NA,1,NA,"11-Nov-70","f15e614b-85cf-4ee2-944f-8850e9a50255","MD","C","","",""
"5899","AE5819000C",1,3,0,2,17,2,NA,1,1,9,6.01,"08-03-2015","19:59:00","PC3/328","N","N","BACOPD","UNK",9,9,30,"MD","",5.1,"N","HANOVER PIKE",0,"F","N",183,"CO","","FIRST AVE",39.54271374,-76.83762789,1,0,3,"M",NA,1,NA,0,15.88,0,1,0,"P",0,NA,0,"",NA,"N",NA,0,NA,"11-AUG-54","4465f199-9cc3-4d4a-a8ea-c1759ea1c177","","","","",""
"5900","AE5819000C",1,3,0,2,17,2,NA,1,1,9,6.01,"08-03-2015","19:59:00","PC3/328","N","N","BACOPD","UNK",9,9,30,"MD","",5.1,"N","HANOVER PIKE",0,"F","N",183,"CO","","FIRST AVE",39.54271374,-76.83762789,1,0,3,"M",NA,1,NA,0,15.88,0,1,0,"P",0,NA,0,"",NA,"N",NA,0,NA,"08-FEB-29","154f2100-91f5-44d6-9314-13adc6e31b69","","","","",""
"5901","AE5819000C",1,3,0,2,17,2,NA,1,1,9,6.01,"08-03-2015","19:59:00","PC3/328","N","N","BACOPD","UNK",9,9,30,"MD","",5.1,"N","HANOVER PIKE",0,"F","N",183,"CO","","FIRST AVE",39.54271374,-76.83762789,1,0,3,"M",NA,1,NA,0,15.88,0,1,0,"P",0,NA,0,"",NA,"N",NA,0,NA,"24-NOV-63","7661f3af-8053-4893-99f9-f8799b414b07","","","","",""
"5902","AE5819000F",1,3,NA,NA,99,NA,NA,NA,NA,0,6.01,"08-07-2015","17:00:00","PC3/328","N","N","BACOPD","UNK",1,0,NA,"","",NA,"","",NA,"","",NA,"","","",39.45678952,-76.82599783,1,0,3,"M",NA,1,NA,0,15.88,0,1,0,"P",0,NA,0,"",NA,"N",NA,0,NA,"16-MAY-74","b1cad10e-250e-4ab5-b6ae-050c6818c51d","","","","",""
"5903","AE5819000F",1,3,NA,NA,99,NA,NA,NA,NA,0,6.01,"08-07-2015","17:00:00","PC3/328","N","N","BACOPD","UNK",1,0,NA,"","",NA,"","",NA,"","",NA,"","","",39.45678952,-76.82599783,1,0,3,"M",NA,1,NA,0,15.88,0,88,0,"P",0,NA,0,"",NA,"N",NA,0,NA,"10-DEC-87","144ee293-e476-4b59-8124-f0d78a817ee5","MD","","","",""
"5904","AE5819000F",1,3,NA,NA,99,NA,NA,NA,NA,0,6.01,"08-07-2015","17:00:00","PC3/328","N","N","BACOPD","UNK",1,0,NA,"","",NA,"","",NA,"","",NA,"","","",39.45678952,-76.82599783,1,0,3,"M",NA,1,NA,0,15.88,0,1,0,"P",0,NA,0,"",NA,"N",NA,0,NA,"08-OCT-91","79a684c4-353c-4260-8e6a-09a4c468c34f","","","","",""
"5905","AE58190018",3,3,0,1,99,2,1,1,1,0,6.01,"12-28-2015","18:17:00","","N","N","BACOPD","UNK",3,0,722,"CO","",3.86,"N","GREENSPRING AVE",1,"M","N",130,"MD","","GREENSPRING VALLEY RD",39.41038801,-76.73646703,1,0,1,"F",1,3,NA,2,1,0,1,54,"P",99,NA,0,"",NA,"Y",NA,1,NA,"01-JAN-00","c3418e01-d12f-4180-98f2-28841b47aa3c","","","","",""
"5906","AE5819001L",99,3,NA,NA,99,NA,NA,NA,NA,99,99,"03-21-2016","17:42:00","PC3/314","N","U","BACOPD","UNK",99,99,NA,"","",NA,"","",NA,"","",NA,"","","",39.43037582,-76.78886533,1,0,1,"M",NA,1,NA,0,0,0,88,0,"P",0,NA,0,"",NA,"N",NA,0,NA,"03-DEC-81","9ef1b671-6f60-4349-b350-509335e1bfb0","","","","",""
"5907","AE5819003J",3,3,NA,NA,11,NA,NA,NA,NA,0,6.01,"6/5/2017","21:10:00","03/314","N","N","BACOPD","UNK",4,0,NA,"","",NA,"","",NA,"","",NA,"","","",39.4146289,-76.77482128,1,0,1,"M",NA,2,NA,4,88,0,2,63.88,"P",0,NA,0,"",NA,"Y",NA,1,NA,"13-Jun-83","0d179f27-8ad9-46f7-973c-2f447f56d8bb","MD","A","","","A"
"5908","AE58200015",1,3,0,1,17,2,1,1,1,18.88,0,"03-24-2016","16:00:00","09","N","N","BACOPD","UNK",0,0,5083,"CO","",0.59,"N","ROSEWICK AVE",0,"F","S",4414,"CO","","34TH ST",39.39192842,-76.47019744,1,0,1,"M",0,1,NA,99,15.88,88,88,88,"P",0,NA,0,"",NA,"N",NA,1,NA,"27-OCT-50","cdc2f14e-71eb-423c-81aa-49249355d13c","","","","",""
"5909","AE58200016",1,3,0,2,88,2,1,1,1,0,6.01,"04-05-2016","07:42:00","09","Y","N","BACOPD","UNK",4,0,7058,"CO","",0.23,"N","YVONNE AVE",0,"F","N",6435,"CO","","COTTINGTON RD",39.39192842,-76.47019744,1,0,1,"M",1,1,NA,2,10.88,88,2,51,"P",0,NA,0,"",NA,"Y",NA,1,NA,"03-NOV-73","b79eb683-af20-4ed6-b01c-fde9cadd1dd9","MD","ID","","","A"
"5910","AE58200018",1,3,NA,NA,17,NA,NA,NA,NA,0,6.01,"04-06-2016","13:57:00","09","N","N","BACOPD","UNK",0,0,NA,"","",NA,"","",NA,"","",NA,"","","",39.33730655,-76.48776859,1,0,1,"F",5,3,NA,3,5,0,1,52,"P",0,NA,0,"",NA,"N",NA,1,NA,"28-FEB-25","27a31305-1fc1-47c2-a30e-47341405a4b1","MD","C","","","A"
"5911","AE5820001N",3,3,0,2,17,2,NA,1,1,9,6.01,"07-03-2016","02:01:00","09","N","N","BACOPD","UNK",99,99,6454,"CO","",0.06,"N","PATAPSCO AVE",0,"F","N",5060,"CO","","POPLAR AVE",39.32767504,-76.49424076,1,0,1,"M",0,1,NA,0,88,0,88,0,"P",0,NA,0,"",NA,"N",NA,0,NA,"30-OCT-80  00:00:00","a0449dc4-f731-4c6b-b576-1c97b5f0272a","","","","",""
"5912","AE5820001Q",3,3,0,1,17,0,1,1,3,0,0,"07-06-2016","23:45:00","090640","N","N","BACOPD","UNK",3,0,4417,"CO","",0.365,"S","CHESACO AVE",0,"F","S",0,"UU","","ENT TO ROSEDALE PLAZA",39.37179584,-76.46160364,1,0,1,"M",1,3,NA,2,6,1,1,52,"P",0,NA,0,"",NA,"Y",NA,0,NA,"05-FEB-71  00:00:00","b2217f3a-0361-4ef2-93e2-23ff95cd78f9","MD","C","","",""
"5913","AE58200021",3,3,NA,NA,17,NA,NA,NA,NA,88,0,"09-11-2016","20:20:00","090540","N","N","BACOPD","UNK",0,0,NA,"","",NA,"","",NA,"","",NA,"","","",39.36737714,-76.47011831,1,0,1,"M",1,1,NA,0,15.88,0,1,59,"P",0,NA,0,"",NA,"N",NA,0,NA,"16-JUN-96  00:00:00","b372b66d-0d0d-4da1-86dc-b702f5e617de","MD","C","","",""
"5914","AE5820003N",1,3,NA,NA,17,NA,NA,NA,NA,0,7.01,"5/12/2017","17:15:00","90970","N","N","BACOPD","UNK",3,0,NA,"","",NA,"","",NA,"","",NA,"","","",39.33661574,-76.48045287,1,0,1,"F",1,2,NA,2,5,1,1,88,"P",0,NA,0,"",NA,"N",NA,0,NA,"7-Feb-00","e0382593-2f2e-4aae-8424-dcf2712f36ff","","","","",""
"5915","AE5821000J",1,3,0,2,17,2,1,1,1,0,6.01,"08-30-2015","16:00:00","","N","N","BACOPD","UNK",4,0,3600,"CO","",2.69,"N","OLD HARFORD RD",0,"F","N",3529,"CO","","PROCTOR LA",39.40408475,-76.52799368,1,0,1,"M",1,3,NA,1,1,2,2,51,"P",0,NA,0,"",NA,"N",NA,21,NA,"03-JAN-62","b193e6e4-1c6c-4fe0-8c2e-23182138350f","MD","","","",""
"5916","AE5821000X",6.02,3,0,3,3,1,1,1,1,0,6.01,"12-17-2015","18:00:00","","Y","N","BACOPD","UNK",1,3,147,"MD","",0.29,"N","HARFORD RD",10,"F","S",3726,"CO","","LINWOOD AVE",39.37532895,-76.54145837,2,0,1,"M",1,3,NA,0,5,1,1,51,"P",0,NA,0,"",NA,"N",NA,1,NA,"23-MAR-90","342a16dc-cc1f-4402-8ee6-5f2206330dee","MD","","","","A"
"5917","AE58210017",4,3,0,1,17,2,1,1,1,0,6.01,"03-05-2016","20:11:00","","N","N","BACOPD","UNK",3,0,147,"MD","",1.96,"N","HARFORD RD",45,"F","N",8762,"CO","","JOPPA RD E",39.39522628,-76.52295381,1,1,1,"F",1,3,NA,2,6,1,1,52,"P",0,NA,0,"",NA,"Y",NA,1,NA,"30-SEP-94","22af1e77-efdf-4f7a-bff5-813cf54930c4","MD","","","","A"
"5918","AE5821001D",1,3,0,1,17,2,NA,1,0,0,6.01,"04-27-2016","18:38:00","","N","N","BACOPD","UNK",3,0,147,"MD","",1.18,"N","HARFORD RD",40,"F","S",3607,"CO","","EDGEWOOD AVE",39.38588988,-76.5324381,1,0,1,"M",1,3,NA,3,3,1,2,63.88,"P",0,NA,0,"",NA,"Y",NA,21,NA,"24-DEC-00","180775e5-a678-41f5-b0d3-f3cccf80233e","","","","","A"
"5919","AE5821001F",4,3,0,3,17,2,1,1,1,0,6.01,"05-08-2016","22:01:00","","Y","N","BACOPD","UNK",4,0,3700,"CO","",0.16,"S","PARK DR",10,"F","S",3710,"CO","","HILLCREST AVE",39.37510503,-76.55123234,1,0,1,"M",1,3,NA,3,1,1,2,54,"P",0,NA,0,"",NA,"Y",NA,1,NA,"16-APR-04","b3d64adb-5bbc-450b-98fc-291bdd1448a8","","","","","A"
"5920","AE5821001M",3,3,0,1,17,2,NA,1,1,0,6.01,"06-27-2016","21:46:00","","N","N","BACOPD","UNK",3,0,147,"MD","",1.74,"N","HARFORD RD",0,"F","N",3574,"CO","","SCHERER AVE",39.39283425,-76.52628779,1,0,1,"F",1,2,NA,2,3,1,1,52,"P",0,NA,0,"",NA,"N",NA,0,NA,"17-JAN-64","c1f92f91-c903-43d8-bd44-122890008006","","","","","A"
"5921","AE58260011",3,3,0,2,11,0,1,1,4,0,6.01,"01-19-2016","19:40:00","","N","N","BACOPD","UNK",3,1,7,"MD","",2.63,"E","PHILADELPHIA RD",0,"F","E",0,"UU","","ENT TO GOLDEN RING CENTER",39.33695285,-76.49013162,1,0,1,"M",1,1,NA,2,6,0,1,52,"P",0,NA,0,"",NA,"U",NA,1,NA,"09-APR-52","9aed42bd-ef8e-46c7-bfc4-a7d096e86c7d","MD","","","",""
"5922","AE5826001R",1,3,NA,NA,2,NA,NA,NA,NA,0,6.01,"05-19-2016","18:40:00","","N","N","BACOPD","UNK",1,0,NA,"","",NA,"","",NA,"","",NA,"","","",39.33530567,-76.48577571,1,0,1,"M",1,1,NA,0,10.88,0,7,88,"P",0,NA,0,"",NA,"U",NA,0,NA,"30-JUN-11","45dd6aaf-842a-4efe-bcef-40a8ca0b0e0a","","","","",""
"5923","AE5826002J",1,3,0,1,0,2,1,0,1,0,6.01,"11/1/2016","13:50:00","","N","N","BACOPD","UNK",1,3,4831,"CO","",0.44,"S","E HOMBERG AVE",100,"F","N",4830,"CO","","GEORGE AVE",39.30900783,-76.45499468,1,0,1,"M",1,1,NA,1,1,0,1,59,"P",0,NA,0,"",NA,"N",NA,0,NA,"8-Feb-71","897e1e88-a1ea-43d1-98eb-796e28d272b3","MD","AM","","",""
"5924","AE5828001K",3,3,NA,NA,88,NA,NA,NA,NA,0,6.01,"10/20/2016","18:59:00","","N","N","BACOPD","UNK",3,0,NA,"","",NA,"","",NA,"","",NA,"","","",39.33779509,-76.48544848,1,0,1,"F",1,3,NA,2,88,1,1,88,"P",0,NA,0,"",NA,"N",NA,1,NA,"5-Dec-63","939efa41-384b-4019-a6d5-3cfa44f2cf40","MD","C","","",""
"5925","AE5828001P",1,3,0,3,88,2,2,1,1,0,6.01,"11/12/2016","15:40:00","","Y","N","BACOPD","UNK",3,0,7,"MD","",4.72,"E","PHILADELPHIA RD",1,"F","W",4465,"CO","","MIDDLE RIVER RD",39.35571734,-76.46045968,1,0,1,"M",1,3,NA,3,6,3,1,51,"P",0,NA,1,"",NA,"Y",NA,1,NA,"18-Oct-96","9f7f5fb7-8ddc-40b3-8d06-c7d728c07ef0","","","","",""
"5926","AE5829000D",1,3,0,0,0,1,NA,0,0,0,3,"09-14-2015","12:00:00","","N","N","BACOPD","UNK",3,0,1150,"CO","",0.84,"E","KENILWORTH DR",200,"F","E",1149,"CO","","WEST RD",39.40604118,-76.61752582,1,0,1,"F",1,1,NA,1,6,0,1,52,"P",0,NA,0,"",NA,"N",NA,1,NA,"03-DEC-52","baa937c5-969c-4a72-bb72-7cca68a80cfe","MD","","","",""
"5927","AE58290021",3,3,0,0,17,2,1,1,1,4,6.01,"4/16/2017","4:32:00","","N","N","BACOPD","UNK",9,0,1142,"CO","",1.75,"N","BELLONA AVE",150,"F","N",139,"MD","","CHARLES ST",39.4181101,-76.63126409,1,0,1,"F",0,1,NA,0,88,0,88,0,"P",0,NA,0,"",NA,"N",NA,0,NA,"18-May-70","aa20e0cf-43ad-47c7-af3d-f2aea0abc559","MD","C","","",""
"5928","AE58310008",3,3,0,1,1,2,1,1,3,0,6.01,"08-04-2015","02:42:00","","N","N","BACOPD","UNK",3,0,4967,"CO","",0.69,"S","BACK RIVER NECK RD",50,"F","S",4849,"CO","","POLES RD",39.30732838,-76.4436533,1,0,1,"M",1,3,NA,3,6,1,1,52,"P",0,NA,0,"",NA,"U",NA,0,NA,"13-JUN-92","30b90295-feb6-4cf4-9e68-14123215aa72","MD","c","","","A"
"5929","AE5832000K",99,3,0,10.04,88,99,NA,0,88,7,0,"11-20-2015","07:25:19","","N","N","BACOPD","UNK",9,1,4580,"CO","",0.04,"S","HAWTHORNE RD S",25,"M","N",0,"UU","","ALLEY",39.32703601,-76.44036055,1,0,1,"M",0,1,NA,0,0,0,88,0,"P",0,NA,0,"",NA,"N",NA,0,NA,"29-SEP-48","e048c53f-6141-4ee8-adc6-68ad25673b63","MD","","","",""
"5930","AE5832000X",6.02,3,NA,NA,88,NA,NA,NA,NA,0,0,"01-22-2016","16:35:00","","N","N","BACOPD","UNK",3,0,NA,"","",NA,"","",NA,"","",NA,"","","",39.33675369,-76.40097499,1,1,1,"M",0,3,NA,0,88,0,1,88,"P",0,NA,0,"",NA,"N",NA,0,NA,"26-MAY-80","04fef1b4-36da-4dac-97ff-4dc82f9c3a4f","","","","",""
"5931","AE58320018",1,3,NA,NA,88,NA,NA,NA,NA,0,6.01,"06-02-2016","19:02:00","","N","N","BACOPD","UNK",4,0,NA,"","",NA,"","",NA,"","",NA,"","","",39.3254135,-76.44495785,1,0,1,"U",0,1,NA,0,88,0,2,88,"P",0,NA,0,"",NA,"Y",NA,0,NA,"01-JAN-00","4ffcfeac-2520-48ce-ad6d-103b59f158cc","MD","","","",""
"5932","AE58320021",1,3,NA,NA,88,NA,NA,NA,NA,0,6.01,"5/11/2017","17:43:00","1126","N","N","BACOPD","UNK",3,0,NA,"","",NA,"","",NA,"","",NA,"","","",39.32791364,-76.44036725,1,0,1,"M",0,3,NA,0,88,0,1,56,"P",0,NA,0,"",NA,"N",NA,0,NA,"23-Jan-74","21d62b0b-9bb2-4ece-9c03-2ed9efe4f715","MD","C","","","A"
"5933","AE5834000H",1,3,0,2,17,2,1,1,3,0,6.01,"06-10-2016","16:15:00","","Y","N","BACOPD","UNK",1,3,5185,"CO","",1.961,"W","GERMAN HILL RD",0,"F","W",8384,"CO","","VILLAGER CIR",39.28175858,-76.52844697,1,0,1,"F",NA,3,NA,0,5,0,1,51,"P",0,NA,0,"",NA,"N",NA,0,NA,"27-FEB-01","e5ff5687-24f9-44a1-90cf-c37336a611b9","","","","",""
"5934","AE5834000L",1,3,0,2,17,2,NA,1,4,0,6.01,"07-19-2016","12:45:00","","Y","N","BACOPD","UNK",3,0,151,"MD","",2.19,"N","NORTH POINT BLVD",0,"F","N",0,"UU","","CROSSOVER",39.29166108,-76.51068404,1,0,1,"F",NA,3,NA,0,5,2,1,51,"P",0,NA,0,"",NA,"N",NA,1,NA,"13-MAY-96  00:00:00","96550b8f-0321-4d19-977b-8440c0d5dde5","MD","C","","",""