"UNIQUE_ID","REPORT_NO","LIGHT_CODE","COUNTY_NO","MUNI_CODE","JUNCTION_CODE","COLLISION_TYPE_CODE","SURF_COND_CODE","LANE_CODE","RD_COND_CODE","RD_DIV_CODE","FIX_OBJ_CODE","WEATHER_CODE","ACC_DATE","ACC_TIME","LOC_CODE","SIGNAL_FLAG","C_M_ZONE_FLAG","AGENCY_CODE","AREA_CODE","HARM_EVENT_CODE1","HARM_EVENT_CODE2","RTE_NO","ROUTE_TYPE_CODE","RTE_SUFFIX","LOG_MILE","LOGMILE_DIR_FLAG","MAINROAD_NAME","DISTANCE","FEET_MILES_FLAG","DISTANCE_DIR_FLAG","REFERENCE_NO","REFERENCE_TYPE_CODE","REFERENCE_SUFFIX","REFERENCE_ROAD_NAME","LATITUDE","LONGITUDE","drv","occ","ped","SEX_CODE","CONDITION_CODE","INJ_SEVER_CODE","OCC_SEAT_POS_CODE","PED_VISIBLE_CODE","PED_LOCATION_CODE","PED_OBEY_CODE","PED_TYPE_CODE","MOVEMENT_CODE","PERSON_TYPE","ALCOHOL_TEST_CODE","ALCOHOL_TESTTYPE_CODE","DRUG_TEST_CODE","DRUG_TESTRESULT_CODE","BAC_CODE","FAULT_FLAG","EQUIP_PROB_CODE","SAF_EQUIP_CODE","EJECT_CODE","DATE_OF_BIRTH","PERSON_ID","LICENSE_STATE_CODE","CLASS","CDL_FLAG","VEHICLE_ID","EMS_UNIT_LABEL"
"5994","AE5929000B",1,3,0,2,88,88,1,1,1,0,6.01,"09-13-2016","15:11:00","","N","N","BACOPD","UNK",3,3,2621,"CO","",2.23,"N","INGLESIDE AVE",0,"F","N",2528,"CO","","SUNSET AVE",39.29981142,-76.72136217,1,0,1,"F",1,3,NA,2,10.88,1,1,51,"P",0,NA,0,"",NA,"Y",NA,1,NA,"20-SEP-04  00:00:00","5ad1aec7-954d-454a-802b-746ef97571be","MD","UU","","","A"
"5995","AE5929000Z",3,3,0,1,6,2,1,1,1,0,6.01,"3/5/2017","20:01:00","","N","N","BACOPD","UNK",2,2,2332,"CO","",0,"E","MENDOZA RD",200,"F","E",2331,"CO","","KINGS POINT RD",39.36803858,-76.82591522,1,1,1,"M",NA,1,NA,0,2,0,88,0,"P",0,NA,0,"",NA,"N",NA,0,NA,"21-Aug-52","0d3d9476-ee91-4ee4-9347-b11ee2160e59","MD","C","","",""
"5996","AE59290010",3,3,0,1,7,2,1,1,1,0,6.01,"3/12/2017","21:13:00","","N","N","BACOPD","UNK",2,0,6931,"OP","",0.09,"N","GLENN MICHAELS LA",200,"F","S",26,"MD","","LIBERTY RD",39.35943917,-76.78098408,1,0,1,"F",NA,1,NA,0,15.88,0,88,0,"P",0,NA,0,"",NA,"N",NA,0,NA,"5-Aug-87","0a36d977-c56f-437c-a525-0b23e68c22d7","MD","C","","",""
"5997","AE59390006",1,3,0,2,17,2,1,1,3,0,6.01,"6/23/2017","11:30:00","","Y","N","BACOPD","UNK",3,0,3033,"CO","",0.61,"N","LINDEN AVE",0,"F","N",3043,"CO","","SHELBOURNE RD",39.25474588,-76.70007348,1,0,1,"F",NA,3,NA,99,10.88,0,1,51,"P",0,NA,0,"",NA,"N",NA,1,NA,"13-Aug-01","bb274911-2e28-42b0-97c6-39e632120dd5","","","","",""
"5998","AE5944000V",1,3,0,1,88,2,2,1,4,0,6.01,"5/24/2017","17:20:00","","N","N","BACOPD","UNK",1,0,150,"MD","",5.91,"E","EASTERN BLVD",5,"F","E",700,"MD","","MARTIN BLVD",39.33239086,-76.43683076,1,0,1,"U",1,3,NA,3,6,0,1,52,"P",0,NA,0,"",NA,"Y",NA,1,NA,"3-Sep-93","9d2c73fe-0a4e-41ab-b136-318101e9ad04","","","","","A"
"5999","AE5947000H",1,3,NA,3,17,0,1,1,3,88,0,"3/10/2017","14:25:00","","Y","N","BACOPD","UNK",3,0,NA,"","",0,"","LORD BALTIMORE DR",15,"F","S",NA,"","","WINDSOR MILL RD",39.33617338,-76.7522332,1,0,1,"M",1,3,NA,3,6,99,1,51,"P",0,NA,0,"",NA,"N",NA,1,NA,"14-Feb-93","30d695d6-1bcd-488b-bd3e-4b739fd8d932","","","","","A"
"6000","AE59520007",1,3,NA,1,88,2,1,1,1,0,6.01,"12/25/2016","7:39:00","1229","N","N","BACOPD","UNK",2,9,5606,"CO","",0.18,"S","SHORE RD",25,"F","N",NA,"","","ALLEY",39.2602776,-76.49426758,1,0,1,"F",NA,1,NA,0,15.88,0,88,88,"P",0,NA,0,"",NA,"N",NA,0,NA,"31-Mar-56","c23a567d-d1e1-42ff-8568-2568a4a74847","","","","",""
"6001","AE5952000B",1,3,0,3,88,2,NA,1,1,0,6.01,"2/4/2017","16:13:00","","N","N","BACOPD","UNK",3,0,157,"MD","",3.64,"N","MERRITT BLVD",10,"F","N",5425,"CO","","WESTFIELD RD",39.2720208,-76.50234506,1,0,1,"F",1,1,NA,3,9.05,0,1,51,"P",0,NA,0,"",NA,"N",NA,0,NA,"2-May-95","b0c8b507-2d4b-4727-92d4-218eda443fa7","MD","C","","",""
"6002","AE59530011",1,3,0,0,88,2,NA,0,3,0,0,"6/3/2017","13:42:00","","N","N","BACOPD","UNK",0,0,294,"CO","",0.76,"N","CHURCH LA",8,"F","N",289,"CO","","LONG GREEN PIKE",39.36524752,-76.77570105,1,0,1,"M",88,2,NA,0,88,0,1,56,"P",0,NA,0,"",NA,"N",NA,0,NA,"24-Aug-35","2b5035f3-aed1-428f-9a27-452385f97bcc","MD","C","","","A"
"6003","AE59530014",6.02,3,0,2,0,0,2,1,88,0,6.01,"6/22/2017","8:00:00","","N","N","BACOPD","UNK",1,0,2000,"CO","",1.21,"N","ROLLING RD",0,"F","N",2676,"CO","","POWERS LA",39.2850222,-76.75294116,1,0,1,"M",1,2,NA,99,0,99,1,54,"P",0,NA,0,"",NA,"U",NA,0,NA,"10-Aug-84","55067c35-e3d4-4775-afdf-e4c3e45aabe1","","","","",""
"6004","AE59550004",1,3,0,2,88,2,1,1,1,0,6.01,"6/26/2017","7:48:00","","Y","N","BACOPD","UNK",4,1,5212,"CO","",0.31,"W","HOLABIRD AVE",0,"F","W",5420,"CO","","HOLAVIEW RD",39.28678162,-76.50315642,1,0,1,"M",NA,3,NA,1,6,0,2,51,"P",0,NA,0,"",NA,"Y",NA,1,NA,"24-Apr-56","e6494c1b-c17a-4125-be1b-fb843379b955","MD","","","",""
"6005","AE59620009",4,3,NA,0,17,1,2,1,1,0,3,"12/24/2016","20:34:00","","N","N","BACOPD","UNK",3,0,NA,"","",5.337,"E","LIBERTY RD",10,"F","E",2072,"CO","","CHURCH LA",39.37360707,-76.80903175,1,0,1,"M",1,2,NA,2,6,0,1,52,"P",0,NA,0,"",NA,"Y",NA,0,NA,"8-May-85","23465371-ea7f-4f92-ac56-ac87401e333a","MD","ID","","",""
"6006","AE5967000C",7.88,3,NA,NA,17,NA,NA,NA,NA,18.88,0,"1/22/2017","1:40:00","","N","N","BACOPD","UNK",9,9,NA,"","",NA,"","",NA,"","",NA,"","","",39.30696152,-76.75642669,1,0,2,"F",NA,1,NA,99,3,0,88,56,"P",99,NA,99,"",NA,"U",NA,99,NA,"14-Oct-82","3aa7f1e4-6d8c-4497-bab2-ac56e5c7786a","","","","",""
"6007","AE5967000C",7.88,3,NA,NA,17,NA,NA,NA,NA,18.88,0,"1/22/2017","1:40:00","","N","N","BACOPD","UNK",9,9,NA,"","",NA,"","",NA,"","",NA,"","","",39.30696152,-76.75642669,1,0,2,"F",NA,1,NA,0,3,0,88,56,"P",0,NA,0,"",NA,"N",NA,0,NA,"18-Jan-65","a1b9df83-9c4c-4a4a-b5a2-ccb6e6fe12d1","","","","",""
"6008","AE59810006",1,3,NA,NA,88,NA,NA,NA,NA,0,6.01,"6/20/2017","10:51:00","","N","N","BACOPD","UNK",3,0,NA,"","",NA,"","",NA,"","",NA,"","","",39.34096068,-76.76205397,1,0,1,"M",1,3,NA,4,88,0,88,59,"P",0,NA,0,"",NA,"U",NA,0,NA,"12-Jan-93","827e0e8b-a9ce-4226-abb8-9bc9b294c5f0","MD","C","","","A"
"6009","AE59940006",1,3,NA,NA,17,NA,NA,NA,NA,2,6.01,"6/25/2017","10:39:00","PC02/244","N","N","BACOPD","UNK",9,0,NA,"","",NA,"","",NA,"","",NA,"","","",39.33417607,-76.74812526,1,0,1,"M",1,1,NA,0,15.88,0,88,0,"P",0,NA,0,"",NA,"N",NA,0,NA,"20-Jul-62","cb65c1c1-1d3a-4764-bdf5-381355c378ae","","","","",""
"6010","AJ0111000Y",1,12,7,2,17,2,NA,1,2,0,6.01,"12/1/2016","13:08:00","","Y","N","BELAIR","UNK",3,0,922,"MD","E",0,"S","CHURCHVILLE RD",0,"F","S",924,"MD","","S MAIN ST",39.53475207,-76.34755075,1,0,1,"F",NA,2,NA,3,9.05,2,1,51,"P",0,NA,0,"",NA,"U",NA,0,NA,"10-May-66","00fea213-04e2-410b-bdcc-e7105b579566","MD","C","","","A"
"6011","AJ0114000T",3,12,NA,NA,88,NA,NA,NA,NA,0,0,"02-21-2016","19:23:00","","Y","N","BELAIR","UNK",0,3,NA,"","",NA,"","",NA,"","",NA,"","","",39.524778,-76.35510519,1,1,2,"F",1,1,NA,2,0,0,1,88,"P",0,NA,0,"",NA,"N",NA,1,NA,"24-FEB-76","3cea458d-6b7b-4ba8-9b45-7516beb27995","MD","C","","",""
"6012","AJ0114000T",3,12,NA,NA,88,NA,NA,NA,NA,0,0,"02-21-2016","19:23:00","","Y","N","BELAIR","UNK",0,3,NA,"","",NA,"","",NA,"","",NA,"","","",39.524778,-76.35510519,1,1,2,"F",1,1,NA,3,88,0,1,88,"P",0,NA,0,"",NA,"N",NA,1,NA,"25-APR-09","8bab9944-bce9-4af1-8255-e5264dc71609","","","","",""
"6013","AJ01140013",1,12,NA,NA,0,NA,NA,NA,NA,0,7.01,"07-02-2016","14:02:00","","N","N","BELAIR","UNK",3,0,NA,"","",NA,"","",NA,"","",NA,"","","",39.52769978,-76.35961533,1,0,1,"M",1,2,NA,1,99,0,1,99,"P",0,NA,0,"",NA,"U",NA,0,NA,"21-OCT-50  00:00:00","76122789-9820-47c3-b9cf-f889807896f7","MD","","","","A"
"6014","AJ01170001",3,12,NA,NA,17,NA,NA,NA,NA,0,3,"10-29-2015","05:40:00","","N","N","BELAIR","UNK",3,0,NA,"","",NA,"","",NA,"","",NA,"","","",39.54018613,-76.34808183,1,0,1,"M",NA,3,NA,2,88,0,1,88,"P",0,NA,0,"",NA,"Y",NA,1,NA,"07-SEP-49","a1f75a9a-7c91-46d8-be95-90c645df7ee3","MD","","","",""
"6015","AJ01170003",3,12,7,1,11,2,1,0,3,0,6.01,"04-20-2016","20:30:00","","N","Y","BELAIR","UNK",3,0,1,"US","BU",2.41,"N","BALTIMORE PIKE",250,"F","S",20,"MU","","ARCHER ST",39.53094156,-76.34997278,1,0,1,"M",2,3,NA,3,6,0,1,52,"P",0,NA,99,"",NA,"Y",NA,1,NA,"07-NOV-77","a9bfa249-422a-4152-8d0f-bcd71ae714b0","","","","","A"
"6016","AJ0119000D",1,12,7,1,17,2,1,0,0,0,0,"11-06-2015","16:55:00","","N","N","BELAIR","UNK",3,0,31,"MU","",0.84,"E","S ATWOOD RD",100,"F","W",1210,"CO","","W MACPHAIL RD",39.52349164,-76.3450563,1,0,1,"F",0,3,NA,3,6,1,1,52,"P",0,NA,0,"",NA,"Y",NA,1,NA,"12-OCT-89","aa4d98ad-6b76-4ee2-8aea-7b4ba3e40090","MD","ID","","","A"
"6017","AJ0119000J",1,12,7,2,17,2,1,1,1,0,6.01,"02-06-2016","12:32:00","","Y","N","BELAIR","UNK",3,0,500,"MU","",0,"N","E LEE ST",0,"F","N",924,"MD","","N MAIN ST",39.53767497,-76.35075331,1,0,1,"M",1,3,NA,3,9.05,0,1,51,"P",0,NA,0,"",NA,"N",NA,0,NA,"18-FEB-47","6417ec67-15af-4eef-9f1f-70b8fe080947","","C","","",""
"6018","AJ0122000W",1,12,7,2,8,2,1,1,3,0,6.01,"10-12-2015","17:19:00","","Y","N","BELAIR","UNK",4,0,1,"US","BU",3.94,"N","CONOWINGO RD",0,"F","N",1036,"CO","","MOORES MILL RD",39.54797552,-76.34956241,1,1,1,"M",1,3,NA,4,10.88,1,2,53,"P",0,NA,0,"",NA,"Y",NA,21,NA,"19-SEP-67","6dfc91a1-c23c-4d41-9c39-d3d9908d3a22","VA","C","","","A"
"6019","AJ0122001K",3,12,7,10.04,11,2,NA,1,88,0,6.01,"10/29/2016","18:06:00","","N","N","BELAIR","UNK",4,0,40,"MU","",0.07,"E","BAILEY LA",0,"F","W",924,"MD","","BOND ST (SB COUPLET)",39.53230485,-76.34616002,1,0,1,"M",0,3,NA,1,6,88,2,51,"P",0,NA,0,"",NA,"Y",NA,1,NA,"26-Jan-04","fa8a814a-ca8d-4bdf-87e5-6be8f1387f6a","","","","","A"
"6020","AJ0122001N",1,12,7,2,9,2,2,1,2,0,6.01,"2/13/2017","17:35:00","","Y","N","BELAIR","UNK",3,0,924,"MD","",5.64,"N","S MAIN ST",0,"F","N",140,"MU","","COURTLAND ST",39.53566795,-76.34847745,1,0,1,"F",99,3,NA,1,5,99,1,53,"P",0,NA,0,"",NA,"N",NA,0,NA,"12-Nov-93","c5283046-b146-4d2f-86e0-e3c58c097784","PA","C","","",""
"6021","AJ0124000L",1,12,7,2,88,2,2,1,2,0,6.01,"12-04-2015","15:08:00","","Y","N","BELAIR","UNK",3,0,924,"MD","",1.65,"S","BOND ST (SB COUPLET)",0,"F","S",630,"MU","","PENNSYLVANIA AVE",39.53597875,-76.35053873,1,0,1,"F",1,3,NA,3,5,2,1,51,"P",0,NA,0,"",NA,"N",NA,1,NA,"02-DEC-85","6a7c806f-5bd1-4898-852e-f2ec7f5df626","MD","C","","","A"
"6022","AJ0128000R",3,12,NA,NA,17,NA,NA,NA,NA,0,6.01,"04-11-2016","20:10:00","","N","N","BELAIR","UNK",3,0,NA,"","",NA,"","",NA,"","",NA,"","","",39.52833594,-76.35715842,1,0,1,"M",1,2,NA,3,88,0,1,56,"P",0,NA,0,"",NA,"N",NA,0,NA,"09-OCT-76","4645002a-9340-4ebc-b094-1b30d2cc52b1","MD","C","","",""
"6023","AJ01290004",1,12,NA,NA,17,NA,NA,NA,NA,0,6.01,"11/8/2016","13:19:00","10-50PI","N","N","BELAIR","UNK",3,3,NA,"","",NA,"","",NA,"","",NA,"","","",39.51910531,-76.34571075,1,0,1,"M",1,3,NA,1,88,0,1,88,"P",0,NA,0,"",NA,"N",NA,1,NA,"26-Jul-41","e792a1d7-4c28-49d2-bb50-9c630b21118d","MD","C","","","A"
"6024","AJ0133000J",1,12,NA,1,17,2,1,1,1,11,6.01,"04-25-2015","17:17:00","","N","N","BELAIR","UNK",9,11,700,"MU","",0.16,"N","SHAMROCK RD",200,"F","N",510,"MU","","LEE WAY",39.53914776,-76.34270668,1,1,3,"F",NA,1,NA,0,88,0,88,88,"P",0,NA,0,"",NA,"",NA,0,NA,"03-MAY-64","bdb83e60-4beb-4c28-b47d-9852fde5fdf3","","","","",""
"6025","AJ0133000J",1,12,NA,1,17,2,1,1,1,11,6.01,"04-25-2015","17:17:00","","N","N","BELAIR","UNK",9,11,700,"MU","",0.16,"N","SHAMROCK RD",200,"F","N",510,"MU","","LEE WAY",39.53914776,-76.34270668,1,1,3,"M",NA,1,NA,0,88,0,88,88,"P",0,NA,0,"",NA,"",NA,0,NA,"26-JAN-64","a101c2e4-38ef-4f77-9d50-aaa3eed9692c","","","","",""
"6026","AJ0133000J",1,12,NA,1,17,2,1,1,1,11,6.01,"04-25-2015","17:17:00","","N","N","BELAIR","UNK",9,11,700,"MU","",0.16,"N","SHAMROCK RD",200,"F","N",510,"MU","","LEE WAY",39.53914776,-76.34270668,1,1,3,"F",NA,1,NA,0,88,0,88,88,"P",0,NA,0,"",NA,"",NA,0,NA,"15-FEB-69","476084a4-de30-43fb-ba98-cefa1ecafa3b","","","","",""
"6027","AJ01330013",1,12,7,2,11,2,1,1,1,0,6.01,"12-21-2015","11:00:00","","N","N","BELAIR","UNK",4,0,70,"MU","",0.11,"E","BROADWAY",0,"F","E",590,"MU","","MCCORMICK ST",39.54222147,-76.34745285,1,0,1,"M",1,3,NA,3,10.88,1,2,51,"P",0,NA,0,"",NA,"N",NA,1,NA,"06-NOV-92","4ef99382-367d-4e46-a252-94ef8fc4c37c","MD","","","",""
"6028","AJ01370003",3,12,0,1,1,2,1,1,1,0,6.01,"03-25-2016","05:30:00","","N","N","BELAIR","UNK",3,0,241,"CO","",0.43,"E","E MACPHAIL RD",300,"F","E",840,"MU","","WOODBURY WAY",39.52954101,-76.33328676,1,0,1,"M",2,3,NA,3,6,1,1,56,"P",0,NA,0,"",NA,"Y",NA,1,NA,"22-APR-82","08091ec1-0ce9-4b0c-95aa-6b5e808f7dab","MD","C","","","A"
"6029","AJ0139000L",1,12,0,0,17,2,1,1,0,10,6.01,"09-16-2015","13:09:00","","N","N","BELAIR","UNK",3,9,1,"US","BU",0.41,"N","BELAIR RD",10,"F","N",0,"UU","","ENT TO BUSINESS",39.52620606,-76.35826349,1,0,1,"M",1,2,NA,3,9.05,1,1,51,"P",0,NA,0,"",NA,"N",NA,0,NA,"12-FEB-32","1545458a-5da4-4a2e-b06d-05662ffd717e","MD","c","","","A"
"6030","AJ01390011",1,12,NA,NA,17,NA,NA,NA,NA,0,6.01,"06-13-2016","12:51:00","","N","N","BELAIR","UNK",3,0,NA,"","",NA,"","",NA,"","",NA,"","","",39.52329612,-76.35041535,1,0,2,"F",1,3,NA,3,0,0,1,88,"P",0,NA,0,"",NA,"N",NA,0,NA,"12-NOV-46","dc232890-d00a-4b36-9b73-de6e11ff895e","","","","","A"
"6031","AJ01390011",1,12,NA,NA,17,NA,NA,NA,NA,0,6.01,"06-13-2016","12:51:00","","N","N","BELAIR","UNK",3,0,NA,"","",NA,"","",NA,"","",NA,"","","",39.52329612,-76.35041535,1,0,2,"F",1,3,NA,3,0,0,1,88,"P",0,NA,0,"",NA,"N",NA,0,NA,"13-SEP-13","b49299ff-076a-43e4-b646-f4b3041a6867","","","","",""
"6032","AJ0139001B",1,12,NA,NA,11,NA,NA,NA,NA,0,6.01,"10/4/2016","11:27:00","","N","N","BELAIR","UNK",4,0,NA,"","",NA,"","",NA,"","",NA,"","","",39.52426956,-76.35635376,1,0,1,"M",1,2,NA,1,3,1,2,51,"P",0,NA,0,"",NA,"Y",NA,1,NA,"15-Jun-45","42bcc012-9f48-402d-a924-cd3aa9dfedc6","MD","C","","",""
"6033","AJ0139001C",1,12,NA,NA,17,NA,NA,NA,NA,0,6.01,"10/11/2016","8:00:00","","N","N","BELAIR","UNK",3,0,NA,"","",NA,"","",NA,"","",NA,"","","",39.54887416,-76.34691373,1,0,1,"M",1,3,NA,4,7,0,1,0,"P",0,NA,0,"",NA,"N",NA,25.88,NA,"13-Jan-57","c5b86224-b593-47ca-84f7-f4c46903342e","MD","C","","","A"
"6034","AJ01400002",1,12,7,2,9,2,1,1,2,0,6.01,"10-05-2015","13:27:00","","Y","N","BELAIR","UNK",1,4,924,"MD","",5.56,"N","S MAIN ST",0,"F","N",922,"MD","E","CHURCHVILLE RD",39.53475414,-76.34757757,1,0,1,"F",1,3,NA,2,9.05,2,2,51,"P",0,NA,0,"",NA,"Y",NA,1,NA,"03-JUL-95","9f15f4fe-301d-452a-b12f-a995b1f43fe0","","","","","A"
"6035","AJ01400003",1,12,0,2,17,2,2,1,2,88,6.01,"10-06-2015","08:45:00","","Y","N","BELAIR","UNK",1,9,1770,"CO","",1.04,"N","MAIN ST",0,"F","N",0,"UU","","PENNSYLVANIA ST/L",39.53664173,-76.34951614,1,1,1,"M",0,1,NA,0,0,0,88,0,"P",0,NA,0,"",NA,"N",NA,0,NA,"06-OCT-15","2cfb21ba-d79d-44e5-8662-5d55de3c735c","","","","",""
"6036","AJ0140000F",3,13,NA,NA,0,NA,NA,NA,NA,0,88,"12-22-2015","20:50:00","","N","N","BELAIR","UNK",1,3,NA,"","",NA,"","",NA,"","",NA,"","","",39.54129482,-76.35847539,1,0,1,"F",1,3,NA,1,88,0,1,56,"P",0,NA,0,"",NA,"Y",NA,1,NA,"20-MAY-73","48a3f362-c8b1-42af-a390-e1feb45e9092","","","","","A"
"6037","AJ0151000M",3,12,7,1,88,2,2,1,1,0,6.01,"4/10/2017","20:50:00","","N","N","BELAIR","UNK",3,0,1,"US","BU",2.48,"N","BALTIMORE PIKE",50,"F","N",922,"MD","E","HAYS ST",39.53233794,-76.34865582,1,0,1,"M",2,3,NA,2,6,1,1,52,"P",0,NA,0,"",NA,"Y",NA,0,NA,"25-Sep-69","accebc68-46f1-49fa-b8e3-c7244d4089f7","MD","C","","","A"
"6038","AJ0151000Y",1,12,7,2,88,2,1,1,1,0,6.01,"6/20/2017","9:55:00","","Y","N","BELAIR","UNK",4,0,924,"MD","",6.62,"N","ROCK SPRING AVE",0,"F","N",595,"MU","","MOORES MILL RD",39.54535295,-76.36111736,1,0,1,"M",1,3,NA,2,88,1,2,54,"P",0,NA,0,"",NA,"Y",NA,1,NA,"9-Mar-05","219f662d-7b90-4926-8fc6-aff7f8aa5e85","","","","","A"
"6039","AK00670007",3,23,8,2,88,1,2,1,4,0,3,"12-30-2015","18:52:00","","Y","N","BERLIN","UNK",4,0,376,"MD","",0.42,"E","BAY ST",0,"F","E",113,"US","","WORCESTER HWY",38.32403325,-75.21171033,1,3,1,"M",2,1,NA,4,6,3,2,51,"P",0,0,0,"",NA,"Y",NA,25.88,NA,"04-MAR-67","564c18ef-0000-4fe4-9bed-57eb2cf2cfc8","MD","ID","","",""
"6040","AL14470003",1,16,NA,2,0,1,1,1,88,0,3,"04-09-2015","12:45:00","","Y","N","BERWYNHEIGHTS","UNK",4,0,576,"CO","",0,"W","BRANCHVILLE RD",0,"F","W",193,"MD","","GREENBELT RD",38.99819985,-76.91559434,1,0,1,"M",1,3,NA,3,9.05,99,2,63.88,"P",0,NA,0,"",NA,"",NA,1,NA,"23-SEP-56","8b2bb847-9dde-49bb-91b5-69b1c00e022a","","","","","A"
"6041","AM0281000X",3,16,11,1,88,2,2,1,3,0,6.01,"04-10-2016","05:35:00","","N","N","BLADENSBURG","UNK",3,0,450,"MD","",0.63,"E","ANNAPOLIS RD",50,"F","W",521,"MU","","52ND ST #1",38.93956301,-76.93056107,1,0,1,"M",1,3,NA,2,6,88,1,88,"P",0,NA,0,"",NA,"Y",NA,0,NA,"24-NOV-87","fa93eb38-3d8c-45da-93f6-896b3767dde1","","","","","A"
"6042","AM0281000Z",1,16,NA,NA,88,NA,NA,NA,NA,0,3,"04-28-2016","09:10:00","","N","N","BLADENSBURG","UNK",3,0,NA,"","",NA,"","",NA,"","",NA,"","","",38.93913742,-76.93372339,1,0,1,"M",1,4,NA,2,88,1,1,53,"P",0,NA,0,"",NA,"N",NA,0,NA,"12-JUL-63","66a05629-afa0-406e-81ec-aae43a171c17","","","","","A"
"6043","AM03110004",3,16,NA,1,11,2,2,1,1,0,6.01,"03-17-2015","20:15:00","","N","N","BLADENSBURG","UNK",3,0,450,"MD","",0.42,"E","ANNAPOLIS RD",100,"F","E",769,"MD","","EDMONSTON RD",38.9394587,-76.93483114,1,0,1,"F",NA,2,NA,2,6,1,1,52,"P",0,NA,0,"",NA,"",NA,1,NA,"20-APR-80","9484e8e3-f716-4cc3-92ad-41de92de6f01","MD","","","","A"
"6044","AM0311000H",3,16,NA,NA,17,NA,NA,NA,NA,0,3,"01-10-2016","00:37:00","","N","N","BLADENSBURG","UNK",3,0,NA,"","",NA,"","",NA,"","",NA,"","","",38.93704696,-76.93585038,1,0,1,"M",1,2,NA,2,88,99,1,99,"P",0,NA,0,"",NA,"N",NA,1,NA,"03-APR-78","c267801c-b8ef-4897-a353-c1ec3cc7e31a","","","","","A"
"6045","AM03210008",3,16,NA,NA,7,NA,NA,NA,NA,0,0,"03-19-2015","02:00:00","","N","N","BLADENSBURG","UNK",1,2,NA,"","",NA,"","",NA,"","",NA,"","","",38.94004285,-76.91900611,1,0,1,"M",NA,1,NA,0,88,0,7,0,"P",0,NA,0,"",NA,"",NA,0,NA,"06-MAR-85","edf8d11b-55c7-4fd5-8ef8-28374370a543","MD","","","",""
"6046","AM0321000T",1,16,NA,NA,11,NA,NA,NA,NA,0,6.01,"03-08-2016","07:07:00","","N","N","BLADENSBURG","UNK",3,4,NA,"","",NA,"","",NA,"","",NA,"","","",38.94272152,-76.93389773,1,1,1,"M",1,1,NA,0,3,1,2,63.88,"P",0,NA,0,"",NA,"N",NA,1,NA,"22-MAY-74","22926f44-1d63-4628-9d92-0e73266c4288","","","","",""
"6047","AM0321000X",3,16,NA,NA,88,NA,NA,NA,NA,0,6.01,"04-24-2016","00:21:00","","N","N","BLADENSBURG","UNK",4,4,NA,"","",NA,"","",NA,"","",NA,"","","",38.94085543,-76.91749468,1,0,1,"M",1,1,NA,2,3,1,2,63.88,"P",0,NA,0,"",NA,"Y",NA,1,NA,"16-SEP-97","7e8ec4bd-334a-4f8c-bf48-df925bd0e687","","","","",""
"6048","AM0323000K",4,16,NA,0,1,2,2,1,4,0,6.01,"06-11-2015","22:01:00","","N","Y","BLADENSBURG","UNK",4,0,201,"MD","",2.4,"N","KENILWORTH AVE",200,"F","N",130,"MU","","TILDEN RD",38.94193712,-76.93549097,1,2,1,"M",2,2,NA,2,4,0,2,54,"P",0,NA,0,"",NA,"",NA,0,NA,"05-SEP-78","7c516850-d287-4e40-990c-73044f02e899","","","","",""
"6049","AM0323000T",1,16,11,3,17,2,NA,1,3,0,7.01,"01-07-2016","11:21:00","","N","N","BLADENSBURG","UNK",3,3,450,"MD","",0.42,"E","ANNAPOLIS RD",50,"F","E",769,"MD","B","EDMONSTON RD",38.93943575,-76.93369791,1,0,2,"F",1,3,NA,2,6,0,1,52,"P",0,NA,0,"",NA,"Y",NA,0,NA,"18-DEC-97","4ee69182-54f0-4da3-9434-390892691205","","","","","A"
"6050","AM0323000T",1,16,11,3,17,2,NA,1,3,0,7.01,"01-07-2016","11:21:00","","N","N","BLADENSBURG","UNK",3,3,450,"MD","",0.42,"E","ANNAPOLIS RD",50,"F","E",769,"MD","B","EDMONSTON RD",38.93943575,-76.93369791,1,0,2,"F",1,3,NA,2,6,0,1,52,"P",0,NA,0,"",NA,"Y",NA,0,NA,"13-JUN-97","b2490d2e-f052-486f-921a-78f8e7128efe","","","","","A"
"6051","AM0323000X",3,16,11,3,17,2,1,3,3,0,6.01,"05-07-2016","20:40:00","","N","N","BLADENSBURG","UNK",3,0,570,"MU","",0,"N","57TH AVE",100,"F","S",450,"MD","","ANNAPOLIS RD",38.93972574,-76.91797614,1,0,1,"M",2,2,NA,2,6,0,1,52,"P",0,NA,0,"",NA,"Y",NA,0,NA,"18-JUL-76","b275b0d0-0620-4869-bcc6-6a962d1ea819","","","","","A"
"6052","AM03230018",1,16,11,2,11,0,2,1,2,0,6.01,"09-23-2016","15:21:00","","Y","N","BLADENSBURG","UNK",4,0,1,"US","AL",1.39,"N","BALTIMORE AVE",0,"F","N",100,"MU","","TANGLEWOOD DR",38.94387203,-76.94102302,1,0,1,"F",1,2,NA,1,6,1,2,54,"P",0,NA,0,"",NA,"Y",NA,21,NA,"15-DEC-66  00:00:00","b936a174-1e0a-4306-aede-82608f42cfce","","","","",""