"UNIQUE_ID","REPORT_NO","LIGHT_CODE","COUNTY_NO","MUNI_CODE","JUNCTION_CODE","COLLISION_TYPE_CODE","SURF_COND_CODE","LANE_CODE","RD_COND_CODE","RD_DIV_CODE","FIX_OBJ_CODE","WEATHER_CODE","ACC_DATE","ACC_TIME","LOC_CODE","SIGNAL_FLAG","C_M_ZONE_FLAG","AGENCY_CODE","AREA_CODE","HARM_EVENT_CODE1","HARM_EVENT_CODE2","RTE_NO","ROUTE_TYPE_CODE","RTE_SUFFIX","LOG_MILE","LOGMILE_DIR_FLAG","MAINROAD_NAME","DISTANCE","FEET_MILES_FLAG","DISTANCE_DIR_FLAG","REFERENCE_NO","REFERENCE_TYPE_CODE","REFERENCE_SUFFIX","REFERENCE_ROAD_NAME","LATITUDE","LONGITUDE","drv","occ","ped","SEX_CODE","CONDITION_CODE","INJ_SEVER_CODE","OCC_SEAT_POS_CODE","PED_VISIBLE_CODE","PED_LOCATION_CODE","PED_OBEY_CODE","PED_TYPE_CODE","MOVEMENT_CODE","PERSON_TYPE","ALCOHOL_TEST_CODE","ALCOHOL_TESTTYPE_CODE","DRUG_TEST_CODE","DRUG_TESTRESULT_CODE","BAC_CODE","FAULT_FLAG","EQUIP_PROB_CODE","SAF_EQUIP_CODE","EJECT_CODE","DATE_OF_BIRTH","PERSON_ID","LICENSE_STATE_CODE","CLASS","CDL_FLAG","VEHICLE_ID","EMS_UNIT_LABEL"
"6053","AM03270012",3,16,11,1,7,2,1,1,2,0,6.01,"06-26-2016","08:36:00","","N","N","BLADENSBURG","UNK",2,0,170,"MU","",0.04,"W","VARNUM ST",100,"F","E",530,"MU","","53RD PL",38.94331399,-76.92857087,1,0,1,"M",1,1,NA,0,0,0,88,0,"P",0,NA,0,"",NA,"N",NA,0,NA,"18-APR-78","33bda1cb-8225-4001-a7c5-e0eaef23eb72","MD","","","",""
"6054","AM03270013",3,16,0,0,11,2,NA,1,1,0,6.01,"07-09-2016","02:33:00","","Y","N","BLADENSBURG","UNK",4,0,258,"CO","",0.37,"N","57TH AVE",10,"F","S",450,"MD","","ANNAPOLIS RD",38.93952859,-76.91809013,1,0,1,"M",1,3,NA,2,5,99,2,51,"P",0,NA,0,"",NA,"U",NA,1,NA,"26-DEC-76  00:00:00","53e85deb-f24e-4a33-a570-b457252dfaad","","","","","A"
"6055","AM0328000Y",6.02,16,11,2,88,2,1,1,1,0,6.01,"03-15-2016","19:40:00","","N","N","BLADENSBURG","UNK",3,0,450,"MD","",0.14,"E","ANNAPOLIS RD",0,"F","E",460,"MU","","46TH ST",38.93912699,-76.93947405,1,0,1,"M",2,3,NA,2,6,1,1,99,"P",0,NA,0,"",NA,"Y",NA,0,NA,"20-JUN-56","85d08bce-ae1e-4b82-b46e-22222dab49fb","MD","C","","","A"
"6056","AM03290009",1,16,NA,1,17,2,NA,1,3,0,6.01,"03-23-2015","07:47:00","","N","N","BLADENSBURG","UNK",3,0,450,"MD","",0.7,"E","ANNAPOLIS RD",10,"F","E",533,"MU","","53RD ST #1",38.93953381,-76.92925215,1,0,1,"F",1,3,NA,1,0,3,1,52,"P",0,NA,0,"",NA,"",NA,1,NA,"18-DEC-91","3c34c9db-3cbc-4d63-9fdc-2782b0cff6f5","","","","",""
"6057","AM03290010",3,16,11,1,17,1,1,1,1,0,3,"05-03-2016","20:39:00","","N","N","BLADENSBURG","UNK",3,0,769,"MD","B",0.23,"N","EDMONSTON RD",30,"F","S",0,"UU","","ENT TO BUSINESS",38.94251082,-76.93313599,1,0,1,"M",99,4,NA,2,6,1,1,52,"P",0,NA,0,"",NA,"Y",NA,1,NA,"15-FEB-62","0aa0053e-736e-4454-85f2-83bf3ecc7353","","","","","A"
"6058","AM0329001F",1,16,NA,NA,17,NA,NA,NA,NA,0,6.01,"12/4/2016","11:15:00","","N","N","BLADENSBURG","UNK",3,0,NA,"","",NA,"","",NA,"","",NA,"","","",38.93968297,-76.91831276,1,0,1,"F",1,2,NA,88,88,1,1,56,"P",0,NA,0,"",NA,"N",NA,1,NA,"13-Jul-48","75ec0c99-7fc0-4060-96f8-ab73d8d86393","MD","ID","","",""
"6059","AM03300005",1,16,NA,2,2,2,NA,1,3,0,6.01,"01-01-2015","12:01:00","","Y","N","BLADENSBURG","UNK",1,0,484,"CO","",0.57,"S","EMERSON ST",0,"F","S",635,"CO","","56TH PL",38.94677272,-76.91840529,1,0,1,"M",0,1,NA,88,88,0,88,88,"P",0,NA,0,"",NA,"",NA,0,NA,"04-JAN-84","db29aa7a-3843-48b4-a88a-5b282911c63e","MD","","","",""
"6060","AM0330000M",1,16,11,2,88,2,1,1,1,0,6.01,"09-23-2015","17:22:00","","N","N","BLADENSBURG","UNK",3,0,450,"MD","",0.55,"E","ANNAPOLIS RD",0,"F","E",512,"MU","","51ST ST #2",38.9395505,-76.93193704,1,0,1,"M",1,3,NA,1,6,0,2,51,"P",0,NA,0,"",NA,"N",NA,1,NA,"04-MAR-02","bac81244-0d7f-4efb-ac24-f61712498027","","","","","A"
"6061","AM03300016",1,16,11,1,11,2,2,1,2,0,6.01,"03-18-2016","10:23:00","","N","N","BLADENSBURG","UNK",4,0,1,"US","AL",1.2,"N","BALTIMORE AVE",30,"F","N",150,"MU","","UPSHUR ST",38.94032667,-76.940775,1,0,1,"M",99,3,NA,1,3,1,2,52,"P",0,NA,0,"",NA,"Y",NA,1,NA,"24-SEP-45","d830ace0-4a2f-4039-9e79-a59e1d4b1988","MD","","","","A"
"6062","AM03320008",3,1,NA,NA,17,NA,NA,NA,NA,7,6.01,"03-13-2015","19:18:00","","N","N","BLADENSBURG","UNK",9,0,NA,"","",NA,"","",NA,"","",NA,"","","",38.9501395,-76.91504717,1,2,2,"F",0,1,NA,0,15.88,0,88,0,"P",0,NA,0,"",NA,"",NA,0,NA,"30-JUN-34","32078ed2-be31-4c3d-ba3a-7a7b6fb9686e","MD","","","",""
"6063","AM03320008",3,1,NA,NA,17,NA,NA,NA,NA,7,6.01,"03-13-2015","19:18:00","","N","N","BLADENSBURG","UNK",9,0,NA,"","",NA,"","",NA,"","",NA,"","","",38.9501395,-76.91504717,1,2,2,"F",NA,1,NA,0,99,0,88,57,"P",0,NA,0,"",NA,"",NA,0,NA,"21-JAN-90","9d665eda-3495-443b-a00e-06fa68338730","MD","","","",""
"6064","AM0332001C",1,16,11,3,88,2,1,1,1,0,6.01,"06-14-2016","18:45:00","","Y","N","BLADENSBURG","UNK",4,1,769,"MD","B",0,"N","EDMONSTON RD",10,"F","N",450,"MD","","ANNAPOLIS RD",38.93942115,-76.93430007,1,0,1,"M",NA,3,NA,3,6,3,2,51,"P",0,NA,0,"",NA,"Y",NA,1,NA,"17-MAR-94","4b3ee758-b20c-4b57-9420-16fd2e4c0591","MD","","","","A"
"6065","AM0333000V",1,16,11,2,88,2,1,1,1,0,0,"05-04-2016","15:22:00","","Y","N","BLADENSBURG","UNK",3,0,540,"MU","",0.04,"N","54TH PL",0,"F","N",92,"MU","","SPRING RD #2",38.93934083,-76.92496598,1,0,1,"F",1,3,NA,1,88,2,1,62.88,"P",0,NA,0,"",NA,"N",NA,0,NA,"19-MAR-99","9f514854-5025-4598-9846-134fcf5fde1a","","","","",""
"6066","AM0334000N",1,16,0,9.04,11,2,NA,1,0,0,6.01,"08-29-2015","15:13:00","","N","N","BLADENSBURG","UNK",3,0,450,"MD","",1.1,"E","ANNAPOLIS RD",0,"F","W",506,"CO","","56TH AVE",38.93895591,-76.92343712,1,0,1,"F",1,4,NA,1,3,0,1,88,"P",0,NA,0,"",NA,"N",NA,1,NA,"21-SEP-35","dab9ccdb-fa25-45d4-9acd-7cfd28212c15","","","","","A"
"6067","AM03340018",1,16,11,1,17,2,1,1,1,0,0,"07-19-2016","10:53:00","","N","N","BLADENSBURG","UNK",3,0,1,"US","AL",1.39,"N","BALTIMORE AVE",10,"F","S",100,"MU","","TANGLEWOOD DR",38.94386681,-76.94147766,1,0,1,"F",1,2,NA,1,12.88,1,1,0,"P",0,NA,0,"",NA,"N",NA,1,NA,"02-APR-93  00:00:00","25457000-cd8a-425c-86b3-3625311b5c7d","","","","","A"
"6068","AP01310006",1,10,NA,2,7,2,1,1,1,0,6.01,"06-16-2015","17:35:00","","Y","N","BRUNSWICK","UNK",4,0,350,"MU","",0,"E","W POTOMAC ST",0,"F","E",200,"MU","","FLORIDA AVE",39.3145114,-77.63508081,1,0,1,"M",NA,3,NA,3,4,0,2,51,"P",0,NA,0,"",NA,"",NA,1,NA,"16-JAN-03","d8702b42-30e5-4fea-bfd9-c5d72df0015a","","","","",""
"6069","AP0140000G",1,10,NA,NA,17,NA,NA,NA,NA,0,6.01,"5/15/2017","18:20:00","","N","N","BRUNSWICK","UNK",3,0,NA,"","",NA,"","",NA,"","",NA,"","","",39.31556662,-77.60820642,1,0,1,"M",1,3,NA,0,3,1,3,63.88,"P",0,NA,0,"",NA,"N",NA,24.88,NA,"5-Nov-05","7d2d03db-24f0-44e2-b8a0-5d4060d1ba2b","","","","","A"
"6070","AS01070003",4,9,19,11.04,17,2,NA,1,1,0,6.01,"07-27-2015","22:51:00","10-50 I","N","N","CAMBRIDGE","UNK",4,0,343,"MD","",10.71,"E","WASHINGTON ST",270,"F","W",500,"MU","","FRONT ST",38.56184961,-76.07336998,1,0,1,"M",NA,3,NA,1,1,1,2,88,"P",0,NA,0,"",NA,"N",NA,0,NA,"11-MAY-50","76cc931b-1962-4868-b030-d9ae7657db7d","MD","C","","",""
"6071","AS01310008",1,9,NA,NA,17,NA,NA,NA,NA,18.88,6.01,"06-07-2015","18:13:00","1050D","N","N","CAMBRIDGE","UNK",9,10,NA,"","",NA,"","",NA,"","",NA,"","","",38.56868234,-76.09288037,1,0,2,"M",0,1,NA,0,0,0,88,0,"P",0,NA,0,"",NA,"",NA,0,NA,"18-APR-72","74d96486-fe17-40d7-a033-2c39ffd791ed","","","","",""
"6072","AS01310008",1,9,NA,NA,17,NA,NA,NA,NA,18.88,6.01,"06-07-2015","18:13:00","1050D","N","N","CAMBRIDGE","UNK",9,10,NA,"","",NA,"","",NA,"","",NA,"","","",38.56868234,-76.09288037,1,0,2,"F",0,1,NA,0,0,0,88,0,"P",0,NA,0,"",NA,"",NA,0,NA,"16-OCT-77","fd25b7d4-356f-4f0d-b1d6-f0059517c5b8","MD","c","","",""
"6073","AS0131000F",1,9,19,1,1,2,1,0,0,0,7.01,"09-25-2015","10:22:00","1050-I","N","N","CAMBRIDGE","UNK",2,0,1010,"MU","",0.52,"N","OAKLEY ST",100,"F","S",1240,"MU","","SCHOOL ST",38.57719193,-76.08030081,1,0,1,"F",0,1,NA,0,0,0,88,0,"P",0,NA,0,"",NA,"N",NA,0,NA,"28-AUG-46","a7c135a6-c6e7-4e10-8737-28ac9011b7d1","MD","c","","",""
"6074","AS0275000T",1,9,19,1,17,2,1,1,2,0,6.01,"5/26/2017","16:50:00","","N","N","CAMBRIDGE","UNK",3,0,1400,"MU","",0.44,"E","TRAVERS ST",30,"F","E",940,"MU","","MILL ST",38.57459806,-76.07800215,1,0,1,"F",1,3,NA,1,6,1,1,55,"P",0,NA,0,"",NA,"Y",NA,1,NA,"30-Jul-14","85adeaa2-8190-421c-b13e-4684836d9eef","","","","","A"
"6075","AS02760008",1,9,NA,2,11,2,1,1,1,0,6.01,"04-26-2015","14:50:00","1050D","Y","N","CAMBRIDGE","UNK",4,0,1520,"MU","",0.25,"N","WILLIS ST",0,"F","N",520,"MU","","GLASGOW ST",38.57417028,-76.08254313,1,0,1,"M",1,1,NA,2,10.88,0,2,51,"P",0,NA,0,"",NA,"",NA,1,NA,"17-NOV-89","168eb6b1-5f54-4224-8dec-36fea01e781e","MD","","","",""
"6076","AS02780008",1,9,NA,NA,17,NA,NA,NA,NA,88,6.01,"06-10-2016","17:24:00","","N","N","CAMBRIDGE","UNK",3,0,NA,"","",NA,"","",NA,"","",NA,"","","",38.57185835,-76.07648939,1,0,1,"F",1,3,NA,2,88,0,1,88,"P",0,NA,0,"",NA,"U",NA,0,NA,"03-NOV-74","595175dc-3443-4c2f-83cb-6d05c82458b1","","","","",""
"6077","AS02850003",4,9,NA,NA,3,NA,NA,NA,NA,2,3,"06-27-2015","21:23:00","","N","N","CAMBRIDGE","UNK",2,9,NA,"","",NA,"","",NA,"","",NA,"","","",38.56444604,-76.08603537,1,0,1,"M",0,1,NA,0,15.88,0,88,0,"P",0,NA,0,"",NA,"",NA,0,NA,"23-AUG-43","c6fdfa02-76f7-4d4b-b550-94dc7f225e87","MD","","","",""
"6078","AS02850004",1,9,19,1,8,2,1,1,1,0,6.01,"08-16-2015","18:00:00","1057I","N","N","CAMBRIDGE","UNK",1,0,1370,"MU","",0.727,"N","STONE BOUNDARY RD",250,"F","N",1589,"MU","","HIBISCUS LN",38.55179018,-76.07407808,1,0,1,"M",1,3,NA,2,4,0,2,88,"P",0,NA,0,"",NA,"Y",NA,1,NA,"23-OCT-01","d92a2fb2-46f3-43a0-9d22-cf42b95791c0","","","","",""
"6079","AS0286000J",1,9,19,2,88,2,1,1,1,0,6.01,"10-20-2015","17:21:00","1050I","Y","N","CAMBRIDGE","UNK",4,0,520,"MU","",0.24,"S","GLASGOW ST",0,"F","S",33,"CO","","JENKINS CREEK RD",38.57970812,-76.09019279,1,0,1,"M",1,4,NA,1,10.88,1,2,51,"P",0,NA,0,"",NA,"Y",NA,21,NA,"01-MAY-46","c4a100db-9b34-44b1-98a6-c0c64397e621","MD","","","","A"
"6080","AS02930003",4,9,NA,1,17,2,1,1,1,0,0,"03-28-2015","20:34:00","1050F","N","N","CAMBRIDGE","UNK",3,0,16,"MD","",15.338,"N","CHURCH CREEK RD",50,"F","N",NA,"UU","","ENT TO BUSINESS",38.54657953,-76.07151389,1,0,1,"F",99,5,NA,3,6,0,1,52,"P",0,NA,0,"",NA,"",NA,0,NA,"02-MAY-87","33ed1722-4dfc-4b07-ac80-364d42e2ab44","MD","","","","B"
"6081","AS02980006",1,9,NA,NA,17,NA,NA,NA,NA,0,6.01,"02-12-2015","16:26:00","10-50 PI","N","N","CAMBRIDGE","UNK",3,0,NA,"","",NA,"","",NA,"","",NA,"","","",38.55329835,-76.05245411,1,1,1,"F",1,3,NA,2,6,1,1,51,"P",0,NA,0,"",NA,"",NA,1,NA,"05-OCT-61","a0f1a9f6-fe3b-4819-9544-5fcf3660c0a9","","","","","A"
"6082","AS0304000R",1,9,19,1,88,2,NA,1,0,2,7.01,"05-12-2016","11:08:00","1050PI","N","N","CAMBRIDGE","UNK",3,9,1110,"MU","",0.27,"N","RACE ST",100,"F","N",250,"MU","","CEMETERY AVE",38.5671682,-76.07781574,1,0,1,"M",1,4,NA,1,3,0,1,88,"P",0,NA,0,"",NA,"N",NA,1,NA,"10-OCT-82","4fd0fb11-7c70-48a8-9b53-c69b985112f2","MD","","","","A"
"6083","AS0304000W",1,9,19,1,17,2,1,1,1,0,6.01,"08-12-2016","17:12:00","1050PI","N","N","CAMBRIDGE","UNK",5,0,970,"MU","",0.27,"E","MUIR ST",50,"F","E",20,"MU","","ACADEMY ST",38.56810772,-76.07600927,1,0,1,"M",1,3,NA,2,6,0,1,55,"P",0,NA,0,"",NA,"Y",NA,1,NA,"17-DEC-10  00:00:00","e393e690-9944-4416-971c-ca9ee2c9f91a","","","","","A"
"6084","AS0306000F",1,9,19,1,17,2,1,1,3,88,6.01,"3/16/2017","12:08:00","1050D","N","N","CAMBRIDGE","UNK",8,0,341,"MD","",1.13,"N","RACE ST",15,"F","S",1050,"MU","","PHILLIPS AVE",38.56160212,-76.07892215,1,0,1,"M",0,1,NA,0,0,0,88,0,"P",0,NA,0,"",NA,"N",NA,0,NA,"8-Sep-57","cbb97b2d-778a-48ce-a43a-274c19a3a275","MD","ID","","",""
"6085","AS03140004",1,9,NA,2,17,2,NA,1,88,88,6.01,"01-19-2015","11:24:00","1050I","Y","N","CAMBRIDGE","UNK",4,0,910,"MU","",0.52,"W","MARYLAND AVE",0,"F","W",490,"MU","","FRANKLIN ST",38.56980219,-76.06926084,1,0,1,"F",NA,3,NA,3,10.88,1,2,51,"P",0,NA,0,"",NA,"",NA,0,NA,"16-APR-60","25d50ff2-4a98-4716-9659-042d9b13fc9b","MD","","","","A"
"6086","AS0314000C",1,9,NA,NA,3,NA,NA,NA,NA,0,6.01,"2/10/2017","12:59:00","1050I","N","N","CAMBRIDGE","UNK",2,2,NA,"","",NA,"","",NA,"","",NA,"","","",38.57143055,-76.07597977,2,0,1,"M",NA,3,NA,99,88,0,1,56,"P",0,NA,0,"",NA,"U",NA,0,NA,"5-May-40","1d79c6c2-6841-43ee-b284-0c12ea8a1312","","","","","B"
"6087","AS03170002",3,9,19,2,11,2,1,1,2,0,6.01,"02-09-2016","22:00:00","1057I","N","N","CAMBRIDGE","UNK",4,0,380,"MU","",0.06,"W","CROSS ST",0,"F","W",1250,"MU","","SCHOOL HOUSE LA",38.56715772,-76.08123153,1,0,1,"M",1,2,NA,2,6,0,2,51,"P",0,NA,0,"",NA,"N",NA,1,NA,"29-APR-94","33384ac6-e194-4088-ab38-4f7ac605780c","","","","","A"
"6088","AS03230006",1,9,19,2,8,2,NA,0,1,6,6.01,"08-15-2015","16:00:00","1057D","N","N","CAMBRIDGE","UNK",1,0,1370,"MU","",0.727,"N","STONE BOUNDARY RD",0,"F","N",1589,"MU","","HIBISCUS LN",38.55105497,-76.07390776,1,0,1,"M",1,1,NA,0,12.88,0,2,53,"P",0,NA,0,"",NA,"Y",NA,0,NA,"15-AUG-15","9fc6b459-5e5b-4346-acee-8a3e4caeb8ec","","","","",""
"6089","AS0323000F",6.02,9,19,2,17,2,1,1,1,0,0,"11-21-2015","17:15:00","1050","Y","N","CAMBRIDGE","UNK",3,0,1070,"MU","",0.4,"S","PINE ST",0,"F","S",343,"MD","","WASHINGTON ST",38.56372039,-76.08077288,1,0,1,"F",2,2,NA,2,2,1,1,51,"P",0,NA,0,"",NA,"Y",NA,0,NA,"23-MAY-55","d5697b1b-1cf5-4cb9-9ed8-506ad02f07ef","MD","N/A","","","A"
"6090","AS03300002",1,9,NA,NA,17,NA,NA,NA,NA,0,6.01,"03-02-2015","15:00:00","","N","N","CAMBRIDGE","UNK",3,0,NA,"","",NA,"","",NA,"","",NA,"","","",38.55390874,-76.05280817,1,0,1,"F",1,3,NA,3,6,0,1,88,"P",0,NA,0,"",NA,"",NA,0,NA,"04-APR-97","19dd2445-80ab-4f6e-bb98-6c1d42881a87","","","","",""
"6091","AS03310001",1,9,NA,NA,17,NA,NA,NA,NA,0,6.01,"01-16-2015","08:40:00","1050-I","N","N","CAMBRIDGE","UNK",3,0,NA,"","",NA,"","",NA,"","",NA,"","","",38.58004361,-76.09018743,1,0,1,"F",1,3,NA,0,4,1,1,57,"P",0,NA,0,"",NA,"",NA,0,NA,"10-JAN-07","281bc8d7-5c69-4ef1-b872-e5ff335ff12f","MD","","","","A"
"6092","AS0331000D",1,9,19,1,88,1,1,3,1,0,6.01,"10-18-2015","15:16:00","1050I","N","N","CAMBRIDGE","UNK",4,1,690,"MU","",1.008,"E","HIGH ST",20,"F","W",1020,"MU","","PARK LA",38.56809934,-76.08152926,1,0,1,"M",1,2,NA,3,88,99,2,63.88,"P",0,NA,0,"",NA,"U",NA,1,NA,"22-APR-03","de3c8b08-aa49-470a-a9a2-714a56b0ad1a","MD","","","","A"
"6093","AS0331000F",6.02,9,19,2,11,2,1,1,1,0,6.01,"11-05-2015","16:49:00","1050I","Y","N","CAMBRIDGE","UNK",4,0,20,"MU","",0.25,"N","ACADEMY ST",0,"F","N",1080,"MU","","PLEASANT ST",38.5662832,-76.07607365,1,0,1,"M",1,3,NA,3,10.88,0,2,51,"P",0,NA,0,"",NA,"Y",NA,1,NA,"11-JUN-03","164ca678-4ccc-464d-9e52-22008a1d37d1","MD","","","","A"
"6094","AS0332000P",1,9,NA,NA,88,NA,NA,NA,NA,0,6.01,"12/22/2016","15:54:00","","N","N","CAMBRIDGE","UNK",3,0,NA,"","",NA,"","",NA,"","",NA,"","","",38.553979,-76.05247289,1,0,1,"F",NA,3,NA,1,88,1,1,88,"P",0,NA,0,"",NA,"N",NA,1,NA,"18-Mar-51","69139336-fe4f-474d-b586-9b8847de6357","MD","C","","",""
"6095","AS0332000S",1,9,19,2,11,2,3,1,1,0,6.01,"5/19/2017","8:30:00","","Y","N","CAMBRIDGE","UNK",4,0,50,"US","",1.38,"E","SUNBURST HWY",0,"F","E",391,"MU","","CRUSADER RD #2",38.56094881,-76.06510475,1,0,1,"M",NA,1,NA,1,9.05,3,2,51,"P",0,NA,0,"",NA,"Y",NA,1,NA,"4-May-55","a95d42d1-5599-407c-af3a-ee4b255b0275","","","","",""
"6096","AS03330004",1,9,19,1,17,2,NA,0,0,0,6.01,"02-14-2016","07:00:00","1050PI","N","N","CAMBRIDGE","UNK",3,1,530,"MU","",0.8,"N","GLENBURN AVE",0,"U","N",0,"UU","","ROAD END",38.57365233,-76.08834743,1,0,1,"F",1,3,NA,3,88,88,1,88,"P",99,NA,99,"",NA,"N",NA,1,NA,"31-JUL-90","455948d6-41d5-445a-ba70-2ef4ac365a59","MD","","","",""
"6097","AS03330008",1,9,19,2,17,2,1,1,1,0,6.01,"04-13-2016","16:19:00","1050I","Y","N","CAMBRIDGE","UNK",1,0,240,"MU","",0.58,"W","CEDAR ST",0,"F","W",20,"MU","","ACADEMY ST",38.56541496,-76.07622385,1,0,2,"M",1,3,NA,3,3,99,2,63.88,"P",0,NA,0,"",NA,"U",NA,1,NA,"30-OCT-63","4443aeef-0f93-4594-a3df-bb0197c86bf8","MD","","","","A"
"6098","AS03330008",1,9,19,2,17,2,1,1,1,0,6.01,"04-13-2016","16:19:00","1050I","Y","N","CAMBRIDGE","UNK",1,0,240,"MU","",0.58,"W","CEDAR ST",0,"F","W",20,"MU","","ACADEMY ST",38.56541496,-76.07622385,1,0,2,"F",1,3,NA,3,3,99,1,63.88,"P",0,NA,0,"",NA,"U",NA,1,NA,"08-AUG-78","6faa906b-f8f7-454f-b217-882d9158594a","VA","","","","A"
"6099","AS0333000K",1,9,19,2,11,2,1,1,1,0,6.01,"09-17-2016","13:01:00","1050I","Y","N","CAMBRIDGE","UNK",4,1,343,"MD","",10.24,"E","WASHINGTON ST",0,"F","E",1070,"MU","","PINE ST",38.56329045,-76.08185649,1,0,1,"M",1,3,NA,2,6,3,2,51,"P",0,NA,0,"",NA,"Y",NA,1,NA,"11-MAY-08  00:00:00","7b6c23b5-0982-4279-a675-5b21f08c31d9","","","","","A"
"6100","AS03380004",1,9,19,2,88,2,1,1,2,0,6.01,"05-14-2016","13:38:00","1050I","Y","N","CAMBRIDGE","UNK",3,0,890,"MU","",0.13,"N","LOCUST ST",0,"F","N",940,"MU","","MILL ST",38.57240829,-76.07920848,1,0,1,"M",1,2,NA,1,5,0,1,51,"P",0,NA,0,"",NA,"N",NA,1,NA,"09-DEC-72","17286e88-8120-4562-b891-448d0bb459fd","MD","","","",""
"6101","AS0338000B",1,9,19,2,88,1,1,1,1,0,7.01,"4/6/2017","16:54:00","10-50I","N","N","CAMBRIDGE","UNK",3,0,343,"MD","",10.49,"E","WASHINGTON ST",0,"F","E",920,"MU","","MEADOW AVE",38.56264658,-76.07651353,1,0,1,"M",1,4,NA,3,10.88,1,1,52,"P",0,NA,0,"",NA,"Y",NA,1,NA,"14-Sep-05","d4faf185-aa19-483a-80ce-84b134130654","","","","","A"
"6102","AS0340000G",1,9,19,0,17,2,1,1,2,0,6.01,"4/18/2017","17:41:00","1050I","N","N","CAMBRIDGE","UNK",3,3,1020,"MU","",0.12,"N","PARK LA",1,"M","N",1300,"MU","","SKINNERS CT",38.5696512,-76.08287573,1,0,3,"F",0,2,NA,0,0,0,1,54,"P",0,NA,0,"",NA,"N",NA,0,NA,"3-Sep-14","5ecabde2-92ea-47a4-a05c-c339075ed392","","","","","A"
"6103","AS0340000G",1,9,19,0,17,2,1,1,2,0,6.01,"4/18/2017","17:41:00","1050I","N","N","CAMBRIDGE","UNK",3,3,1020,"MU","",0.12,"N","PARK LA",1,"M","N",1300,"MU","","SKINNERS CT",38.5696512,-76.08287573,1,0,3,"F",0,2,NA,2,88,0,1,54,"P",0,NA,0,"",NA,"N",NA,0,NA,"12-Apr-75","762735db-f59d-41e8-a83e-457f9952f2ad","MD","C","","","A"
"6104","AS0340000G",1,9,19,0,17,2,1,1,2,0,6.01,"4/18/2017","17:41:00","1050I","N","N","CAMBRIDGE","UNK",3,3,1020,"MU","",0.12,"N","PARK LA",1,"M","N",1300,"MU","","SKINNERS CT",38.5696512,-76.08287573,1,0,3,"F",0,1,NA,2,88,0,1,54,"P",0,NA,0,"",NA,"N",NA,0,NA,"23-Aug-85","3ce54721-a28e-426f-8ead-b6add233483c","MD","C","","","A"
"6105","AS03410004",1,9,19,2,11,2,1,1,3,0,6.01,"09-14-2016","12:30:00","","N","N","CAMBRIDGE","UNK",4,0,240,"MU","",0.26,"W","CEDAR ST",0,"F","W",1410,"MU","","TRENTON ST",38.56467569,-76.07032299,1,0,1,"M",99,3,NA,3,10.88,0,2,54,"P",0,NA,0,"",NA,"Y",NA,0,NA,"28-JUL-59  00:00:00","95b83922-6de1-47da-920a-f826f79254ab","MD","","","","A"
"6106","AS0341000F",1,9,19,2,17,2,1,1,3,0,6.01,"6/6/2017","19:04:00","","N","N","CAMBRIDGE","UNK",3,0,343,"MD","",10.09,"E","WASHINGTON ST",0,"F","E",1060,"MU","","PHILLIPS ST",38.56423631,-76.0834001,1,0,1,"F",0,4,NA,3,5,1,1,51,"P",0,NA,0,"",NA,"N",NA,1,NA,"28-Sep-09","cb9da666-e780-45fd-b7f7-9192454d57c4","","","","","A"
"6107","AS03460003",1,9,NA,NA,88,NA,NA,NA,NA,0,6.01,"6/26/2017","10:42:00","1050I","N","N","CAMBRIDGE","UNK",3,0,NA,"","",NA,"","",NA,"","",NA,"","","",38.55387098,-76.05298251,1,0,1,"F",1,4,NA,3,5,1,1,54,"P",0,NA,0,"",NA,"N",NA,1,NA,"11-Aug-67","7a119181-43e5-49c5-8b73-f53c25de7a9d","","","","","A"
"6108","AT10120002",4,16,NA,6.01,11,2,NA,1,1,0,6.01,"12/26/2016","21:45:00","","N","N","CAPITOLHEIGHTS","UNK",3,3,NA,"","",0,"E","DAVEY ST",0,"F","E",NA,"","","SOUTHERN AVE",38.88896078,-76.91434309,1,0,1,"F",NA,3,NA,2,9.05,1,1,51,"P",0,NA,0,"",NA,"N",NA,0,NA,"22-Dec-95","4600ecac-b4bd-4993-9db5-3bf14548f38a","","","","",""
"6109","AT10130003",3,16,NA,3,17,0,NA,1,1,88,6.01,"03-02-2016","22:57:00","0322","N","N","CAPITOLHEIGHTS","UNK",3,0,NA,"","",0,"","DAVEY STREET",0,"U","N",NA,"","","SOUTHERN AVE",38.88881151,-76.91343784,1,0,1,"F",1,3,NA,2,9.05,0,1,51,"P",0,NA,0,"",NA,"U",NA,1,NA,"17-JUN-86","b51b2cb7-a196-43f8-b6be-c628e4911a1e","DC","","","","A"
"6110","AT93250001",3,16,20,2,0,2,NA,1,3,0,6.01,"12-27-2015","18:06:00","","Y","N","CAPITOLHEIGHTS","UNK",3,0,332,"MD","",0.16,"E","CENTRAL AVE",0,"F","E",4610,"CO","","CHAMBER AVE",38.88498875,-76.91548839,1,0,1,"M",1,3,NA,2,5,99,1,51,"P",0,NA,0,"",NA,"U",NA,1,NA,"21-DEC-55","7a1ab865-298d-46d1-889a-02484914faee","","","","","A"
"6111","AV10280009",1,17,0,1,88,2,1,1,2,0,0,"08-05-2015","09:15:00","CPD023","N","N","CENTREVILLE","UNK",1,2,213,"MD","",7.204,"N","S COMMERCE ST",250,"F","N",315,"MU","","RIDGEVIEW AVE",39.04050922,-76.07123025,1,0,1,"F",0,1,NA,0,2,88,88,88,"P",88,0,0,"",0,"N",NA,0,NA,"07-NOV-83","f6fb37c9-6e1f-44de-ba40-88e536c827d8","MD","C","","",""