"UNIQUE_ID","REPORT_NO","LIGHT_CODE","COUNTY_NO","MUNI_CODE","JUNCTION_CODE","COLLISION_TYPE_CODE","SURF_COND_CODE","LANE_CODE","RD_COND_CODE","RD_DIV_CODE","FIX_OBJ_CODE","WEATHER_CODE","ACC_DATE","ACC_TIME","LOC_CODE","SIGNAL_FLAG","C_M_ZONE_FLAG","AGENCY_CODE","AREA_CODE","HARM_EVENT_CODE1","HARM_EVENT_CODE2","RTE_NO","ROUTE_TYPE_CODE","RTE_SUFFIX","LOG_MILE","LOGMILE_DIR_FLAG","MAINROAD_NAME","DISTANCE","FEET_MILES_FLAG","DISTANCE_DIR_FLAG","REFERENCE_NO","REFERENCE_TYPE_CODE","REFERENCE_SUFFIX","REFERENCE_ROAD_NAME","LATITUDE","LONGITUDE","drv","occ","ped","SEX_CODE","CONDITION_CODE","INJ_SEVER_CODE","OCC_SEAT_POS_CODE","PED_VISIBLE_CODE","PED_LOCATION_CODE","PED_OBEY_CODE","PED_TYPE_CODE","MOVEMENT_CODE","PERSON_TYPE","ALCOHOL_TEST_CODE","ALCOHOL_TESTTYPE_CODE","DRUG_TEST_CODE","DRUG_TESTRESULT_CODE","BAC_CODE","FAULT_FLAG","EQUIP_PROB_CODE","SAF_EQUIP_CODE","EJECT_CODE","DATE_OF_BIRTH","PERSON_ID","LICENSE_STATE_CODE","CLASS","CDL_FLAG","VEHICLE_ID","EMS_UNIT_LABEL"
"6112","AV10610003",1,17,NA,2,17,2,NA,1,2,0,6.01,"06-23-2015","13:38:00","","Y","N","CENTREVILLE","UNK",3,0,213,"MD","",15.289,"S","LIBERTY ST (SB COUPLET)",0,"F","S",60,"MU","","BROADWAY",39.04546932,-76.06584907,1,0,1,"M",99,4,NA,3,5,2,1,51,"P",0,NA,0,"",NA,"",NA,1,NA,"15-APR-83","3a28aaf9-6237-47df-847b-7576b03c071e","DC","","","","A"
"6113","AV10610007",1,17,NA,NA,17,NA,NA,NA,NA,0,6.01,"09-19-2015","13:01:00","","N","N","CENTREVILLE","UNK",3,0,NA,"","",NA,"","",NA,"","",NA,"","","",39.04205291,-76.06749058,1,0,1,"F",1,2,NA,1,88,0,1,88,"P",0,NA,0,"",NA,"N",NA,1,NA,"17-MAY-89","d69e4dc5-8df5-4104-b88f-1f01dc19c22b","MD","C","","","A"
"6114","AV1061000B",3,17,23,0,17,0,1,1,1,0,6.01,"12-04-2015","19:27:00","","N","N","CENTREVILLE","UNK",3,3,240,"MU","",0.12,"W","KIDWELL AVE",200,"F","W",160,"MU","","GREEN ST",39.03941966,-76.05877876,1,0,1,"M",99,4,NA,3,88,0,88,88,"P",0,NA,0,"",NA,"Y",NA,1,NA,"29-MAR-09","67c6a2e1-2950-499e-a5bb-25b7fe9f1607","","","","","A"
"6115","AV10640002",1,17,23,0,10,2,1,1,2,0,6.01,"4/12/2017","11:00:00","","Y","N","CENTREVILLE","UNK",4,0,267,"OP","",0.12,"W","SYMPHONY WAY",10,"F","W",0,"UU","","ROUNDABOUT",39.0484273,-76.06184721,1,0,1,"M",NA,3,NA,4,88,99,2,53,"P",0,NA,0,"",NA,"N",NA,25.88,NA,"14-Mar-38","a8df8cfd-ed1e-4592-ba4a-292d23e60410","MD","C","","",""
"6116","AV10650002",1,17,NA,NA,17,NA,NA,NA,NA,0,6.01,"09-13-2016","17:55:00","","N","N","CENTREVILLE","UNK",3,3,NA,"","",NA,"","",NA,"","",NA,"","","",39.03145264,-76.075387,1,0,1,"M",1,3,NA,1,88,1,1,88,"P",0,NA,0,"",NA,"N",NA,0,NA,"22-MAY-66  00:00:00","8d622685-9e96-4114-9a75-490ac50d20d8","MD","C","","",""
"6117","AV1065000F",4,17,23,1,88,1,1,1,1,0,3,"5/12/2017","20:20:00","","N","N","CENTREVILLE","UNK",3,0,304,"MD","",3.43,"E","WATER ST",20,"F","E",285,"MU","","PENNSYLVANIA AVE",39.04302785,-76.06281817,1,0,1,"M",1,2,NA,2,6,1,1,52,"P",0,NA,0,"",NA,"Y",NA,0,NA,"3-Sep-91","4170e596-3c6b-455d-9563-193bb37594a5","MD","C","","",""
"6118","AX07040007",1,14,27,2,11,2,NA,1,3,0,6.01,"06-08-2016","17:16:00","","Y","N","CHESTERTOWN","UNK",4,0,213,"MD","",0.74,"N","WASHINGTON AVE",0,"F","N",40,"MU","","CAMPUS AVE",39.21558251,-76.06646866,1,0,1,"M",1,3,NA,3,9.05,99,2,63.88,"P",0,NA,0,"",NA,"U",NA,1,NA,"12-MAR-02","88695600-45d3-4bae-9122-86d6f8e9e908","MD","","","","A"
"6119","AX07120001",1,14,NA,3,17,2,NA,1,1,0,0,"03-25-2015","15:34:00","","N","N","CHESTERTOWN","UNK",3,0,213,"MD","",0.74,"N","WASHINGTON AVE",0,"F","N",40,"MU","","CAMPUS AVE",39.219591,-76.06756,1,0,1,"F",1,3,NA,0,5,2,1,51,"P",0,NA,0,"",NA,"",NA,0,NA,"29-JUL-93","3f78b44b-a613-4a78-b161-c238ce132aab","","","","","A"
"6120","AX10150002",1,14,NA,NA,88,NA,NA,NA,NA,0,6.01,"01-22-2016","14:00:00","","N","N","CHESTERTOWN","UNK",10,0,NA,"","",NA,"","",NA,"","",NA,"","","",39.2254341,-76.06907308,1,0,1,"M",99,2,NA,99,88,99,1,88,"P",99,NA,99,"",NA,"N",NA,99,NA,"12-JUN-80","34284b18-0638-40c0-9b00-4d7e3aaf3938","","","","",""
"6121","AX12130004",1,14,27,2,88,2,NA,1,88,0,6.01,"08-13-2015","08:50:00","","Y","N","CHESTERTOWN","UNK",3,3,213,"MD","",0.37,"N","MAPLE AVE",0,"F","N",289,"MD","","CROSS ST",39.21064425,-76.06487945,1,0,2,"M",99,4,NA,3,5,99,1,51,"P",99,NA,99,"",NA,"U",NA,0,NA,"17-MAR-33","3cb164a8-707d-4791-b293-4ea15b47b40b","","","","","A"
"6122","AX12130004",1,14,27,2,88,2,NA,1,88,0,6.01,"08-13-2015","08:50:00","","Y","N","CHESTERTOWN","UNK",3,3,213,"MD","",0.37,"N","MAPLE AVE",0,"F","N",289,"MD","","CROSS ST",39.21064425,-76.06487945,1,0,2,"F",1,4,NA,3,5,99,1,51,"P",99,NA,99,"",NA,"U",NA,0,NA,"17-OCT-37","3ad83404-e28d-414f-9d03-489f5afdb576","","","","","B"
"6123","AZ16740017",3,16,NA,NA,88,NA,NA,NA,NA,0,7.01,"11/16/2016","18:03:00","","N","N","CHEVERLY","UNK",3,0,NA,"","",NA,"","",NA,"","",NA,"","","",38.93584627,-76.9183825,1,0,1,"F",2,2,NA,2,3,0,1,63.88,"P",0,NA,0,"",NA,"N",NA,1,NA,"27-Mar-59","59fd6d37-218b-43c7-9f6b-22a098435d54","","","","","A"
"6124","AZ16870013",3,16,28,2,17,2,1,1,1,0,6.01,"07-16-2015","20:50:00","","Y","N","CHEVERLY","UNK",3,0,200,"MU","",0.21,"N","KILMER ST",0,"F","N",621,"MU","","62ND PL",38.93152216,-76.90923214,1,0,1,"M",1,4,NA,3,10.88,1,1,51,"P",0,NA,0,"",NA,"N",NA,0,NA,"13-JAN-66","b1c07277-174e-4cc1-84c7-147fe452b763","DC","ID","","","A"
"6125","AZ16870016",3,16,0,1,17,2,3,1,4,0,6.01,"09-11-2015","22:50:00","","N","N","CHEVERLY","UNK",4,0,202,"MD","",13.6,"N","LANDOVER RD",100,"F","S",258,"CO","","57TH AVE",38.93614566,-76.9195962,1,0,1,"F",1,3,NA,7,6,1,2,53,"P",0,NA,0,"",NA,"N",NA,21,NA,"04-APR-91","f110cf56-1189-41cd-af1f-12593f92e794","DE","d","","","A"
"6126","AZ1687001Q",4,16,0,5.01,17,2,NA,1,2,0,0,"09-03-2016","20:35:00","","N","N","CHEVERLY","UNK",3,0,50,"RP","",0,"S","RAMP 8 FR MD 202 SB TO US 50 WB",50,"F","S",202,"MD","","LANDOVER RD",38.93128847,-76.90005898,1,3,1,"F",1,3,NA,2,5,1,1,52,"P",0,NA,0,"",NA,"N",NA,1,NA,"28-SEP-94  00:00:00","102ed332-d66c-4309-b1bb-bc0eadba9170","MD","C","","","A"
"6127","AZ1688000B",1,16,NA,NA,88,NA,NA,NA,NA,0,6.01,"10-31-2015","17:45:00","","N","N","CHEVERLY","UNK",3,0,NA,"","",NA,"","",NA,"","",NA,"","","",38.9321481,-76.90011263,1,0,1,"M",1,2,NA,1,88,0,1,88,"P",0,NA,0,"",NA,"N",NA,1,NA,"18-FEB-60","e83c612c-6fd1-48a4-8887-d82a64a2779f","MD","D","","","A"
"6128","AZ1691000G",3,16,28,2,0,1,2,1,4,0,3,"10-09-2015","18:50:00","","Y","N","CHEVERLY","UNK",3,0,202,"MD","",12.59,"N","LANDOVER RD",0,"F","N",205,"MU","","KILMER ST",38.93215645,-76.90204382,1,0,1,"F",1,3,NA,3,5,2,1,51,"P",0,NA,0,"",NA,"N",NA,0,NA,"28-MAR-49","a1da8cd1-feeb-455f-a5c6-4a1e62251578","MD","c","","","A"
"6129","BC01430006",1,19,NA,2,17,2,2,1,0,0,6.01,"06-23-2015","18:54:00","","N","N","CRISFIELD","UNK",4,0,413,"MD","",13.14,"S","MARYLAND AVE (SB COUPLET)",0,"F","S",NA,"UU","","ENT TO BUSINESS",37.99099657,-75.84413767,1,0,1,"F",NA,4,NA,0,1,0,2,0,"P",0,NA,0,"",NA,"",NA,1,NA,"16-APR-81","b1f6eea2-5368-49bd-b706-8bd68bc2eaca","","","","",""
"6130","BD02020007",1,1,NA,2,17,2,NA,1,1,0,6.01,"03-19-2015","14:07:00","","N","N","CUMBERLAND","UNK",0,3,2690,"MU","",0.19,"N","PARK ST",0,"F","N",1641,"MU","","HARRISON ST (#1)",39.65090513,-78.75715613,1,0,1,"M",NA,5,NA,3,6,1,1,56,"P",0,NA,0,"",NA,"",NA,1,NA,"28-AUG-53","055abb90-8de5-44c8-98e7-9dc01aff87a8","","","","","B"
"6131","BD02020008",1,1,NA,2,17,2,NA,1,1,0,6.01,"06-29-2015","15:34:00","","Y","N","CUMBERLAND","UNK",3,0,2690,"MU","",0,"N","PARK ST",0,"F","N",3852,"MU","","WILLIAMS ST #2",39.64816254,-78.75720978,1,0,1,"M",NA,3,NA,3,10.88,88,1,51,"P",0,NA,0,"",NA,"N",NA,0,NA,"15-JAN-76","2836a528-3726-4ad0-92ad-65264c77449d","","","","",""
"6132","BD02050007",1,1,NA,2,17,1,1,1,1,0,8.04,"01-26-2015","15:09:00","","Y","N","CUMBERLAND","UNK",3,0,3790,"MU","",0.55,"S","WEMPE DR",0,"F","S",51,"MD","","INDUSTRIAL BLVD",39.63138663,-78.7569952,1,0,1,"F",99,3,NA,2,6,1,1,51,"P",0,NA,0,"",NA,"",NA,0,NA,"03-AUG-83","414508a9-8b90-4c3e-ad45-9335dccaf0c0","","","","","A"
"6133","BD0213000K",1,1,NA,1,17,2,NA,1,2,2,6.01,"06-17-2015","11:12:00","","N","N","CUMBERLAND","UNK",9,0,51,"MD","",1.36,"E","INDUSTRIAL BLVD",2,"F","E",7390,"MU","","ALLEY #139",39.63320859,-78.7631321,1,0,1,"F",1,1,NA,0,15.88,0,88,0,"P",0,NA,0,"",NA,"N",NA,0,NA,"03-SEP-56","99d2b6e7-d61e-4f62-8a80-c430f43b5c2d","","","","",""
"6134","BD02130012",3,1,41,2,17,1,1,1,1,0,3,"1/17/2017","18:45:00","","N","N","CUMBERLAND","UNK",3,0,2320,"MU","",0.53,"N","MARYLAND AVE",0,"F","N",1840,"MU","","JEFFERSON ST",39.6458768,-78.75584185,1,1,1,"M",99,4,NA,3,6,1,1,56,"P",0,NA,0,"",NA,"U",NA,1,NA,"6-Oct-64","fef5a739-7ec5-44fc-9e27-743eaa035712","","","","","A"
"6135","BD02130019",1,1,41,2,17,2,1,1,1,0,6.01,"6/7/2017","12:16:00","","N","N","CUMBERLAND","UNK",4,0,3690,"MU","",0.14,"S","VIRGINIA AVE",0,"F","S",1310,"MU","","E FIRST ST",39.63780975,-78.76222819,1,0,1,"M",1,4,NA,3,6,0,2,53,"P",0,NA,0,"",NA,"N",NA,1,NA,"10-Dec-77","d01c7bc4-fad1-429c-a0a5-be37f79998b4","","","","","A"
"6136","BD0214000N",1,1,41,0,17,2,1,1,3,0,0,"04-16-2016","13:39:00","041","N","N","CUMBERLAND","UNK",3,0,2630,"MU","",0.61,"S","OLDTOWN RD",2,"F","N",2150,"MU","","LOUISIANA AVE",39.63913273,-78.75473946,1,0,1,"F",5,3,NA,99,9.05,1,1,52,"P",0,NA,0,"",NA,"Y",NA,1,NA,"03-JUL-92","065f36ba-17ad-46fa-bdf6-0bd74b480737","","","","","A"
"6137","BD02220007",3,1,NA,2,0,2,1,1,2,0,0,"06-19-2015","23:47:00","","N","N","CUMBERLAND","UNK",3,0,1510,"MU","",0,"N","GLENN ST",0,"F","N",40,"US","","FRONT ST",39.65338017,-78.75872254,1,0,1,"M",0,2,NA,1,5,0,1,0,"P",0,NA,0,"",NA,"",NA,0,NA,"10-SEP-67","2c6851df-7c05-4d51-94cc-e7f1f6640531","","","","","A"
"6138","BE00710008",1,16,NA,9.04,2,2,1,1,1,0,6.01,"01-08-2015","10:37:00","","N","N","DISTHEIGHTS","UNK",3,0,3074,"CO","",2.56,"S","MARLBORO PIKE",100,"F","S",240,"MU","","KIPLING PKWY",38.8537894,-76.89782739,1,0,1,"M",1,3,NA,1,6,1,1,52,"P",0,NA,0,"",NA,"",NA,1,NA,"23-MAY-79","d768f33c-aee7-4b89-be57-6ecebc30be8b","MD","C","","","A"
"6139","BEP9674000R",1,3,0,1,17,2,1,1,3,0,6.01,"5/14/2017","12:29:00","","N","N","BALTOENVIR","UNK",4,0,3334,"CO","",1.01,"S","PROVIDENCE RD",0.1,"M","N",3861,"CO","","DUNELLEN DR",39.42649744,-76.56009436,1,0,1,"M",NA,3,NA,3,1,0,2,53,"P",0,NA,0,"",NA,"N",NA,21,NA,"30-Jul-71","ec4eeba2-2948-4468-9c7d-9a43c7372de9","MD","","","","A"
"6140","BJ00750005",6.02,20,49,1,11,2,1,1,0,0,6.01,"09-24-2015","19:03:00","","N","N","EASTON","UNK",1,0,9132,"MU","",0.13,"W","SCOTTS ALLEY #2",10,"F","W",810,"MU","","PARRIS LA",38.77642116,-76.06633991,1,0,1,"M",1,2,NA,0,88,0,2,55,"P",0,NA,0,"",NA,"Y",NA,1,NA,"01-AUG-12","52011e72-425d-413f-b930-f5385ea99bcd","","","","","A"
"6141","BJ0075000K",1,20,49,2,17,2,1,1,1,0,6.01,"10/24/2016","14:55:00","","Y","N","EASTON","UNK",3,0,280,"MU","",0.34,"W","DOVER ST",0,"F","W",470,"MU","","HARRISON ST",38.77420253,-76.07473254,1,0,1,"M",1,3,NA,3,9.05,2,1,51,"P",0,NA,0,"",NA,"N",NA,1,NA,"15-Sep-41","31897ecd-4d77-415a-bc03-90ca7c9eb1a4","","","","","A"
"6142","BJ0117000J",1,20,NA,NA,17,NA,NA,NA,NA,0,6.01,"08-08-2016","15:00:00","","N","N","EASTON","UNK",3,0,NA,"","",NA,"","",NA,"","",NA,"","","",38.77271992,-76.07631236,1,0,1,"F",NA,3,NA,99,88,0,1,88,"P",0,NA,0,"",NA,"U",NA,99,NA,"15-SEP-65  00:00:00","1e6bc183-f9f0-45b6-bcd0-ada718f78c34","MD","","","",""
"6143","BJ0146001J",1,20,49,2,0,2,1,1,1,0,0,"12-12-2015","14:26:00","","N","N","EASTON","UNK",4,0,430,"MU","",0.44,"E","GOLDSBOROUGH ST",0,"F","E",310,"MU","","EAST AVE",38.77591722,-76.06826305,1,0,1,"M",2,2,NA,3,6,0,2,53,"P",0,NA,0,"",NA,"N",NA,99,NA,"16-JUL-62","dccbc37b-0984-4def-aeb0-f4832b64c5e2","MD","","","",""
"6144","BJ0146001M",3,20,49,2,88,2,1,1,3,88,6.01,"12-26-2015","19:16:00","","Y","N","EASTON","UNK",3,0,50,"US","",12.38,"E","OCEAN GATEWAY",0,"F","E",293,"MU","","DUTCHMANS LA",38.75958003,-76.06200546,1,3,1,"F",1,5,NA,2,5,3,1,51,"P",0,NA,0,"",NA,"Y",NA,1,NA,"24-OCT-33","c410f66a-d75a-4178-acf0-f92d8f0b13f3","","","","","A"
"6145","BJ0146001N",4,20,49,1,88,1,2,1,4,0,3,"12-26-2015","06:15:00","","N","N","EASTON","UNK",3,0,50,"US","",12.75,"E","OCEAN GATEWAY",75,"F","W",1005,"MU","","THIRD ST",38.75481955,-76.06357992,1,0,1,"F",NA,4,NA,2,6,1,1,53,"P",0,NA,0,"",NA,"Y",NA,1,NA,"26-SEP-87","9b602738-a784-4f1a-b2b4-f77832d6b152","MD","","","","A"
"6146","BJ0146003N",3,20,49,2,88,2,3,1,3,0,0,"6/12/2017","22:54:00","","Y","N","EASTON","UNK",3,0,50,"US","",11.49,"E","OCEAN GATEWAY",0,"F","E",277,"MU","","DOVER RD",38.77243657,-76.06034786,1,1,1,"M",99,4,NA,2,6,1,1,51,"P",0,NA,0,"",NA,"Y",NA,1,NA,"20-Jul-99","e34552a6-acad-4b98-b6fb-45ad50e08de3","MD","C","","","A"
"6147","BJ0154000C",1,20,NA,1,88,0,NA,1,2,0,0,"07-01-2015","18:22:00","BJ8020","N","N","EASTON","UNK",3,0,NA,"MU","",0.3,"S","HIGGINS ST",5,"F","S",NA,"MU","","SOUTH LA",38.77315697,-76.07000113,1,0,1,"M",1,3,NA,2,6,0,2,52,"P",0,NA,0,"",NA,"",NA,1,NA,"29-DEC-09","13338054-a9f5-49bf-a4bb-b211afa7a8a1","","","","",""
"6148","BJ0154000Q",3,20,49,0,17,1,1,1,1,0,3,"11-19-2015","19:25:00","BJ8020","N","N","EASTON","UNK",4,0,280,"MU","",0.12,"W","DOVER ST",1,"U","E",620,"MU","","LOCUST LA",38.77437818,-76.07070923,1,0,1,"M",1,3,NA,3,6,1,2,56,"P",0,NA,0,"",NA,"Y",NA,0,NA,"20-JAN-88","a4192f77-8bf0-46a5-9848-47898672ba5e","","","","","A"
"6149","BJ0155000Q",1,20,NA,NA,88,NA,NA,NA,NA,88,6.01,"09-28-2015","11:25:00","","N","N","EASTON","UNK",3,0,NA,"","",NA,"","",NA,"","",NA,"","","",38.77938828,-76.08202815,1,0,1,"M",1,1,NA,1,88,1,1,56,"P",0,NA,0,"",NA,"N",NA,1,NA,"26-AUG-86","596166cb-c177-4e67-884d-da114a48f71b","MD","c","","",""
"6150","BJ01550012",3,20,NA,NA,88,NA,NA,NA,NA,0,0,"11-27-2015","22:25:00","","N","N","EASTON","UNK",2,0,NA,"","",NA,"","",NA,"","",NA,"","","",38.7590948,-76.06156826,2,0,1,"M",1,1,NA,88,88,88,88,88,"P",0,NA,0,"",NA,"Y",NA,88,NA,"02-FEB-76","57956a58-6970-4804-b6c3-dabef1edb598","","","","",""
"6151","BJ0155001L",1,20,49,2,88,2,1,1,1,0,6.01,"03-25-2016","16:37:00","","N","N","EASTON","UNK",3,0,500,"MU","",0.07,"W","HIGH ST",0,"F","W",8020,"MU","","BRAINARD LA",38.76947648,-76.06157899,1,0,1,"M",1,2,NA,2,5,1,3,51,"P",0,NA,0,"",NA,"N",NA,1,NA,"20-JUL-98","f9e9893c-c1ce-4f0c-bd26-bf7c8254d41d","","","","","A"
"6152","BJ01550029",1,20,NA,NA,17,NA,NA,NA,NA,0,7.01,"09-01-2016","09:47:00","","N","N","EASTON","UNK",3,0,NA,"","",NA,"","",NA,"","",NA,"","","",38.7727722,-76.0539186,1,0,1,"F",1,2,NA,3,88,1,1,88,"P",0,NA,0,"",NA,"N",NA,1,NA,"03-OCT-36  00:00:00","ac74899e-49ce-4992-a440-dd698024e25e","","","","",""
"6153","BJ01550040",1,20,49,3,6,2,1,1,1,0,6.01,"4/3/2017","18:10:00","","N","N","EASTON","UNK",1,0,280,"MU","",0.08,"W","DOVER ST",5,"F","W",490,"MU","","HIGGINS ST",38.7740687,-76.07022643,1,0,1,"M",1,3,NA,2,6,1,2,53,"P",0,NA,0,"",NA,"Y",NA,1,NA,"26-Mar-85","8b64b79c-cebd-4e0a-ad37-c856423e346d","","","","","A"
"6154","BJ0159000V",1,20,49,3,17,2,1,1,2,0,6.01,"09-01-2015","09:59:00","","Y","N","EASTON","UNK",3,0,430,"MU","",0,"E","GOLDSBOROUGH ST",3,"F","E",1091,"MU","","WASHINGTON ST",38.77559937,-76.07607365,1,0,1,"F",1,3,NA,3,5,1,1,51,"P",0,NA,0,"",NA,"Y",NA,1,NA,"31-JUL-30","0a0eaea9-4a21-4fb1-a454-4aa6d4dea5ab","","","","","A"
"6155","BJ0159000Z",1,20,49,1,17,0,1,1,1,0,6.01,"09-15-2015","11:23:00","","N","N","EASTON","UNK",3,0,322,"MD","",2.41,"N","EASTON PKWY",500,"F","S",334,"MD","","PORT ST",38.76846431,-76.08616948,1,0,1,"M",1,2,NA,3,1,1,2,53,"P",0,NA,0,"",NA,"N",NA,21,NA,"05-JUN-39","1498ab3a-8561-4f01-84d8-61d2a4ed3b0c","","","","","A"
"6156","BJ0159001M",1,20,NA,NA,17,NA,NA,NA,NA,0,7.01,"12-30-2015","16:29:00","","N","N","EASTON","UNK",3,0,NA,"","",NA,"","",NA,"","",NA,"","","",38.77198018,-76.05631717,1,1,1,"M",1,4,NA,3,88,0,1,55,"P",0,NA,0,"",NA,"Y",NA,0,NA,"21-SEP-05","1cb90b56-15ec-4310-be94-e8aaa2732fa6","","","","","A"
"6157","BJ0159001V",1,20,49,2,17,1,1,1,1,0,7.01,"02-24-2016","15:20:00","","Y","N","EASTON","UNK",4,0,310,"MU","",0,"N","EAST AVE",0,"F","N",277,"MU","","DOVER RD",38.7738805,-76.06815577,1,0,1,"M",1,3,NA,3,3,1,2,51,"P",0,NA,0,"",NA,"Y",NA,1,NA,"27-JAN-53","f16a0140-e6ab-4253-9959-8fc6cd51c6ef","","","","",""
"6158","BJ01590035",1,20,NA,NA,17,NA,NA,NA,NA,0,3,"1/17/2017","15:16:00","","N","N","EASTON","UNK",3,0,NA,"","",NA,"","",NA,"","",NA,"","","",38.77290394,-76.05498612,1,0,1,"F",1,3,NA,2,11.05,0,1,88,"P",0,NA,0,"",NA,"N",NA,0,NA,"20-Dec-25","661eb424-5211-48eb-9575-0183d0b12cca","","","","","A"
"6159","BJ0159003G",1,20,49,3,17,2,2,1,4,0,7.01,"3/28/2017","12:12:00","","Y","N","EASTON","UNK",3,0,50,"US","",12.38,"E","OCEAN GATEWAY",100,"F","E",293,"MU","","DUTCHMANS LA",38.75934787,-76.06205106,1,1,1,"M",99,4,NA,3,6,1,1,52,"P",0,NA,0,"",NA,"Y",NA,0,NA,"17-Apr-85","6e6f3b67-87b2-4773-b1cc-e392b2b1a6a9","MD","C","","","A"
"6160","BJ0159003P",1,20,49,3,17,2,1,1,1,0,6.01,"5/9/2017","9:16:00","","N","N","EASTON","UNK",3,0,1090,"MU","",1.41,"N","S WASHINGTON ST",50,"F","S",280,"MU","","DOVER ST",38.77428199,-76.07622385,1,0,1,"M",1,3,NA,2,6,0,1,57,"P",0,NA,0,"",NA,"N",NA,0,NA,"8-Jul-80","655794d3-f026-4f9b-baad-a083004dfb09","","","","","A"
"6161","BJ0165001G",1,20,49,2,9,2,1,1,1,0,6.01,"09-07-2015","11:45:00","BJ8020","N","N","EASTON","UNK",1,0,333,"MD","",8.68,"N","OXFORD RD",0,"F","N",93,"CO","","WAVERLY RD",38.75172381,-76.08603001,1,2,1,"M",1,2,NA,1,6,1,2,51,"P",0,NA,0,"",NA,"N",NA,21,NA,"19-AUG-49","fc8d5bcc-37b6-4c5f-a7e4-6054513a4d31","","","","","A"
"6162","BJ0165001X",3,20,NA,NA,6,NA,NA,NA,NA,0,3,"12-01-2015","20:08:00","BJ8020","N","N","EASTON","UNK",2,3,NA,"","",NA,"","",NA,"","",NA,"","","",38.78107984,-76.07786,1,1,1,"M",1,3,NA,1,88,0,1,57,"P",0,NA,0,"",NA,"N",NA,1,NA,"21-JUN-94","edc49489-c257-4a62-a6c5-5fa56c192b07","","","","","A"
"6163","BJ0167001T",1,20,49,2,17,2,2,1,1,0,6.01,"10-15-2015","17:58:00","","Y","N","EASTON","UNK",3,4,215,"MU","",0.08,"N","CHAPEL RD",0,"F","N",239,"MU","","CRABAPPLE CT",38.79063671,-76.06570959,1,0,1,"M",1,3,NA,3,6,0,2,54,"P",0,NA,0,"",NA,"Y",NA,26.88,NA,"12-DEC-47","09797e7e-dbd9-4721-b043-9f8e14de9ace","","","","","A"
"6164","BJ0167001Y",1,20,49,2,17,1,2,1,1,0,3,"11-19-2015","16:00:00","","Y","N","EASTON","UNK",3,0,80,"MU","",0.77,"S","AURORA ST",0,"F","S",922,"MU","","SOUTH ST #2",38.77245435,-76.07139587,1,0,1,"M",99,3,NA,1,5,1,1,51,"P",0,NA,0,"",NA,"N",NA,1,NA,"22-JUL-85","04bc6906-e2a7-4dff-98c1-6e2e9c0930ad","","","","",""
"6165","BJ0167002B",3,20,49,2,17,2,2,1,1,0,7.01,"01-30-2016","18:11:00","","Y","N","EASTON","UNK",3,0,280,"MU","",0.43,"W","DOVER ST",0,"F","W",1090,"MU","","S WASHINGTON ST",38.77443255,-76.0762842,1,1,1,"F",1,3,NA,1,5,1,1,51,"P",0,NA,0,"",NA,"N",NA,1,NA,"08-AUG-43","4129915e-babd-42cc-9fb5-46239597c8e2","","","","","A"
"6166","BJ0167003M",1,20,49,1,88,2,NA,1,1,0,6.01,"6/9/2017","14:47:00","","N","N","EASTON","UNK",5,0,322,"MD","",4.72,"N","EASTON PKWY",0.25,"M","N",0,"UU","","SPUR FR WASHINGTON ST",38.79735147,-76.06249094,1,0,1,"M",1,4,NA,3,88,1,2,52,"P",0,NA,0,"",NA,"Y",NA,1,NA,"18-Mar-89","60e554f3-8c87-43da-9f71-5b42d5bb63b4","","","","","A"
"6167","BJ01760008",1,20,NA,NA,17,NA,NA,NA,NA,0,6.01,"03-18-2016","18:22:00","","N","N","EASTON","UNK",3,3,NA,"","",NA,"","",NA,"","",NA,"","","",38.78231555,-76.06900334,1,0,2,"M",1,3,NA,2,88,1,1,88,"P",0,NA,0,"",NA,"N",NA,1,NA,"30-JUN-31","3d2c37de-35bd-40ee-aac4-b502adc3abaa","","","","","A"
"6168","BJ01760008",1,20,NA,NA,17,NA,NA,NA,NA,0,6.01,"03-18-2016","18:22:00","","N","N","EASTON","UNK",3,3,NA,"","",NA,"","",NA,"","",NA,"","","",38.78231555,-76.06900334,1,0,2,"F",1,3,NA,2,88,0,1,88,"P",0,NA,0,"",NA,"N",NA,1,NA,"07-OCT-38","b717f1ba-9b0e-457e-a6db-c56b0627ef96","","","","","A"
"6169","BJ0178001W",1,20,NA,NA,17,NA,NA,NA,NA,0,0,"6/23/2017","9:59:00","","N","N","EASTON","UNK",3,0,NA,"","",NA,"","",NA,"","",NA,"","","",38.7679028,-76.08834475,1,0,1,"F",1,3,NA,2,88,0,1,53,"P",0,NA,0,"",NA,"N",NA,1,NA,"3-Jul-27","1a3cff7b-791b-4370-a9fa-6535acc4f606","MD","C","","","A"
"6170","BJ01790007",1,20,NA,3,17,2,1,0,1,0,6.01,"04-17-2015","16:14:00","","Y","N","EASTON","UNK",4,0,80,"MU","",0.9,"S","AURORA ST",5,"F","S",160,"MU","","BROOKLETTS AVE",38.77059319,-76.07127249,1,1,1,"M",1,2,NA,2,6,88,2,51,"P",0,NA,0,"",NA,"",NA,1,NA,"17-JUL-01","b58a402e-6798-426f-b420-250d82cd8211","","","","","A"