"UNIQUE_ID","REPORT_NO","LIGHT_CODE","COUNTY_NO","MUNI_CODE","JUNCTION_CODE","COLLISION_TYPE_CODE","SURF_COND_CODE","LANE_CODE","RD_COND_CODE","RD_DIV_CODE","FIX_OBJ_CODE","WEATHER_CODE","ACC_DATE","ACC_TIME","LOC_CODE","SIGNAL_FLAG","C_M_ZONE_FLAG","AGENCY_CODE","AREA_CODE","HARM_EVENT_CODE1","HARM_EVENT_CODE2","RTE_NO","ROUTE_TYPE_CODE","RTE_SUFFIX","LOG_MILE","LOGMILE_DIR_FLAG","MAINROAD_NAME","DISTANCE","FEET_MILES_FLAG","DISTANCE_DIR_FLAG","REFERENCE_NO","REFERENCE_TYPE_CODE","REFERENCE_SUFFIX","REFERENCE_ROAD_NAME","LATITUDE","LONGITUDE","drv","occ","ped","SEX_CODE","CONDITION_CODE","INJ_SEVER_CODE","OCC_SEAT_POS_CODE","PED_VISIBLE_CODE","PED_LOCATION_CODE","PED_OBEY_CODE","PED_TYPE_CODE","MOVEMENT_CODE","PERSON_TYPE","ALCOHOL_TEST_CODE","ALCOHOL_TESTTYPE_CODE","DRUG_TEST_CODE","DRUG_TESTRESULT_CODE","BAC_CODE","FAULT_FLAG","EQUIP_PROB_CODE","SAF_EQUIP_CODE","EJECT_CODE","DATE_OF_BIRTH","PERSON_ID","LICENSE_STATE_CODE","CLASS","CDL_FLAG","VEHICLE_ID","EMS_UNIT_LABEL"
"6347","BS05150001",1,10,NA,NA,17,NA,NA,NA,NA,0,6.01,"12-16-2015","14:33:00","","N","N","FREDERICKPD","UNK",0,3,NA,"","",NA,"","",NA,"","",NA,"","","",39.40665462,-77.42991328,1,0,2,"M",1,3,NA,0,0,0,1,0,"P",0,NA,0,"",NA,"N",NA,0,NA,"14-AUG-15","7d942049-1857-4ca8-a154-364d40107744","","","","","A"
"6348","BS05150004",7.88,10,57,2,2,1,1,1,4,0,8.04,"01-26-2016","18:38:00","","N","N","FREDERICKPD","UNK",0,0,1049,"MU","",1.14,"N","N MARKET ST",0,"F","N",9132,"MU","","E 13TH ST",39.42998634,-77.40613818,1,0,1,"F",0,3,NA,2,9.05,0,2,51,"P",0,NA,0,"",NA,"Y",NA,0,NA,"24-FEB-67","9cf8eeca-db34-42e3-ad15-82c334d1b6aa","","","","","A"
"6349","BS05160004",3,10,57,0,17,2,1,1,1,0,6.01,"03-15-2016","19:36:00","","N","N","FREDERICKPD","UNK",3,0,1115,"MU","",0.15,"N","OLD CAMP RD",300,"F","N",40,"US","","W PATRICK ST",39.40922833,-77.417335,1,0,1,"M",1,3,NA,2,5,0,1,51,"P",0,NA,0,"",NA,"Y",NA,1,NA,"14-SEP-10","e4f99daa-1cfe-4517-b57a-1986e7d44aaa","","","","","A"
"6350","BS05160005",3,10,57,2,17,2,1,1,4,0,0,"04-02-2016","00:00:00","","Y","N","FREDERICKPD","UNK",3,0,40,"US","",12.97,"E","W PATRICK ST",0,"F","E",90,"MU","","BAUGHMANS LA",39.4357124,-77.39222288,1,0,1,"M",9.88,3,NA,1,12.88,0,1,51,"P",0,NA,0,"",NA,"Y",NA,1,NA,"01-SEP-80","e7029a26-9f28-4c0d-aab7-c59c5c9f2833","","","","","A"
"6351","BS0517000D",1,10,57,2,17,1,2,1,3,0,3,"11/9/2016","7:36:00","","Y","N","FREDERICKPD","UNK",3,0,578,"MU","",0,"S","EAST ST",0,"F","S",144,"MD","FA","E PATRICK ST",39.41377929,-77.40545958,1,0,1,"F",1,3,NA,2,5,2,1,51,"P",0,NA,0,"",NA,"N",NA,1,NA,"21-Sep-84","339f20c3-4900-4dc6-8de5-492d40a5b175","MD",NA,"","","A"
"6352","BS05180002",1,10,57,3,17,2,2,1,3,0,6.01,"12/14/2016","13:30:00","","N","N","FREDERICKPD","UNK",3,0,991,"MU","",0.27,"N","MILL POND RD",10,"F","N",574,"OP","","MILL POND RD (AHEAD)",39.44798745,-77.39623278,1,0,1,"F",1,2,NA,2,4,1,1,52,"P",0,NA,0,"",NA,"N",NA,1,NA,"27-Feb-81","54b82203-08e9-4d5f-a705-8ec82cf21650","MD","C","","",""
"6353","BS05180009",1,10,57,1,3,1,2,1,3,0,3,"3/28/2017","10:10:00","","N","N","FREDERICKPD","UNK",4,0,1432,"MU","",0.53,"N","TANEY AVE #2",9,"F","N",9131,"MU","","W 13TH ST #2",39.43422499,-77.41624206,1,0,1,"M",1,2,NA,3,1,1,2,53,"P",0,NA,0,"",NA,"N",NA,21,NA,"22-Oct-83","85474bd7-1c6f-4164-aaa8-b46ddef4ce4f","","","","","A"
"6354","BS0519000H",3,10,57,2,17,2,1,1,2,0,6.01,"3/16/2017","20:32:00","","Y","N","FREDERICKPD","UNK",3,0,1049,"MU","",0.34,"N","N MARKET ST",0,"F","N",9041,"MU","","W 4TH ST",39.41900524,-77.41040826,1,0,1,"F",2,1,NA,2,5,2,1,51,"P",0,NA,0,"",NA,"N",NA,0,NA,"2-Sep-83","6c6f109a-3a2f-46ee-8f42-63a1a590ef6b","MD","C","","",""
"6355","BS05200009",5.02,10,57,1,11,2,1,1,3,0,6.01,"1/10/2017","7:07:00","","N","N","FREDERICKPD","UNK",3,0,570,"MU","",0.14,"S","N EAST ST",15,"F","S",9160,"MU","","E 16TH ST",39.43307731,-77.40288734,1,0,1,"M",1,3,NA,2,6,1,1,62.88,"P",0,NA,0,"",NA,"Y",NA,1,NA,"14-Sep-00","8fb23f2e-15ea-4412-9a1d-5fbaac247f80","","","","","A"
"6356","BS0524000C",1,10,57,2,11,2,NA,1,2,0,6.01,"6/24/2017","18:02:00","","Y","N","FREDERICKPD","UNK",3,0,9023,"MU","",0.18,"W","W 2ND ST",0,"F","W",120,"MU","","N BENTZ ST",39.41678809,-77.41399169,1,0,1,"M",1,3,NA,0,5,2,88,51,"P",0,NA,0,"",NA,"N",NA,1,NA,"3-Aug-01","d78e203b-8e9f-495e-adcd-30b41639f430","MD","ID","","","A"
"6357","BSPDA0380004",1,24,999,2,17,2,3,1,3,0,0,"3/20/2017","15:41:00","","N","N","BALTIMORESCHOOL","UNK",3,0,2130,"MU","",1.889,"N","GREENSPRING AVE",0,"F","N",0,"UU","","DUPONT AVE",39.34481893,-76.6592288,1,0,1,"F",NA,4,NA,0,10.88,1,1,54,"P",0,NA,0,"",NA,"Y",NA,1,NA,"20-Apr-03","d152e00c-3f4e-4eec-ba03-a4e74a2ccaad","","","","",""
"6358","BSPDA1030006",1,24,999,1,17,2,1,1,3,0,6.01,"1/20/2017","8:00:00","","N","N","BALTIMORESCHOOL","UNK",3,1,25,"MD","",3.01,"N","FALLS RD",1,"F","S",2100,"MU","","W COLD SPRING LA",39.3454661,-76.64098978,1,0,1,"F",NA,3,NA,3,2,0,1,52,"P",0,NA,0,"",NA,"N",NA,1,NA,"25-Nov-00","96138256-68ae-4109-b400-68d4d86f4938","","","","",""
"6359","BSPDA1120007",1,24,999,2,17,2,1,1,2,0,6.01,"04-22-2016","14:37:00","","Y","N","BALTIMORESCHOOL","UNK",3,0,1125,"MU","",1.51,"N","N CHARLES ST",0,"F","N",1,"US","","NORTH AVE",39.32032164,-76.61554098,1,0,1,"M",NA,2,NA,3,5,3,1,51,"P",0,NA,0,"",NA,"Y",NA,1,NA,"09-SEP-05","baacba74-c146-473f-977e-d20a26dba7fe","","","","",""
"6360","BSPDA1570001",1,24,999,2,17,2,NA,0,3,0,6.01,"12-04-2015","15:00:00","","N","N","BALTIMORESCHOOL","UNK",3,3,140,"MD","",1.01,"N","REISTERSTOWN RD",0,"F","N",129,"MD","","MCCULLOH ST",39.31666124,-76.65045261,1,0,1,"F",NA,4,NA,0,5,2,1,51,"P",0,NA,0,"",NA,"N",NA,0,NA,"09-FEB-00","b1b1dd49-7940-4690-ab24-c10328186184","","","","","A"
"6361","BSPDA1780006",1,24,NA,NA,17,NA,NA,NA,NA,0,7.01,"05-27-2015","18:11:00","","N","N","BALTIMORESCHOOL","UNK",3,3,NA,"","",NA,"","",NA,"","",NA,"","","",39.34541217,-76.65737808,1,0,1,"M",NA,3,NA,2,6,1,1,62.88,"P",0,NA,0,"",NA,"",NA,1,NA,"26-JAN-03","37ba173d-9edb-4d6e-963b-f19e01980632","","","","","A"
"6362","BSPDA178000B",1,24,NA,1,17,2,1,1,1,0,6.01,"06-09-2015","16:00:00","","N","N","BALTIMORESCHOOL","UNK",3,3,21,"MU","",0.317,"N","GREENSPRING AVE",10,"F","N",NA,"UU","","BUS STOP",39.3446032,-76.65869236,1,0,1,"M",NA,2,NA,99,1,1,1,55,"P",0,NA,0,"",NA,"",NA,1,NA,"02-JUN-03","6ff49d5a-8ef2-4c16-93c6-54839e0df8f2","","","","","A"
"6363","BSPDA2010001",1,24,999,1,11,2,1,1,1,0,6.01,"12-18-2015","16:30:00","","N","N","BALTIMORESCHOOL","UNK",3,3,2880,"MU","",0,"N","N HILTON ST",5,"F","N",2210,"MU","","W NORTH AVE",39.28877351,-76.67241454,1,0,1,"F",NA,3,NA,3,88,1,1,51,"P",0,NA,0,"",NA,"Y",NA,0,NA,"15-MAY-03","4761c081-9641-419b-aa10-240cfd2efa06","","","","",""
"6364","BSPDA2150004",1,24,999,1,17,2,1,1,1,0,0,"12-15-2015","14:45:00","","N","N","BALTIMORESCHOOL","UNK",3,3,1352,"MU","",0.427,"W","N FOREST PARK AVE",500,"F","W",0,"UU","","DICKEY HILL RD",39.31051036,-76.70304537,1,0,1,"F",NA,3,NA,3,10.88,1,1,62.88,"P",0,NA,0,"",NA,"Y",NA,1,NA,"27-NOV-05","b7c4bcd7-76c6-4721-8fa4-f9ffebcf2067","","","","",""
"6365","BSPDA2310006",4,24,999,2,9,1,2,1,1,0,3,"12-01-2015","18:45:00","","Y","N","BALTIMORESCHOOL","UNK",4,4,147,"MD","",0.39,"N","HARFORD RD",0,"F","N",4650,"MU","","E 25TH ST",39.31660314,-76.5955317,1,0,1,"M",NA,3,NA,2,88,88,2,51,"P",0,NA,0,"",NA,"Y",NA,1,NA,"03-DEC-51","97639ec1-5314-4a38-845f-0eb003801df4","","","","","A"
"6366","BSPDA2340003",1,24,NA,NA,17,NA,NA,NA,NA,0,6.01,"12/15/2016","15:27:00","","N","N","BALTIMORESCHOOL","UNK",3,0,NA,"","",NA,"","",NA,"","",NA,"","","",39.34544121,-76.65786624,1,0,1,"M",NA,1,NA,2,10.88,1,1,52,"P",0,NA,0,"",NA,"Y",NA,1,NA,"23-Jun-11","8b50e822-3993-47a6-bbf3-b1957ba0e1e5","","","","",""
"6367","BSPDA2350002",1,24,999,1,17,2,1,1,1,0,6.01,"11/16/2016","10:23:00","","N","N","BALTIMORESCHOOL","UNK",3,0,2290,"MU","",0,"N","N ATHOL AVE",10,"F","S",40,"US","","EDMONDSON AVE",39.29212399,-76.68949753,1,0,1,"F",NA,2,NA,99,3,3,1,99,"P",0,NA,0,"",NA,"Y",NA,0,NA,"3-Jun-99","13ae019c-66d6-4421-9e6d-31c317bf7e6b","","","","","A"
"6368","BSPDA240000C",1,24,999,2,17,2,NA,1,4,0,6.01,"09-06-2016","15:30:00","","Y","N","BALTIMORESCHOOL","UNK",1,3,40,"US","",6.067,"E","ORLEANS ST",0,"F","E",1425,"MU","","N CENTRAL AVE",39.2950768,-76.59976289,1,0,1,"M",1,3,NA,1,5,2,1,51,"P",0,NA,0,"",NA,"N",NA,0,NA,"14-MAR-02  00:00:00","e48a4b31-0f31-49b4-ad67-3b34498eb386","","","","",""
"6369","BSPDA2750008",1,24,999,3,88,1,NA,1,1,88,7.01,"09-28-2016","14:35:00","","Y","N","BALTIMORESCHOOL","UNK",3,3,542,"MD","",2.371,"N","LOCH RAVEN BLVD",3,"F","N",0,"UU","","BURNWOOD RD",39.35392231,-76.58973545,1,0,1,"F",NA,2,NA,0,5,0,1,51,"P",0,NA,0,"",NA,"N",NA,1,NA,"21-JUL-90  00:00:00","9e1b8f2a-7fc5-42e9-ba37-5a4e15783801","","","","",""
"6370","BSPDA2850001",1,24,999,1,17,2,3,1,4,88,6.01,"09-08-2015","15:20:00","","N","N","BALTIMORESCHOOL","UNK",3,0,1021,"MU","",3.459,"N","E NORTHERN PKWY",30,"F","S",0,"UU","","LAURELTON AVE",39.36676957,-76.56251907,1,0,1,"M",1,3,NA,1,6,1,1,52,"P",0,NA,0,"",NA,"Y",NA,1,NA,"17-AUG-02","b9e28925-d187-4ebe-88da-ef3b9426f7cf","","","","","A"
"6371","BSPDA2940007",1,24,999,2,88,2,NA,1,4,0,7.01,"01-07-2016","09:30:00","","Y","N","BALTIMORESCHOOL","UNK",3,0,1021,"MU","",3.627,"N","E NORTHERN PKWY",0,"F","N",0,"UU","","MARIETTA AVE",39.28877351,-76.67241454,1,0,1,"M",1,3,NA,3,5,99,1,51,"P",0,NA,0,"",NA,"N",NA,1,NA,"25-OCT-01","533c98dc-f8da-44ff-ac85-4eb237a20173","","","","",""
"6372","BSPDA3130002",1,24,999,2,17,1,1,1,1,0,3,"10-01-2015","15:45:00","","Y","N","BALTIMORESCHOOL","UNK",3,0,129,"MD","",3.38,"N","PARK HEIGHTS AVE",0,"F","N",2190,"MU","","PIMLICO RD",39.34648662,-76.65949702,1,0,1,"M",NA,3,NA,3,9.05,2,1,62.88,"P",0,NA,0,"",NA,"N",NA,1,NA,"05-MAY-05","87cf32ee-7360-4412-9e9d-c2179541dce6","","","","",""
"6373","BW01000003",6.02,16,71,1,17,2,1,1,4,0,6.01,"06-08-2016","19:36:00","","Y","N","GREENBELT","UNK",3,0,193,"MD","",7.25,"E","GREENBELT RD",25,"F","W",205,"MU","","HANOVER PKWY",38.99416723,-76.87440902,1,1,1,"F",99,4,NA,3,6,3,1,52,"P",0,NA,0,"",NA,"Y",NA,1,NA,"29-JAN-69","615015ad-54b5-420d-90cb-0cf44333db43","MD","C","","","A"
"6374","BW01110008",3,16,71,2,88,1,1,8,4,0,3,"11-09-2015","17:59:00","","N","N","GREENBELT","UNK",3,0,20,"MU","",0.45,"W","BREEZEWOOD DR",0,"F","W",235,"OP","","CHERRYWOOD TERR",39.00112228,-76.90747797,1,0,1,"F",1,3,NA,3,5,1,1,51,"P",0,NA,0,"",NA,"N",NA,0,NA,"04-APR-00","dbd498ac-ced6-4e60-845d-221e20923f2a","MD","-","","","A"
"6375","BW01160010",6.02,16,NA,NA,11,NA,NA,NA,NA,0,8.04,"01-26-2015","17:02:00","","N","N","GREENBELT","UNK",3,0,NA,"","",NA,"","",NA,"","",NA,"","","",38.999524,-76.90993,1,0,1,"M",1,2,NA,3,6,1,1,52,"P",0,NA,0,"",NA,"",NA,1,NA,"04-FEB-39","c34c5e0b-ae3d-4bae-a1c5-9eded07a12e2","MD","C","","","A"
"6376","BW0116002P",1,16,71,1,11,2,1,1,1,0,7.01,"05-03-2016","16:16:00","","N","N","GREENBELT","UNK",3,0,345,"MU","",0,"E","MORRISON DR",100,"F","E",135,"MU","","FRANKFORT DR",38.9923077,-76.86828285,1,0,1,"M",1,3,NA,3,4,0,1,55,"P",0,NA,0,"",NA,"Y",NA,1,NA,"06-DEC-00","06797a4b-46dc-4409-87c7-46d8ff7db75a","XX","N/A","","","A"
"6377","BW0116003K",4,16,71,1,3,2,4,1,4,0,6.01,"3/17/2017","7:05:00","","N","N","GREENBELT","UNK",3,0,193,"MD","",6.41,"E","GREENBELT RD",30,"F","W",95,"IS","","CAPITAL BELTWAY",38.99595999,-76.89018041,1,0,1,"F",99,5,NA,2,6,1,1,53,"P",88,2,88,"U",NA,"Y",NA,1,NA,"24-Apr-82","51cae62f-c554-4f37-8c67-524c5b835354","MD","ID","","",""
"6378","BW0121000D",6.02,16,NA,NA,88,NA,NA,NA,NA,0,8.04,"02-16-2015","17:30:00","","N","N","GREENBELT","UNK",3,3,NA,"","",NA,"","",NA,"","",NA,"","","",39.0019227,-76.87570453,1,0,1,"F",1,3,NA,3,88,0,1,88,"P",0,NA,0,"",NA,"",NA,0,NA,"29-NOV-51","90811686-ce4a-42dc-a698-fa6c27cdd507","MD","","","","A"
"6379","BW01250006",1,16,NA,NA,88,NA,NA,NA,NA,0,6.01,"10-11-2015","14:49:00","","N","N","GREENBELT","UNK",3,0,NA,"","",NA,"","",NA,"","",NA,"","","",38.99879602,-76.91024736,1,0,1,"M",1,3,NA,2,6,1,1,53,"P",0,NA,0,"",NA,"N",NA,1,NA,"14-SEP-94","8e4454a0-5dc7-4ce4-b086-3a9b94349b71","DC","c","","",""
"6380","BW0125000D",1,16,71,1,17,2,1,1,3,0,6.01,"05-25-2016","08:22:00","","Y","N","GREENBELT","UNK",3,0,470,"MU","",0,"S","SOUTH WAY",30,"F","N",70,"MU","","CRESCENT RD",39.0002093,-76.87700003,1,0,1,"M",1,3,NA,1,6,0,1,52,"P",0,NA,0,"",NA,"Y",NA,0,NA,"15-JAN-04","a13b2375-116e-4416-a1f5-179ad2470a12","","","","","A"
"6381","BW0130000C",1,16,NA,1,88,2,1,1,1,0,6.01,"06-07-2015","18:31:00","","N","N","GREENBELT","UNK",19,4,480,"MU","",0.26,"S","SPRINGHILL DR",100,"F","S",490,"MU","","SPRINGHILL LA",39.00512429,-76.90287262,1,0,1,"F",1,3,NA,99,88,0,2,55,"P",0,NA,0,"",NA,"",NA,1,NA,"01-NOV-99","f1386ddb-87f9-4f14-b193-09dfd2f5a891","","","","",""
"6382","BW0130000N",3,16,NA,NA,17,NA,NA,NA,NA,0,0,"02-01-2016","22:19:00","","N","N","GREENBELT","UNK",3,0,NA,"","",NA,"","",NA,"","",NA,"","","",39.01123107,-76.91017628,1,0,1,"M",1,3,NA,99,88,1,1,88,"P",0,NA,0,"",NA,"N",NA,1,NA,"15-DEC-89","d41700e1-7197-4832-b24b-259661b473cc","","","","",""
"6383","BW01300019",4,16,71,3,17,2,3,1,4,0,6.01,"10/27/2016","5:31:00","","Y","N","GREENBELT","UNK",3,0,193,"MD","",7.25,"E","GREENBELT RD",10,"F","W",205,"MU","","HANOVER PKWY",38.99419954,-76.8743822,1,0,1,"M",1,3,NA,2,9.05,2,1,51,"P",0,NA,0,"",NA,"N",NA,1,NA,"26-Aug-88","4aeb7f04-a16a-4ea6-a893-e5cecad68fee","MD","C","","","A"
"6384","BW0130001J",1,16,NA,NA,17,NA,NA,NA,NA,0,6.01,"3/19/2017","12:50:00","","N","N","GREENBELT","UNK",3,1,NA,"","",NA,"","",NA,"","",NA,"","","",38.9931864,-76.87710732,1,0,1,"F",1,4,NA,1,5,1,1,51,"P",0,NA,0,"",NA,"N",NA,0,NA,"29-Mar-61","9bc1a6a6-7d23-4a40-8464-67279b73683e","MD","C","","","A"
"6385","BW0130001P",1,16,NA,NA,17,NA,NA,NA,NA,0,0,"6/15/2017","17:00:00","","N","N","GREENBELT","UNK",3,0,NA,"","",NA,"","",NA,"","",NA,"","","",38.99315408,-76.87711,1,0,1,"M",1,3,NA,4,5,1,1,51,"P",0,NA,0,"",NA,"N",NA,25.88,NA,"23-Jun-52","52dcdc1a-4663-4671-8a06-a18de5be9969","","","","",""
"6386","BW0137000T",4,16,71,2,11,2,1,1,1,0,6.01,"04-18-2016","20:51:00","","Y","N","GREENBELT","UNK",4,0,70,"MU","",0.15,"S","CRESCENT RD",0,"F","S",520,"MU","","WEST WAY",39.00050112,-76.8798244,1,0,1,"F",1,3,NA,7,10.88,1,2,51,"P",0,NA,0,"",NA,"N",NA,21,NA,"16-DEC-89","5dfffd36-d031-4aa6-a747-7427b44ed226","MD","C","","",""
"6387","BW01390005",1,16,71,2,11,2,1,1,3,0,6.01,"01-05-2016","08:40:00","","Y","N","GREENBELT","UNK",3,0,480,"MU","",0.26,"S","SPRINGHILL DR",0,"F","S",490,"MU","","SPRINGHILL LA",39.00504925,-76.90242469,1,0,1,"M",1,2,NA,1,5,2,1,51,"P",0,NA,0,"",NA,"N",NA,0,NA,"31-AUG-01","094db051-e1a1-462c-972f-eafe2850f49f","","SDX","","","A"
"6388","BW01390007",1,16,NA,NA,88,NA,NA,NA,NA,0,7.01,"1/20/2017","16:58:00","","N","N","GREENBELT","UNK",3,0,NA,"","",NA,"","",0,"","",NA,"","","",38.9981717,-76.91289738,1,0,1,"F",1,1,NA,1,10.88,0,1,51,"P",0,NA,0,"",NA,"N",NA,0,NA,"18-May-86","27702cb6-b6f5-4f03-a2f3-f13a4626b417","","","","",""
"6389","BW0141001H",1,16,NA,NA,17,NA,NA,NA,NA,11,6.01,"07-03-2016","17:06:00","","N","N","GREENBELT","UNK",9,0,NA,"","",NA,"","",NA,"","",NA,"","","",38.998588,-76.911718,1,0,1,"M",2,1,NA,1,88,0,1,56,"P",0,NA,0,"",NA,"N",NA,1,NA,"31-JUL-80  00:00:00","5912d4ff-05a0-4101-8ab9-bfc0a49f3c94","MD","ID","","",""
"6390","BW0141001Q",1,16,NA,NA,88,NA,NA,NA,NA,0,6.01,"10/29/2016","11:52:00","","N","N","GREENBELT","UNK",3,0,NA,"","",NA,"","",NA,"","",NA,"","","",38.998521,-76.910079,1,0,1,"M",1,2,NA,1,88,1,1,58,"P",0,NA,0,"",NA,"Y",NA,1,NA,"30-May-93","f9610d9b-2537-4041-be0c-5cbb65efbfc6","NB","","","","A"
"6391","BW0148000H",5.02,16,71,2,88,1,1,1,1,0,3,"10-02-2015","06:48:00","","Y","N","GREENBELT","UNK",3,0,270,"MU","",0.17,"N","LAKECREST DR",0,"F","N",280,"MU","","LAKESIDE DR",38.99795387,-76.88612089,1,0,1,"F",1,3,NA,3,5,2,1,51,"P",0,NA,0,"",NA,"N",NA,1,NA,"19-SEP-72","705779d1-e08e-4252-a7b8-404dbaa9adc4","MD","","","","A"
"6392","BW0151000P",1,16,71,3,17,2,1,1,4,0,6.01,"12-03-2015","08:30:00","","Y","N","GREENBELT","UNK",3,0,193,"MD","",6.88,"E","GREENBELT RD",0,"F","W",295,"MD","","BALTIMORE WASHINGTON PKWY",38.99424957,-76.87632143,1,0,1,"M",1,3,NA,3,5,2,1,51,"P",0,NA,0,"",NA,"N",NA,1,NA,"28-JAN-99","0a59372c-0b41-4b0b-89ac-7b52b8f3bf50","","","","",""
"6393","BW0153000V",3,16,NA,NA,88,NA,NA,NA,NA,88,6.01,"03-26-2015","00:20:00","","N","N","GREENBELT","UNK",3,0,NA,"","",NA,"","",NA,"","",NA,"","","",38.98786821,-76.86500788,1,0,1,"M",9.88,3,NA,3,2,0,1,88,"P",0,NA,0,"",NA,"",NA,0,NA,"14-JAN-55","233c64c4-1daa-4946-8d8a-208493a2e83f","MD","C","","",""
"6394","BW01530018",6.02,16,NA,NA,0,NA,NA,NA,NA,0,6.01,"11-06-2015","17:10:00","","N","N","GREENBELT","UNK",3,1,NA,"","",NA,"","",NA,"","",NA,"","","",38.99974237,-76.90867424,1,0,1,"F",1,3,NA,3,10.88,1,1,60,"P",0,NA,0,"",NA,"Y",NA,1,NA,"04-FEB-96","129b6ef2-9f2d-41cb-9a55-11c05de5e881","","","","","A"
"6395","BW0153001B",1,16,NA,NA,17,NA,NA,NA,NA,0,3,"05-22-2016","16:59:00","","N","N","GREENBELT","UNK",3,0,NA,"","",NA,"","",NA,"","",NA,"","","",38.92095542,-76.64611816,1,0,1,"M",1,3,NA,2,88,1,1,88,"P",0,NA,0,"",NA,"U",NA,0,NA,"30-JUN-87","40d206e0-59d7-4981-8ca8-af281944f59f","MD","C","","",""
"6396","BW0155000M",1,16,NA,2,17,2,1,1,1,0,6.01,"06-22-2015","16:30:00","","N","N","GREENBELT","UNK",3,0,70,"MU","",0.438,"S","CRESCENT RD",0,"F","S",NA,"UU","","STRUC PEDESTRIAN WALKWAY",39.00030518,-76.87771887,1,0,1,"F",1,3,NA,1,9.05,1,2,51,"P",0,NA,0,"",NA,"",NA,1,NA,"23-JUN-00","378d98f4-2069-4f15-ba07-4945a8041917","","","","","A"
"6397","BW01570005",1,16,NA,2,0,2,3,1,4,0,0,"06-16-2015","08:32:00","","Y","N","GREENBELT","UNK",3,0,193,"MD","",7.25,"E","GREENBELT RD",0,"F","E",205,"MU","","HANOVER PKWY",38.99400567,-76.87449217,1,0,1,"M",1,3,NA,3,9.05,3,1,51,"P",0,NA,0,"",NA,"",NA,0,NA,"08-APR-01","d553e4ba-89de-4bc4-98bd-5f08908baaaa","","","","","A"
"6398","BW0158000H",3,16,71,0,17,2,1,1,3,0,6.01,"12-05-2015","19:52:00","","N","N","GREENBELT","UNK",3,0,480,"MU","",0.19,"S","SPRINGHILL DR",200,"F","N",235,"OP","","CHERRYWOOD TERR",39.00596218,-76.90384626,1,0,1,"M",0,3,NA,2,6,1,1,52,"P",0,NA,0,"",NA,"U",NA,1,NA,"11-DEC-99","73143f04-0d85-4a40-b77d-9605f80a8dbd","","","","","A"
"6399","BW01580013",3,16,NA,1,17,2,1,1,4,0,6.01,"12/13/2016","5:49:00","","N","N","GREENBELT","UNK",3,1,NA,"","",5.73,"E","GREENBELT RD",100,"F","W",NA,"","","EDMONSTON RD",38.99645612,-76.90210149,1,0,1,"F",99,4,NA,2,6,1,1,52,"P",0,NA,0,"",NA,"Y",NA,1,NA,"20-Aug-83","8c886fa2-3b9d-42a7-8473-18ec1bc82fee","","","","","A"
"6400","BW0158001C",1,16,NA,NA,17,NA,NA,NA,NA,0,6.01,"2/21/2017","13:13:00","","N","N","GREENBELT","UNK",3,0,NA,"","",NA,"","",0,"","",NA,"","","",38.99938384,-76.91108286,1,0,1,"M",1,3,NA,4,5,0,1,51,"P",0,NA,0,"",NA,"N",NA,25.88,NA,"8-Dec-84","9ee799a9-a2f8-48a8-805e-4186b3f5ab28","","","","","A"
"6401","BW0162000H",1,16,71,0,17,2,1,1,1,0,6.01,"06-07-2016","18:18:00","","N","N","GREENBELT","UNK",3,0,20,"MU","",0.45,"W","BREEZEWOOD DR",100,"F","W",235,"OP","","CHERRYWOOD TERR",39.00118482,-76.90815389,1,0,1,"F",4,3,NA,3,6,1,1,52,"P",0,NA,0,"",NA,"Y",NA,1,NA,"21-MAY-11","b7998b20-6cae-4e20-92dd-4a620254c8bb","","","","","A"
"6402","BW0163000C",3,16,71,2,88,2,3,1,4,0,6.01,"12-16-2015","17:17:00","","Y","N","GREENBELT","UNK",3,0,193,"MD","",7.83,"E","GREENBELT RD",0,"F","E",334,"MU","","MANDAN RD",38.99159786,-76.86443388,1,0,1,"F",88,4,NA,3,5,3,1,51,"P",0,NA,0,"",NA,"Y",NA,0,NA,"03-OCT-98","9586847e-9552-4fa5-8386-1b8ce97cd143","","","","","A"
"6403","BX31260001",1,21,NA,NA,88,NA,NA,NA,NA,2,6.01,"6/20/2017","13:13:00","","N","N","HAGERSTOWN","UNK",3,9,NA,"","",NA,"","",NA,"","",NA,"","","",39.64001882,-77.71394581,1,1,1,"M",NA,4,NA,3,3,0,1,63.88,"P",0,NA,0,"",NA,"N",NA,0,NA,"19-Jun-94","6f8cc20e-c17b-46d6-8349-d57f13ebdadc","","","","","A"
"6404","BX35700002",1,21,0,1,17,2,NA,1,2,0,7.01,"03-17-2016","16:31:00","","N","N","HAGERSTOWN","UNK",3,0,400,"CO","",1.05,"W","OAK RIDGE DR",500,"F","E",65,"MD","","SHARPSBURG PIKE",39.614181,-77.73423672,1,2,1,"F",1,3,NA,1,7,0,1,56,"P",0,NA,0,"",NA,"N",NA,0,NA,"13-JAN-99","5a068142-01de-481b-901f-fa3aaeb25bcc","","","","","A"