"UNIQUE_ID","REPORT_NO","LIGHT_CODE","COUNTY_NO","MUNI_CODE","JUNCTION_CODE","COLLISION_TYPE_CODE","SURF_COND_CODE","LANE_CODE","RD_COND_CODE","RD_DIV_CODE","FIX_OBJ_CODE","WEATHER_CODE","ACC_DATE","ACC_TIME","LOC_CODE","SIGNAL_FLAG","C_M_ZONE_FLAG","AGENCY_CODE","AREA_CODE","HARM_EVENT_CODE1","HARM_EVENT_CODE2","RTE_NO","ROUTE_TYPE_CODE","RTE_SUFFIX","LOG_MILE","LOGMILE_DIR_FLAG","MAINROAD_NAME","DISTANCE","FEET_MILES_FLAG","DISTANCE_DIR_FLAG","REFERENCE_NO","REFERENCE_TYPE_CODE","REFERENCE_SUFFIX","REFERENCE_ROAD_NAME","LATITUDE","LONGITUDE","drv","occ","ped","SEX_CODE","CONDITION_CODE","INJ_SEVER_CODE","OCC_SEAT_POS_CODE","PED_VISIBLE_CODE","PED_LOCATION_CODE","PED_OBEY_CODE","PED_TYPE_CODE","MOVEMENT_CODE","PERSON_TYPE","ALCOHOL_TEST_CODE","ALCOHOL_TESTTYPE_CODE","DRUG_TEST_CODE","DRUG_TESTRESULT_CODE","BAC_CODE","FAULT_FLAG","EQUIP_PROB_CODE","SAF_EQUIP_CODE","EJECT_CODE","DATE_OF_BIRTH","PERSON_ID","LICENSE_STATE_CODE","CLASS","CDL_FLAG","VEHICLE_ID","EMS_UNIT_LABEL"
"6521","BX5085001M",1,21,73,2,0,2,1,0,4,0,6.01,"1/19/2017","16:06:00","","Y","N","HAGERSTOWN","UNK",3,0,30,"MU","",0.27,"W","ANTIETAM ST",0,"F","W",330,"MU","","S CANNON AVE",39.63788102,-77.71526814,1,0,1,"M",1,2,NA,0,6,1,1,51,"P",0,NA,0,"",NA,"Y",NA,0,NA,"10-Apr-83","3ad414df-eeda-4e41-9715-9e6e229c95a1","","","","","A"
"6522","BX50860006",6.02,21,NA,0,11,2,1,1,1,0,6.01,"06-14-2015","21:01:00","","N","N","HAGERSTOWN","UNK",3,0,1360,"MU","",0.17,"W","E LEE ST",50,"F","W",2005,"MU","","POTOMAC ST",39.63663755,-77.72217751,1,0,1,"F",NA,3,NA,88,6,0,1,52,"P",0,NA,0,"",NA,"",NA,0,NA,"09-AUG-13","b43c758f-3b89-491b-ae0e-e5d00a9160ad","MD","","","",""
"6523","BX50880003",3,21,NA,2,11,1,NA,1,3,8,3,"01-03-2015","23:01:00","","Y","N","HAGERSTOWN","UNK",1,9,40,"US","",35.83,"E","WASHINGTON ST (EB COUPLET)",0,"F","E",2030,"MU","","PROSPECT ST",39.64392661,-77.72429913,2,0,1,"U",NA,1,NA,0,0,0,88,0,"P",0,NA,0,"",NA,"",NA,0,NA,"01-JAN-00","2184c3ab-26db-4e51-9ac8-b1b55d64c18b","","","","",""
"6524","BX5088000Q",1,21,73,1,17,2,1,1,3,88,6.01,"01-12-2016","13:52:00","","N","N","HAGERSTOWN","UNK",9,11,1900,"MU","",0.08,"E","PANGBORN BLVD",100,"F","E",2420,"MU","","VIEW ST",39.65140076,-77.70265102,1,0,1,"F",NA,1,NA,0,0,0,88,0,"P",0,NA,0,"",NA,"N",NA,0,NA,"08-FEB-36","ecccf5d6-9564-4c59-bdb5-0c4713040b0d","MD","","","",""
"6525","BX50880010",3,21,NA,NA,17,NA,NA,NA,NA,2,0,"11/10/2016","3:31:00","","Y","N","HAGERSTOWN","UNK",9,0,NA,"","",NA,"","",NA,"","",NA,"","","",39.65914771,-77.70667166,1,0,1,"M",NA,1,NA,0,15.88,0,88,0,"P",0,NA,0,"",NA,"N",NA,0,NA,"2-Jul-77","6d942421-8553-479d-aa48-9d09831b7a36","","","","",""
"6526","BX51130005",1,21,73,0,17,2,2,1,2,0,6.01,"08-30-2015","08:13:00","","N","N","HAGERSTOWN","UNK",3,0,40,"US","",10.248,"W","FRANKLIN ST (WB COUPLET)",100,"F","W",11,"US","","BURHANS BLVD",39.64677882,-77.72639394,1,0,1,"M",1,2,NA,3,6,0,1,58,"P",0,NA,0,"",NA,"Y",NA,0,NA,"20-JUN-79","4384c8de-a650-4cee-b39f-3460f9539494","","","","","A"
"6527","BX51150001",1,21,73,3,9,2,1,1,2,0,6.01,"07-11-2015","13:28:00","","Y","N","HAGERSTOWN","UNK",3,3,2510,"MU","",0.1,"W","E WASHINGTON ST",100,"F","E",7180,"MU","","ALLEY 218",39.64203264,-77.7202034,1,0,1,"M",NA,3,NA,1,5,99,6,51,"P",0,NA,0,"",NA,"N",NA,1,NA,"28-DEC-55","f7047cb5-985c-4e9d-8e01-1ebe9ee56435","","","","",""
"6528","BX51150007",1,21,NA,NA,88,NA,NA,NA,NA,0,6.01,"07-26-2015","13:25:00","","N","N","HAGERSTOWN","UNK",3,0,NA,"","",NA,"","",NA,"","",NA,"","","",39.63611289,-77.70789742,1,0,1,"F",NA,3,NA,99,88,0,1,88,"P",0,NA,0,"",NA,"Y",NA,0,NA,"29-JAN-73","02961892-6604-4f75-8855-95272145c802","","","","","A"
"6529","BX5115000F",1,21,NA,NA,88,NA,NA,NA,NA,0,6.01,"12-31-2015","09:33:00","","N","N","HAGERSTOWN","UNK",3,0,NA,"","",NA,"","",NA,"","",NA,"","","",39.63735636,-77.71079421,1,0,1,"M",NA,3,NA,2,88,1,1,55,"P",0,NA,0,"",NA,"Y",NA,0,NA,"11-DEC-09","bd8e16e0-452c-4206-943c-a362f3322454","","","","","A"
"6530","BX5115000G",4,21,73,1,17,2,1,1,2,0,6.01,"02-06-2016","21:19:00","","N","N","HAGERSTOWN","UNK",3,0,40,"US","",38.51,"E","DUAL HWY",360,"F","W",710,"MU","","EDGEWOOD DR",39.61456533,-77.69150913,1,0,1,"F",NA,2,NA,2,6,1,1,52,"P",0,NA,0,"",NA,"Y",NA,0,NA,"30-JUL-74","d3305069-33d7-45d2-bac6-71aac44ce068","","","","","A"
"6531","BX51150011",1,21,73,0,88,2,1,1,1,0,6.01,"12/5/2016","12:10:00","","N","N","HAGERSTOWN","UNK",3,0,1540,"MU","",0.54,"W","MARSHALL ST",500,"F","E",2100,"MU","","RHODE ISLAND AVE",39.661544,-77.73215532,1,0,1,"M",NA,2,NA,3,1,1,1,53,"P",0,NA,0,"",NA,"N",NA,0,NA,"25-Feb-68","39227417-8c29-4468-ae23-981624412f27","","","","",""
"6532","BX51150012",4,21,NA,0,17,2,3,1,2,0,6.01,"12/23/2016","20:26:00","","N","N","HAGERSTOWN","UNK",3,0,NA,"","",0.34,"N","DUAL HWY",200,"F","S",NA,"","","S CLEVELAND AVE",39.63793265,-77.71057293,1,1,1,"M",NA,4,NA,2,88,1,1,88,"P",0,NA,0,"",NA,"Y",NA,1,NA,"16-Dec-82","675c904a-ee31-4595-921f-ff06d8e90cf1","","","","","A"
"6533","BX51150015",3,21,73,3,11,2,1,1,2,0,6.01,"3/8/2017","20:01:00","","N","N","HAGERSTOWN","UNK",4,4,1760,"MU","",1.08,"S","MULBERRY AVE",0,"F","N",6390,"MU","","ALLEY 139",39.64207911,-77.71474779,1,0,1,"M",NA,4,NA,2,6,1,2,51,"P",0,NA,0,"",NA,"Y",NA,1,NA,"3-Aug-96","ac9557d3-259f-4103-97ec-69832c47264d","","","","","A"
"6534","BX5143000T",1,21,73,1,17,2,2,1,2,88,7.01,"5/2/2017","18:47:00","","N","N","HAGERSTOWN","UNK",3,0,840,"MU","",0.45,"W","E FRANKLIN ST",200,"F","E",40,"US","","FRANKLIN ST (WB COUPLET)",39.64198617,-77.71651268,1,0,1,"M",2,4,NA,2,6,1,1,52,"P",0,NA,0,"",NA,"Y",NA,1,NA,"6-Mar-63","11636417-ab8d-4966-b79c-8b2acada2e79","","","","",""
"6535","BX51580008",1,21,73,1,17,2,1,1,1,0,7.01,"03-05-2016","17:19:00","","N","N","HAGERSTOWN","UNK",3,0,331,"MU","",0.29,"N","N CANNON AVE",200,"F","S",1210,"MU","","JEFFERSON ST",39.6425675,-77.7126503,1,0,1,"F",99,3,NA,2,6,1,1,55,"P",0,NA,0,"",NA,"Y",NA,1,NA,"01-FEB-10","fe2da86c-ec7e-47cb-8be1-eb5262fd7a87","","","","","A"
"6536","BX5165000M",1,21,NA,NA,88,NA,NA,NA,NA,0,6.01,"2/11/2017","12:23:00","","N","N","HAGERSTOWN","UNK",3,0,NA,"","",NA,"","",NA,"","",NA,"","","",39.63115837,-77.76073694,1,0,1,"F",1,2,NA,1,0,1,1,88,"P",0,NA,0,"",NA,"N",NA,0,NA,"24-Sep-33","6a70b540-0194-4a14-9df4-518c89179aa5","MD","C","","",""
"6537","BX5168000C",3,21,73,2,88,2,1,1,2,0,0,"11/7/2016","17:56:00","","Y","N","HAGERSTOWN","UNK",3,0,40,"US","",10.428,"W","FRANKLIN ST (WB COUPLET)",0,"F","W",2620,"MU","","WISE ST",39.64791058,-77.72894472,1,0,1,"M",1,4,NA,2,6,0,1,51,"P",0,NA,0,"",NA,"Y",NA,1,NA,"1-Mar-87","2f6a31b7-2c04-4752-b6fc-3caade4d71e8","","","","","A"
"6538","BX5168000D",3,21,73,1,17,2,1,1,1,8,6.01,"12/1/2016","18:11:00","","N","N","HAGERSTOWN","UNK",9,3,2130,"MU","",0.11,"S","ROCHESTER PL",120,"F","S",30,"MU","","ANTIETAM ST",39.64195106,-77.72221908,1,0,1,"F",1,4,NA,2,88,1,1,56,"P",0,NA,0,"",NA,"N",NA,1,NA,"2-Apr-68","64623b29-3f7a-49fb-8b69-24b149e6837f","MD","C","","","A"
"6539","BX5168000K",6.02,21,NA,2,17,2,1,1,1,0,0,"12/23/2016","17:46:00","","N","N","HAGERSTOWN","UNK",3,0,NA,"","",0.209,"E","POTOMAC AVE",0,"F","E",NA,"","","ENT TO SHOPPING CENTER",39.66458338,-77.70060718,1,0,1,"M",1,4,NA,3,5,99,1,51,"P",0,NA,0,"",NA,"N",NA,0,NA,"1-Jul-60","4ebc0b1a-0186-4861-b1c9-7c1a2ced6c1a","","","","","A"
"6540","BX5169000B",1,21,73,2,11,2,1,1,1,0,6.01,"06-30-2016","20:23:00","","Y","N","HAGERSTOWN","UNK",1,3,840,"MU","",0.43,"W","E FRANKLIN ST",0,"F","W",331,"MU","","N CANNON AVE",39.64088012,-77.71355286,1,0,1,"M",1,1,NA,99,6,0,2,51,"P",0,NA,0,"",NA,"Y",NA,99,NA,"21-FEB-72","a31f6378-ca3d-4e20-a8a2-5e0c1f578551","","","","",""
"6541","BX5169000D",1,21,0,1,11,2,1,8,1,0,6.01,"08-30-2016","08:25:00","BX 8120","Y","N","HAGERSTOWN","UNK",3,1,418,"CO","",0.09,"N","LINWOOD AVE",40,"F","N",416,"CO","","SHERMAN AVE",39.62593699,-77.75054455,1,0,1,"M",1,3,NA,1,1,1,1,54,"P",0,NA,0,"",NA,"N",NA,0,NA,"23-AUG-88  00:00:00","b1276b1d-bf60-4843-ae36-5031a9381b52","","","","","A"
"6542","BX51710002",1,21,73,1,17,2,1,1,2,88,6.01,"02-22-2016","11:58:00","","N","N","HAGERSTOWN","UNK",3,0,1431,"MU","",0.31,"N","N LOCUST ST",100,"F","S",2050,"MU","","RANDOLPH AVE",39.64458184,-77.71496907,1,0,1,"M",1,3,NA,2,1,1,1,56,"P",0,NA,0,"",NA,"N",NA,1,NA,"20-MAR-90","57be2917-2e0d-4025-851d-c304f44e1730","","","","",""
"6543","BX5185000C",3,21,73,1,0,2,NA,1,88,88,6.01,"06-20-2016","23:42:00","","N","N","HAGERSTOWN","UNK",3,3,11,"US","",7.48,"N","BURHANS BLVD",20,"F","S",440,"MU","","CHURCH ST",39.64733644,-77.72528887,1,0,2,"M",NA,2,NA,2,0,0,88,0,"P",0,NA,0,"",NA,"N",NA,1,NA,"12-MAY-10","95b9e359-a0fd-4439-89ad-eb771c5277c1","","","","",""
"6544","BX5185000C",3,21,73,1,0,2,NA,1,88,88,6.01,"06-20-2016","23:42:00","","N","N","HAGERSTOWN","UNK",3,3,11,"US","",7.48,"N","BURHANS BLVD",20,"F","S",440,"MU","","CHURCH ST",39.64733644,-77.72528887,1,0,2,"F",NA,2,NA,2,6,1,88,88,"P",0,NA,0,"",NA,"Y",NA,1,NA,"16-MAR-45","1a25ddd8-7823-47ac-94ae-80dbc7baeb77","","","","",""
"6545","BX51880003",6.02,21,73,5.01,17,1,NA,1,2,9,3,"08-14-2016","19:55:00","","N","N","HAGERSTOWN","UNK",9,0,40,"US","",39.52,"E","DUAL HWY",100,"F","W",70,"RP","","RAMP 2 FR IS 70 WB TO US 40 NB",39.60357927,-77.68466011,1,1,1,"U",NA,1,NA,0,12.88,0,88,0,"P",0,NA,0,"",NA,"N",NA,0,NA,"01-JAN-01  00:00:00","23a9fe83-defc-4b64-bc5c-8891282e54fa","","","","",""
"6546","BX5188000N",1,21,73,1,17,2,1,1,1,0,6.01,"1/18/2017","13:09:00","","N","N","HAGERSTOWN","UNK",1,0,1210,"MU","",0.2,"W","JEFFERSON ST",75,"F","E",2640,"MU","","WOOD ST",39.64275863,-77.71075532,1,0,1,"M",88,5,NA,3,88,1,1,61,"P",0,NA,0,"",NA,"U",NA,1,NA,"20-Nov-06","837f025b-8370-497d-aa11-60cd9c40a396","","","","","A"
"6547","BX51890009",3,21,73,2,17,2,2,0,2,88,6.01,"11/27/2016","17:51:00","","N","N","HAGERSTOWN","UNK",3,0,705,"MU","",0.83,"N","EASTERN BLVD",0,"F","N",40,"US","","DUAL HWY",39.63173471,-77.70196438,1,0,1,"M",1,1,NA,2,6,1,1,54,"P",0,NA,0,"",NA,"Y",NA,1,NA,"5-Oct-72","23c175b4-0bc7-4c03-83eb-f00d5560ed99","","","","",""
"6548","BX51900004",1,21,73,2,11,2,1,1,2,0,6.01,"09-18-2016","14:32:00","","Y","N","HAGERSTOWN","UNK",1,0,1431,"MU","",0.31,"N","N LOCUST ST",0,"F","N",2050,"MU","","RANDOLPH AVE",39.64471247,-77.71484703,1,0,1,"F",1,1,NA,0,10.88,0,2,51,"P",0,NA,0,"",NA,"Y",NA,1,NA,"28-AUG-01  00:00:00","238fbfd3-e03c-41c9-aad6-72b004fc69c0","","","","","A"
"6549","BX51900007",1,21,73,0,17,2,NA,1,1,0,6.01,"11/10/2016","14:55:00","","N","N","HAGERSTOWN","UNK",3,0,706,"MU","",0,"W","EASTERN BLVD",0,"F","E",1024,"CO","","EASTERN BLVD (BACK)",39.64274314,-77.69324183,1,0,1,"M",NA,1,NA,0,6,1,1,52,"P",0,NA,0,"",NA,"N",NA,1,NA,"30-Dec-51","5777d7cd-1ada-4706-a841-627fe18bb2e5","","","","",""
"6550","BX5227000P",1,21,NA,NA,0,NA,NA,NA,NA,0,6.01,"6/27/2017","14:49:00","","N","N","HAGERSTOWN","UNK",3,0,NA,"","",NA,"","",NA,"","",NA,"","","",39.63125442,-77.76522964,1,0,1,"F",1,1,NA,3,88,1,1,52,"P",0,NA,0,"",NA,"U",NA,1,NA,"23-Sep-81","060fb4a0-cb73-460b-9b8d-04057f1aa689","WV","E","","",""
"6551","BZ00440006",1,21,75,1,7,2,NA,1,1,0,6.01,"08-09-2016","09:07:00","","N","N","HANCOCK","UNK",2,3,144,"MD","WB",4.14,"E","MAIN ST",200,"F","E",60,"MU","","CHURCH ST",39.69860413,-78.17670733,1,0,1,"M",1,2,NA,1,3,0,1,63.88,"P",0,NA,0,"",NA,"N",NA,0,NA,"02-MAR-53  00:00:00","947a3e1d-d6eb-4b4a-b8a2-f4f884292dde","MD","","","","B"
"6552","CA7722000L",1,12,76,8.04,17,2,NA,1,1,0,6.01,"10/5/2016","11:03:00","","N","N","HAVREDEGRACE","UNK",3,0,400,"MU","",0.28,"E","LAFAYETTE ST",50,"F","W",631,"MU","","S STOKES ST",39.54059672,-76.09362334,1,0,1,"F",1,4,NA,3,2,0,1,56,"P",0,NA,0,"",NA,"N",NA,1,NA,"24-Jun-67","0d299c7f-a7b5-4522-9c57-5441cdc41bef","MD","ID","","","A"
"6553","CA77400002",3,12,NA,2,11,1,1,88,1,0,3,"01-04-2015","18:29:00","","Y","N","HAVREDEGRACE","UNK",4,1,420,"MU","",0,"N","LEWIS LA",0,"F","N",7,"MD","A","REVOLUTION ST",39.54225042,-76.10141516,1,0,1,"M",NA,3,NA,2,9.05,1,2,63.88,"P",0,NA,0,"",NA,"",NA,1,NA,"28-JUL-02","3cd56f6d-18f4-4a6a-ba7c-34b81c4e5e9f","","","","",""
"6554","CA7740000F",1,12,76,2,88,2,1,1,1,0,6.01,"01-11-2016","14:00:00","","Y","N","HAVREDEGRACE","UNK",3,0,560,"MU","",0.34,"W","PENNINGTON AVE",0,"F","W",630,"MU","","N STOKES ST",39.54874593,-76.09356165,1,0,1,"F",1,3,NA,3,5,1,7,51,"P",0,NA,0,"",NA,"N",NA,1,NA,"22-JAN-48","a4cc746e-4c2b-47b2-a2b6-b24fba36d72d","MD","","","","A"
"6555","CA7746000H",1,12,76,2,11,2,1,1,3,0,6.01,"5/9/2017","13:59:00","","Y","N","HAVREDEGRACE","UNK",3,1,460,"MU","",0.27,"N","MARKET ST",0,"F","N",590,"MU","","REVOLUTION ST",39.543609,-76.08791075,1,0,1,"F",NA,2,NA,2,5,0,1,51,"P",0,NA,0,"",NA,"U",NA,1,NA,"9-Mar-74","0518650f-17d7-4a30-a76d-c7a1a5e7658f","","","","","A"
"6556","CA77480008",1,12,NA,1,17,0,NA,0,2,7,0,"07-05-2015","10:45:00","","N","N","HAVREDEGRACE","UNK",9,0,NA,"MU","",0,"S","JERRY FOSTER WAY",900,"F","S",NA,"MU","","WILSON ST",39.53423284,-76.10169411,1,0,1,"U",NA,1,NA,0,88,0,88,88,"P",0,NA,0,"",NA,"N",NA,0,NA,"01-JAN-00","fbe1e9fd-e209-4d61-8dd4-d1a56dd29a33","","","","",""
"6557","CA77550003",4,12,76,1,88,2,1,1,1,0,6.01,"12-03-2015","19:11:00","","N","N","HAVREDEGRACE","UNK",3,1,7,"MD","A",0.77,"N","REVOLUTION ST",0,"M","S",700,"MU","","WEBB LA",39.54115003,-76.10341072,1,0,1,"F",2,3,NA,3,6,1,1,52,"P",0,NA,0,"",NA,"Y",NA,0,NA,"21-NOV-61","ad619fb8-b430-44d7-a018-10526fa34e98","MD","","","",""
"6558","CA77550004",4,12,76,1,0,99,NA,99,2,0,2,"12-02-2015","18:00:00","","N","N","HAVREDEGRACE","UNK",3,3,40,"US","",17.68,"E","PULASKI HWY",0,"M","E",7,"MD","A","OTSEGO ST",39.55195468,-76.10220909,1,0,2,"F",1,4,NA,99,6,1,1,52,"P",0,NA,0,"",NA,"U",NA,99,NA,"19-SEP-84","78c237c9-7357-412a-9106-d149fd0431cc","MD","","","",""
"6559","CA77550004",4,12,76,1,0,99,NA,99,2,0,2,"12-02-2015","18:00:00","","N","N","HAVREDEGRACE","UNK",3,3,40,"US","",17.68,"E","PULASKI HWY",0,"M","E",7,"MD","A","OTSEGO ST",39.55195468,-76.10220909,1,0,2,"M",99,3,NA,99,6,1,1,52,"P",0,NA,0,"",NA,"U",NA,99,NA,"24-SEP-78","e040c452-b1ae-4a12-906f-4d99b4d7f79a","MD","","","",""
"6560","CA77570003",1,12,76,1,17,2,1,1,1,0,6.01,"05-07-2016","14:38:00","","N","N","HAVREDEGRACE","UNK",3,0,155,"MD","",8.709,"E","OHIO ST",2,"F","E",763,"MD","","SUPERIOR ST",39.55281087,-76.10203207,1,1,1,"F",1,2,NA,2,6,1,1,52,"P",0,NA,0,"",NA,"Y",NA,0,NA,"14-FEB-92","691a34d6-166d-4470-95a4-4c8676c600ae","MD","","","","A"
"6561","CA7757000D",1,12,76,3,7,2,1,1,1,0,0,"2/23/2017","11:15:00","","Y","N","HAVREDEGRACE","UNK",4,0,610,"MU","",0.18,"S","ST JOHNS ST",0,"F","S",360,"MU","","GREEN ST",39.54981312,-76.08984947,1,0,1,"M",3,3,NA,1,6,88,2,54,"P",0,NA,0,"",NA,"Y",NA,1,NA,"26-May-82","b4546984-43c6-43c9-9b20-60700a31f467","MD","C","","","A"
"6562","CA7757000K",1,12,76,2,88,2,1,1,1,0,6.01,"5/3/2017","7:18:00","","Y","N","HAVREDEGRACE","UNK",3,0,590,"MU","",0,"E","REVOLUTION ST",0,"F","E",490,"MD","","S UNION AVE",39.54348628,-76.09152719,1,0,1,"F",1,3,NA,99,5,99,1,99,"P",0,NA,0,"",NA,"N",NA,0,NA,"29-Mar-61","04ff23f6-04f9-46bf-a8b5-8b1e899c2e3e","MD","C","","","A"
"6563","CB4445000M",3,13,0,2,11,2,2,1,1,0,6.01,"09-08-2016","20:35:00","","Y","N","HOCPD","UNK",4,0,1,"US","",9.61,"N","WASHINGTON BLVD",0,"F","N",136,"CO","","MONTGOMERY RD",39.20706281,-76.72717452,1,0,1,"M",1,2,NA,3,6,0,2,51,"P",0,NA,0,"",NA,"Y",NA,1,NA,"11-SEP-01  00:00:00","3412f50e-c25a-4699-bc77-6a73d4e7200f","","","","","A"
"6564","CB46120002",1,13,NA,NA,17,NA,NA,NA,NA,0,6.01,"10/3/2016","14:09:00","F2","N","N","HOCPD","UNK",4,0,NA,"","",NA,"","",NA,"","",NA,"","","",39.29721,-76.896885,1,2,1,"F",1,3,NA,3,88,88,2,88,"P",0,NA,0,"",NA,"N",NA,21,NA,"18-Nov-56","d928e13c-21a9-4b89-a4e1-48f1f92ba9bc","","","","","A"
"6565","CB4718000B",3,13,0,3,88,2,1,1,1,0,6.01,"10-16-2015","20:21:00","","Y","N","HOCPD","UNK",3,0,1,"US","",8.69,"N","WASHINGTON BLVD",5,"F","N",143,"CO","","LOUDON AVE",39.27136776,-76.86536193,1,0,1,"M",2,5,NA,2,9.05,3,1,54,"P",0,NA,0,"",NA,"Y",NA,1,NA,"15-APR-68","d0607950-9d41-4a89-abc2-af28b8079844","MH","id","","",""
"6566","CB4718000G",1,13,0,2,11,2,1,1,1,0,6.01,"09-17-2016","11:10:00","F1","Y","N","HOCPD","UNK",1,0,9,"CO","",6.76,"W","OLD FREDERICK RD",0,"F","W",3355,"CO","","WEST WATERSVILLE RD",39.27836667,-76.982485,1,0,2,"F",1,4,NA,99,88,88,2,51,"P",0,NA,0,"",NA,"Y",NA,21,NA,"06-NOV-42  00:00:00","8f9867cc-8d4d-4030-9e58-735fef311690","MD","C","","","A"
"6567","CB4718000G",1,13,0,2,11,2,1,1,1,0,6.01,"09-17-2016","11:10:00","F1","Y","N","HOCPD","UNK",1,0,9,"CO","",6.76,"W","OLD FREDERICK RD",0,"F","W",3355,"CO","","WEST WATERSVILLE RD",39.27836667,-76.982485,1,0,2,"M",1,4,NA,99,88,88,2,51,"P",0,NA,0,"",NA,"Y",NA,21,NA,"18-SEP-42  00:00:00","c4ea0f36-6434-4911-9c2d-61177b71c158","MD","C","","","A"
"6568","CB4765000K",1,13,0,3,11,2,1,1,0,0,6.01,"08-27-2016","14:28:00","","Y","N","HOCPD","UNK",4,0,1214,"CO","",0.41,"N","NORTH LAUREL RD",5,"F","N",114,"CO","","ALL SAINTS RD",39.12157284,-76.84743941,1,0,1,"M",1,3,NA,3,5,99,2,51,"P",0,NA,0,"",NA,"U",NA,1,NA,"07-JAN-94  00:00:00","16cfcfd4-fcd1-4b90-91c0-6cf60d80265d","MD","C","","","A"
"6569","CB4765000R",1,13,NA,1,3,2,2,1,0,0,0,"12/16/2016","13:00:00","","N","N","HOCPD","UNK",3,1,NA,"","",0.21,"N","WASHINGTON BLVD (NB COUPLET)",10,"F","N",NA,"","","N LAUREL RD",39.10698643,-76.8386364,2,1,1,"M",99,3,NA,2,0,0,1,52,"P",0,NA,0,"",NA,"Y",NA,1,NA,"14-Sep-52","f5428571-b5dc-4473-ba11-d49593a46bd3","MD","C","","","A"
"6570","CB4765000Y",1,13,NA,NA,17,NA,NA,NA,NA,0,6.01,"4/26/2017","16:05:00","E3","N","N","HOCPD","UNK",3,0,NA,"","",NA,"","",NA,"","",NA,"","","",39.12006834,-76.84988022,1,0,1,"F",1,3,NA,2,88,0,1,88,"P",0,NA,0,"",NA,"U",NA,1,NA,"1-Feb-68","c3a480f8-3d79-4fbf-b703-8a66a320a518","MD","C","","",""
"6571","CB47690002",3,13,NA,NA,88,NA,NA,NA,NA,6,0,"1/29/2017","21:25:00","","N","N","HOCPD","UNK",9,0,NA,"","",NA,"","",NA,"","",NA,"","","",39.33265667,-77.02871,1,0,1,"M",0,1,NA,0,15.88,0,88,0,"P",0,NA,0,"",NA,"N",NA,0,NA,"13-May-51","d6afea0c-f818-408a-8867-6b3a28b57864","MD","C","","",""
"6572","CB4778002K",1,13,0,0,88,0,1,1,1,0,0,"6/10/2017","12:31:00","A1","N","N","HOCPD","UNK",3,0,449,"CO","",0.32,"N","N CHATHAM RD",300,"F","N",40,"US","","BALTO NATIONAL PIKE",39.27893667,-76.83206,1,0,1,"M",1,3,NA,3,5,1,1,52,"P",0,NA,0,"",NA,"N",NA,0,NA,"2-Jun-82","48c5c06c-e511-489d-b1ee-8917c8558f15","MD","C","","","A"
"6573","CB4873000F",1,13,0,1,17,1,1,1,1,88,88,"10-03-2015","14:00:00","F3","N","N","HOCPD","UNK",9,9,49,"CO","",1.07,"E","TRIADELPHIA RD",NA,"M","W",2448,"CO","","MICHELE DR",39.25146423,-77.02038288,1,0,3,"F",0,1,NA,0,0,0,88,0,"P",0,NA,0,"",NA,"N",NA,0,NA,"05-APR-55","9e11eb92-2a8f-4fd7-92d2-ed9de99b0034","","","","",""
"6574","CB4873000F",1,13,0,1,17,1,1,1,1,88,88,"10-03-2015","14:00:00","F3","N","N","HOCPD","UNK",9,9,49,"CO","",1.07,"E","TRIADELPHIA RD",NA,"M","W",2448,"CO","","MICHELE DR",39.25146423,-77.02038288,1,0,3,"M",0,1,NA,0,0,0,88,0,"P",0,NA,0,"",NA,"N",NA,0,NA,"11-AUG-92","cb56e1d9-6923-4136-ad4d-aeb25efa487b","MD","c","","",""
"6575","CB4873000F",1,13,0,1,17,1,1,1,1,88,88,"10-03-2015","14:00:00","F3","N","N","HOCPD","UNK",9,9,49,"CO","",1.07,"E","TRIADELPHIA RD",NA,"M","W",2448,"CO","","MICHELE DR",39.25146423,-77.02038288,1,0,3,"M",0,1,NA,0,0,0,88,0,"P",0,NA,0,"",NA,"N",NA,0,NA,"14-DEC-84","8fd4c21f-a4b4-481e-9caa-2f5d27bcd130","MD","","","",""
"6576","CB4873000L",5.02,13,0,1,17,1,1,1,1,9,2,"11-05-2015","07:20:00","F3","N","N","HOCPD","UNK",9,9,44,"CO","",0.86,"S","BURNTWOODS RD",20,"F","N",41,"CO","","HOBBS RD",39.28387517,-77.01677799,1,0,1,"M",1,1,NA,0,88,0,88,88,"P",0,NA,0,"",NA,"N",NA,0,NA,"09-SEP-59","435f7f6f-f740-4512-88e3-d7861d7191ad","","","","",""
"6577","CB49330002",3,13,NA,9.04,88,2,NA,1,4,0,6.01,"05-22-2015","21:46:00","E3","N","N","HOCPD","UNK",3,0,1,"US","",0.13,"N","WASHINGTON BLVD (NB COUPLET)",100,"F","N",NA,"UU","","CROSSOVER",39.10598739,-76.83977365,1,0,1,"F",1,3,NA,2,6,1,1,52,"P",0,NA,0,"",NA,"",NA,1,NA,"10-APR-87","6ce326f8-3acf-44cc-a11f-7c75aaa48e2a","OH","","","","A"
"6578","CB49360006",1,13,NA,NA,17,NA,NA,NA,NA,8,6.01,"12-04-2015","08:36:00","B2","N","N","HOCPD","UNK",9,0,NA,"","",NA,"","",NA,"","",NA,"","","",39.20948717,-76.80088162,1,0,1,"M",0,1,NA,0,0,0,88,0,"P",0,NA,0,"",NA,"N",NA,0,NA,"25-MAY-89","cfbd5761-32a1-4718-8007-c662074dcff1","VA","","","",""