"UNIQUE_ID","REPORT_NO","LIGHT_CODE","COUNTY_NO","MUNI_CODE","JUNCTION_CODE","COLLISION_TYPE_CODE","SURF_COND_CODE","LANE_CODE","RD_COND_CODE","RD_DIV_CODE","FIX_OBJ_CODE","WEATHER_CODE","ACC_DATE","ACC_TIME","LOC_CODE","SIGNAL_FLAG","C_M_ZONE_FLAG","AGENCY_CODE","AREA_CODE","HARM_EVENT_CODE1","HARM_EVENT_CODE2","RTE_NO","ROUTE_TYPE_CODE","RTE_SUFFIX","LOG_MILE","LOGMILE_DIR_FLAG","MAINROAD_NAME","DISTANCE","FEET_MILES_FLAG","DISTANCE_DIR_FLAG","REFERENCE_NO","REFERENCE_TYPE_CODE","REFERENCE_SUFFIX","REFERENCE_ROAD_NAME","LATITUDE","LONGITUDE","drv","occ","ped","SEX_CODE","CONDITION_CODE","INJ_SEVER_CODE","OCC_SEAT_POS_CODE","PED_VISIBLE_CODE","PED_LOCATION_CODE","PED_OBEY_CODE","PED_TYPE_CODE","MOVEMENT_CODE","PERSON_TYPE","ALCOHOL_TEST_CODE","ALCOHOL_TESTTYPE_CODE","DRUG_TEST_CODE","DRUG_TESTRESULT_CODE","BAC_CODE","FAULT_FLAG","EQUIP_PROB_CODE","SAF_EQUIP_CODE","EJECT_CODE","DATE_OF_BIRTH","PERSON_ID","LICENSE_STATE_CODE","CLASS","CDL_FLAG","VEHICLE_ID","EMS_UNIT_LABEL"
"6753","CB5882000D",7.88,13,NA,NA,88,NA,NA,NA,NA,0,8.04,"01-23-2016","19:49:00","A1","N","N","HOCPD","UNK",3,8,NA,"","",NA,"","",NA,"","",NA,"","","",39.300515,-76.85610667,1,0,1,"F",1,4,NA,99,10.88,1,1,88,"P",0,NA,0,"",NA,"N",NA,0,NA,"27-JUN-60","16a27692-1fd3-41cf-b0e7-ed4a697cddc5","","","","","A"
"6754","CB5882000F",4,13,0,1,88,2,1,1,1,0,6.01,"02-10-2016","20:03:00","","N","N","HOCPD","UNK",3,0,688,"CO","",0.49,"W","TOWN & COUNTRY BLVD",50,"F","W",386,"OP","","NO NAME",39.28747915,-76.8145287,1,0,1,"F",1,3,NA,2,4,1,1,52,"P",0,NA,0,"",NA,"U",NA,1,NA,"01-JAN-86","ccca82f2-104e-444a-af53-8a8d0b516123","MD","C","","",""
"6755","CB5882000J",4,13,0,1,88,2,2,1,4,0,6.01,"05-08-2016","23:19:00","","N","N","HOCPD","UNK",3,0,40,"US","",21.08,"E","BALTO NATIONAL PIKE",NA,"M","W",0,"UU","","BALTIMORE CO/L",39.29699373,-76.78391397,1,0,1,"M",1,3,NA,3,99,88,1,99,"P",0,NA,0,"",NA,"Y",NA,0,NA,"05-JAN-90","03fd92e0-752f-4b24-a450-40ef9c0e5d93","MD","","","","A"
"6756","CB5882000M",1,13,NA,NA,88,NA,NA,NA,NA,0,6.01,"08-26-2016","19:33:00","","N","N","HOCPD","UNK",3,0,NA,"","",NA,"","",NA,"","",NA,"","","",39.28201706,-76.81922257,1,0,1,"F",1,2,NA,3,88,0,1,88,"P",0,NA,0,"",NA,"N",NA,0,NA,"03-APR-71  00:00:00","3ecaa521-cd6c-415a-bb03-05fc04afe09f","MD","C","","","A"
"6757","CB58830005",1,13,NA,NA,0,NA,NA,NA,NA,0,6.01,"06-05-2015","13:50:00","","N","N","HOCPD","UNK",3,3,NA,"","",NA,"","",NA,"","",NA,"","","",39.17049609,-76.78448796,1,0,1,"F",1,3,NA,2,88,1,1,56,"P",0,NA,0,"",NA,"",NA,0,NA,"07-APR-88","4858b435-d5ee-443e-bb08-30606441f1e5","MD","","","",""
"6758","CB5884000X",1,13,0,1,17,1,1,1,3,7,6.01,"12-25-2015","11:36:00","A5","N","N","HOCPD","UNK",9,0,99,"CO","",0,"N","TOLL HOUSE RD",50,"F","N",1821,"CO","","OLD COLUMBIA PIKE",39.25734616,-76.81810141,1,1,1,"M",0,1,NA,0,0,0,88,0,"P",0,NA,0,"",NA,"N",NA,0,NA,"24-OCT-56","51d2b49b-b062-49d0-8ba3-41f8495da3ea","","","","",""
"6759","CB5885000Y",4,13,0,1,17,2,1,3,1,0,6.01,"1/13/2017","20:33:00","B3","N","N","HOCPD","UNK",10,0,1170,"OP","",1.574,"S","MARSHALEE DR",800,"F","S",2871,"CO","","GARDENVIEW DR",39.20909645,-76.76044464,1,2,1,"U",0,1,NA,0,0,0,88,0,"P",0,NA,0,"",NA,"Y",NA,0,NA,"13-Jan-17","6e9cfad4-f742-4639-9862-777c2efaa2b7","","","","",""
"6760","CB5886001N",4,13,0,1,17,2,3,1,4,0,6.01,"5/27/2017","21:15:00","A3","N","N","HOCPD","UNK",3,0,40,"US","",17.51,"E","BALTO NATIONAL PIKE",30,"F","E",516,"CO","","PLUM TREE DR",39.27758022,-76.83579326,1,0,1,"F",1,3,NA,3,6,1,1,52,"P",0,NA,0,"",NA,"Y",NA,1,NA,"29-Jun-44","92f14089-a8d3-4578-ba51-13149e12ec54","","","","","A"
"6761","CB5887000N",3,13,NA,NA,17,NA,NA,NA,NA,0,0,"03-10-2016","19:32:00","","N","N","HOCPD","UNK",3,0,NA,"","",NA,"","",NA,"","",NA,"","","",39.19157009,-76.81114912,1,0,1,"M",1,2,NA,3,88,1,1,88,"P",0,NA,0,"",NA,"U",NA,0,NA,"14-JUL-27","a095c4c7-94f4-4c70-bf88-8c45f5b6d0c1","MD","C","","","A"
"6762","CB5887000V",3,13,NA,NA,88,NA,NA,NA,NA,88,6.01,"07-25-2016","20:52:00","B2","N","N","HOCPD","UNK",3,0,NA,"","",NA,"","",NA,"","",NA,"","","",39.19637667,-76.81287833,1,0,1,"M",1,3,NA,2,9.05,2,1,51,"P",0,NA,0,"",NA,"N",NA,1,NA,"21-JUN-44  00:00:00","f69c081c-2e0c-44c8-b906-068799cfa6fa","MD","C","","","A"
"6763","CB58870015",1,13,NA,NA,88,NA,NA,NA,NA,0,6.01,"3/18/2017","18:41:00","B3","N","N","HOCPD","UNK",3,0,NA,"","",NA,"","",NA,"","",NA,"","","",39.19043921,-76.78712726,1,1,1,"M",NA,4,NA,3,6,0,1,55,"P",0,NA,0,"",NA,"Y",NA,0,NA,"13-Feb-04","9fc90ddb-00d2-4b13-ba2d-9111e02708bf","","","","","A"
"6764","CB59060005",3,13,0,0,3,0,2,1,1,0,6.01,"09-04-2015","23:53:00","","N","N","HOCPD","UNK",4,0,1,"US","",10.68,"N","WASHINGTON BLVD",50,"F","S",265,"CO","","BRUMBAUGH AVE",39.21548068,-76.71171427,1,0,1,"M",NA,2,NA,3,6,1,2,53,"P",99,0,0,"",NA,"Y",NA,1,NA,"15-MAY-60","faf60b3e-a476-4345-81bd-d37d0f7463df","MD","id","","","A"
"6765","CB5907000D",3,13,0,1,3,1,1,1,4,0,8.04,"03-04-2016","02:24:00","B7","N","N","HOCPD","UNK",1,3,1,"US","",7.51,"N","WASHINGTON BLVD",0,"F","N",100,"RP","","RAMP 3 FR MD 100 EB TO US 1 NB",39.18828861,-76.75726756,1,0,1,"M",1,2,NA,2,4,0,1,58,"P",0,NA,0,"",NA,"N",NA,0,NA,"06-FEB-75","aafeae64-d630-4339-bbf6-adf5c635ae1d","MD","C","","","A"
"6766","CB5908000G",1,13,0,88,11,2,1,1,88,0,0,"04-25-2016","19:27:00","E4","N","N","HOCPD","UNK",4,0,216,"MD","",3.905,"N","SCAGGSVILLE RD",0,"F","S",216,"MD","G","ICE CRYSTAL DR",39.14488667,-76.898325,1,0,1,"F",1,1,NA,99,88,1,2,53,"P",0,NA,0,"",NA,"Y",NA,21,NA,"23-JAN-63","97c3fdcb-56a7-4f98-b55d-1a8d311599e9","MD","","","",""
"6767","CB59100001",1,13,NA,NA,17,NA,NA,NA,NA,88,6.01,"03-31-2015","07:55:00","B4","N","N","HOCPD","UNK",3,0,NA,"","",NA,"","",NA,"","",NA,"","","",39.18202354,-76.76766515,1,1,1,"M",1,2,NA,3,88,1,1,88,"P",0,NA,0,"",NA,"",NA,0,NA,"23-SEP-93","7fb1d3f1-a70b-4800-8ff5-850abf45df85","MD","C","","","A"
"6768","CB5910000C",3,13,NA,NA,17,NA,NA,NA,NA,0,3,"09-21-2015","19:45:00","2D21","N","N","HOCPD","UNK",3,0,NA,"","",NA,"","",NA,"","",NA,"","","",39.22222381,-76.89024746,1,0,1,"M",1,2,NA,2,6,1,1,52,"P",0,NA,0,"",NA,"N",NA,1,NA,"05-AUG-62","bd218825-256a-4f2a-a55b-b1f476a599b8","MD","","","","A"
"6769","CB5910000X",3,13,0,3,17,2,1,1,1,0,6.01,"08-10-2016","21:00:00","E3","N","N","HOCPD","UNK",3,0,983,"MD","",1.024,"N","OLD SCAGGSVILLE RD",20,"F","S",2775,"CO","","OLD SCAGGSVILLE RD (AHEAD)",39.11786877,-76.86337173,1,0,1,"F",1,3,NA,1,9.05,1,1,51,"P",0,NA,0,"",NA,"N",NA,1,NA,"24-SEP-47  00:00:00","c56d3e4e-bcf0-4291-8be9-6466b127c9bd","MD","","","",""
"6770","CB59100012",3,13,NA,NA,88,NA,NA,NA,NA,0,6.01,"3/2/2017","19:27:00","D2","N","N","HOCPD","UNK",3,0,NA,"","",NA,"","",NA,"","",NA,"","","",39.22308198,-76.88974589,1,0,1,"M",1,3,NA,3,88,1,1,88,"P",0,NA,0,"",NA,"N",NA,0,NA,"7-Nov-52","f49a4694-00e2-4163-a248-a1a5d76e75a1","MD","","","","A"
"6771","CB59320001",7.88,13,0,2,17,2,NA,1,1,0,6.01,"05-12-2016","20:44:00","C1","N","N","HOCPD","UNK",3,0,800,"CO","",0,"S","STEVENS FOREST RD",0,"F","S",1013,"CO","","BASKET RING RD",39.21242996,-76.8492794,1,1,1,"M",1,3,NA,2,10.88,1,1,51,"P",0,NA,0,"",NA,"N",NA,0,NA,"06-FEB-78","ca560b16-eee9-455f-947d-a033e7193995","MD","","","","A"
"6772","CB59320009",4,13,0,1,3,2,3,1,4,0,6.01,"09-22-2016","05:45:00","C4","N","N","HOCPD","UNK",1,3,175,"MD","",2.71,"N","ROUSE PKWY",NA,"M","N",108,"MD","","WATERLOO RD",39.17987164,-76.79178089,4,0,1,"M",1,4,NA,1,6,0,1,57,"P",0,NA,0,"",NA,"U",NA,1,NA,"23-OCT-87  00:00:00","9409a5ce-92a9-430f-91c5-8f920cf5189e","MD","","","","A"
"6773","CB59330011",1,13,0,2,6,2,1,1,1,0,6.01,"5/1/2017","17:39:00","A3","N","N","HOCPD","UNK",4,0,585,"CO","",0.72,"E","CARILLON DR",0,"F","E",76,"CO","","OLD ANNAPOLIS RD",39.25347733,-76.85425017,1,0,1,"M",0,1,NA,3,1,1,2,53,"P",0,NA,0,"",NA,"Y",NA,0,NA,"1-Jan-00","dbe8c59d-0bac-4c69-9efc-217cb5b40275","","","","",""
"6774","CB59340002",4,13,0,5.01,88,2,NA,1,2,0,6.01,"05-03-2016","20:32:00","","N","N","HOCPD","UNK",3,2,32,"RP","",0,"E","RAMP 4 FR US 1 NB TO RAMP 10 (TO MD 32)",0,"U","E",1,"US","","WASHINGTON BLVD",39.13663889,-76.81310177,2,0,1,"M",1,3,NA,3,1,0,6,53,"P",0,NA,0,"",NA,"N",NA,1,NA,"16-FEB-69","de032d32-c2b3-4d2b-926b-45b793356616","","","","","A"
"6775","CB5934000F",3,13,0,1,88,0,1,1,1,0,0,"12/11/2016","18:54:00","","N","N","HOCPD","UNK",3,0,1457,"CO","",0.61,"E","HICKORY RIDGE RD",NA,"M","W",1737,"CO","","CHARTER DR",39.21099183,-76.8833971,1,0,1,"M",1,2,NA,3,6,1,1,52,"P",0,NA,0,"",NA,"Y",NA,1,NA,"26-Jul-69","eaa01b19-8604-471f-9ec5-cf7b1df95ff2","MD","C","","","A"
"6776","CB5934000G",3,13,0,2,88,0,2,1,4,0,0,"2/15/2017","6:08:00","","Y","N","HOCPD","UNK",3,0,795,"CO","",0.69,"E","GOV WARFIELD PKWY",0,"F","E",782,"CO","","WINDSTREAM DR",39.22013133,-76.8613708,1,0,1,"M",1,3,NA,2,5,3,1,51,"P",0,NA,0,"",NA,"Y",NA,1,NA,"13-Jul-98","fe2d2c24-7aeb-4a21-bbbf-5f9bc73edd59","","","","","A"
"6777","CB59360018",1,13,0,1,3,2,1,1,1,0,0,"6/20/2017","6:33:00","B1","N","N","HOCPD","UNK",4,0,984,"OP","",0.05,"S","DAWSONS WAY",50,"F","S",2194,"CO","","EXECUTIVE PARK DR",39.23708342,-76.81851715,1,0,1,"F",1,3,NA,3,6,0,2,53,"P",0,NA,0,"",NA,"N",NA,1,NA,"12-Aug-79","63324547-2742-42bf-969e-adc512429c6e","MD","C","","","A"
"6778","CB5957000F",1,13,NA,NA,88,NA,NA,NA,NA,0,6.01,"08-22-2016","15:11:00","C2","N","N","HOCPD","UNK",4,0,NA,"","",NA,"","",NA,"","",NA,"","","",39.16258755,-76.85134202,1,0,1,"M",1,3,NA,2,88,0,2,54,"P",0,NA,0,"",NA,"Y",NA,1,NA,"02-FEB-96  00:00:00","3b345af6-29f0-42fd-9be2-31f0f25384a2","MD","","","","A"
"6779","CB5957000J",1,13,0,1,17,1,1,1,1,0,7.01,"09-28-2016","12:17:00","","N","N","HOCPD","UNK",3,0,302,"CO","",0.42,"S","CARLINDA AVE",250,"F","S",377,"CO","","FERNDALE AVE",39.18698408,-76.8543005,1,0,1,"M",1,3,NA,3,88,1,1,57,"P",0,NA,0,"",NA,"Y",NA,1,NA,"06-NOV-06  00:00:00","009326ff-c10d-42df-b3d4-2e893103a7f8","","","","","A"
"6780","CB59600003",5.02,13,0,1,9,2,1,1,1,0,6.01,"06-15-2016","05:15:00","","N","N","HOCPD","UNK",4,0,788,"CO","",0.07,"W","W RUNNING BROOK RD",175,"F","E",789,"CO","","HYLA BROOK RD",39.225309,-76.858121,1,0,1,"M",1,3,NA,4,2,1,2,53,"P",0,NA,0,"",NA,"N",NA,21,NA,"12-SEP-75","7a1a47d6-e9e1-44df-8dbc-679b295a6f62","MD","","","","A"
"6781","CB5960000D",1,13,0,1,3,2,1,1,1,0,6.01,"09-22-2016","13:14:00","","N","Y","HOCPD","UNK",2,3,1451,"CO","",0.32,"S","SUNNY SPRING",15,"F","S",1465,"CO","","SATINWOOD DR",39.20573667,-76.88349667,1,0,1,"M",1,1,NA,4,88,0,1,59,"P",0,NA,0,"",NA,"N",NA,25.88,NA,"25-FEB-83  00:00:00","564d698e-f047-4244-aaf9-ae340d408078","MD","C","","",""
"6782","CB59600016",1,13,NA,NA,88,NA,NA,NA,NA,0,6.01,"5/8/2017","13:37:00","","N","N","HOCPD","UNK",3,0,NA,"","",NA,"","",NA,"","",NA,"","","",39.21527333,-76.884165,1,0,1,"M",1,2,NA,0,88,0,1,56,"P",0,NA,0,"",NA,"N",NA,0,NA,"21-Jan-39","8295eaf6-5882-4b23-8f84-5a00a326e324","MD","C","","","A"
"6783","CB59630005",1,13,0,1,88,2,1,1,1,0,6.01,"06-16-2016","11:43:00","A5","N","N","HOCPD","UNK",3,0,273,"CO","",1.088,"N","ILCHESTER RD",100,"F","S",3465,"CO","","ELLIS LA",39.23332833,-76.77324333,1,0,1,"M",1,2,NA,1,10.88,1,1,56,"P",0,NA,0,"",NA,"N",NA,1,NA,"06-JAN-70","d61caffe-0ff7-49b6-940e-913b2710e26c","","","","","A"
"6784","CB5963000X",1,13,0,3,2,2,1,1,1,0,6.01,"12/27/2016","14:46:00","F3","N","N","HOCPD","UNK",4,0,1061,"CO","",0.85,"E","TRIADELPHIA MILL RD",0,"F","W",1778,"CO","","PASTURE GREEN",39.21769667,-76.990885,1,0,1,"M",1,2,NA,3,1,0,2,53,"P",0,NA,0,"",NA,"N",NA,21,NA,"21-Oct-74","fdfcb200-b437-4f02-84a6-4609210ab4a3","MD","C","","","A"
"6785","CB59640015",1,13,0,1,17,2,1,1,1,0,6.01,"5/8/2017","15:45:00","D3","N","N","HOCPD","UNK",3,0,754,"CO","",0.2,"S","CROSS FOX LA",0,"F","N",0,"UU","","ROAD END",39.21914844,-76.87541083,1,0,1,"M",1,2,NA,3,4,0,1,55,"P",0,NA,0,"",NA,"U",NA,1,NA,"30-Nov-00","21e6c35c-e10e-4380-93f9-870753421c46","","","","",""
"6786","CB59990007",1,13,0,0,17,2,1,1,1,0,6.01,"6/4/2017","18:00:00","F1","N","N","HOCPD","UNK",22.15,0,1773,"CO","",0.3,"N","CAMALO DR",0.1,"M","N",1774,"CO","","PAULOWNIA HILL CT",39.35702667,-77.08018167,1,0,1,"M",2,4,NA,3,6,1,1,57,"P",0,NA,0,"",NA,"Y",NA,1,NA,"10-Jun-96","8be7c9a8-d1a1-4181-8613-882a8b74c192","MD","C","","","A"
"6787","CB60010003",6.02,13,0,2,88,2,1,1,4,0,6.01,"10/26/2016","18:07:00","","Y","N","HOCPD","UNK",3,0,383,"OP","",0,"S","NORMANDY WOODS DR",0,"F","S",40,"US","","BALTO NATIONAL PIKE",39.28488829,-76.80657864,1,0,1,"F",1,3,NA,2,5,2,1,51,"P",0,NA,0,"",NA,"N",NA,1,NA,"1-Oct-61","5855ef7f-a830-4168-98b4-8070b35e705b","MD","C","","","A"
"6788","CB6001000C",1,13,NA,NA,88,NA,NA,NA,NA,0,6.01,"2/25/2017","8:35:00","","N","N","HOCPD","UNK",3,0,NA,"","",NA,"","",NA,"","",NA,"","","",39.27558697,-76.84726238,1,0,1,"F",1,3,NA,2,1,1,1,53,"P",0,NA,0,"",NA,"N",NA,1,NA,"8-Jun-43","417cd6fb-b3a0-435d-8a51-fff7b03d8fb3","MD","C","","","A"
"6789","CB60020003",1,13,0,2,17,2,NA,0,3,88,6.01,"6/2/2017","9:34:00","","Y","N","HOCPD","UNK",88,0,82,"CO","",1.23,"N","CEDAR LA",0,"F","N",135,"CO","","OWEN BROWN RD",39.22228783,-76.888838,1,0,1,"M",1,2,NA,1,5,2,1,51,"P",0,NA,0,"",NA,"N",NA,1,NA,"11-Nov-30","3c773729-3f7c-49ca-a17b-0eaff9be20cb","","","","","A"
"6790","CBPD0032000T",1,16,NA,1,88,2,NA,1,3,0,6.01,"06-16-2015","08:43:00","","N","N","BOWIE","UNK",3,3,1140,"MU","",0.65,"S","KENHILL DR",50,"F","S",197,"MD","","COLLINGTON RD",38.95635532,-76.74505949,1,0,1,"M",0,3,NA,2,11.05,1,1,51,"P",0,NA,0,"",NA,"",NA,0,NA,"17-FEB-65","4a61c5ad-d148-45c9-94ad-35769dd070b0","","","","",""
"6791","CBPD00330004",3,16,NA,1,11,1,1,1,5.01,0,3,"03-04-2015","19:30:00","","N","N","BOWIE","UNK",3,3,1959,"MU","",0.3,"S","NORTHVIEW DR",50,"F","S",197,"MD","","COLLINGTON RD",38.9477156,-76.73730254,1,0,1,"F",1,3,NA,2,6,1,1,52,"P",0,NA,0,"",NA,"",NA,1,NA,"01-JUN-94","516515a1-7c93-475b-b3b8-d2e2038834c8","","","","","A"
"6792","CBPD0042000D",1,16,13,2,17,2,1,1,3,0,6.01,"5/10/2017","7:43:00","","N","N","BOWIE","UNK",3,0,120,"MU","",0.042,"S","BELAIR DR",0,"F","S",2810,"MU","","SUSSEX LA",38.97697103,-76.74123734,1,0,1,"M",NA,4,NA,3,6,1,1,52,"P",0,NA,0,"",NA,"Y",NA,0,NA,"24-Mar-07","36b2277f-4414-4561-a041-d07f8469179c","","","","","A"
"6793","CBPD0042000G",1,16,NA,NA,88,NA,NA,NA,NA,0,6.01,"6/13/2017","13:31:00","851","N","N","BOWIE","UNK",3,0,NA,"","",NA,"","",NA,"","",NA,"","","",38.94430907,-76.71307281,1,0,1,"M",1,5,NA,1,88,1,1,88,"P",0,NA,0,"",NA,"N",NA,0,NA,"5-Aug-37","f5aeb3d9-6c7c-4965-8ca2-655e9b7557fa","","","","","A"
"6794","CBPD00480005",3,16,NA,NA,11,NA,NA,NA,NA,0,0,"01-15-2015","18:40:00","849","N","N","BOWIE","UNK",3,0,NA,"","",NA,"","",NA,"","",NA,"","","",38.93542795,-76.72050118,1,0,1,"F",1,3,NA,3,88,1,1,88,"P",0,NA,0,"",NA,"",NA,0,NA,"23-JUN-79","a650ad9a-cc15-42bb-9b2e-877137fd917b","MD","c","","",""
"6795","CBPD0063000M",1,16,NA,2,2,2,NA,1,5.01,0,6.01,"05-07-2015","17:33:00","E11","Y","N","BOWIE","UNK",1,0,66,"CO","",1.52,"E","MOUNT OAK RD",0,"F","E",73,"CO","","MITCHELLVILLE RD",38.92574654,-76.73295736,1,2,1,"M",1,2,NA,1,6,0,2,51,"P",0,NA,0,"",NA,"",NA,1,NA,"09-JAN-87","3ac85c5e-4d6e-4ba1-97d3-f2871b7f0cb8","MD","","","","A"
"6796","CBPD0063000X",1,16,13,3,14,2,1,1,1,0,6.01,"06-10-2016","07:49:00","","N","N","BOWIE","UNK",4,1,2166,"MU","",0,"E","PLUMWOOD CT",0,"F","E",2117,"MU","","PENFIELD LA",38.91799524,-76.73701286,1,0,1,"F",1,2,NA,1,6,0,2,56,"P",0,NA,0,"",NA,"N",NA,0,NA,"12-JUN-61","78b42738-659f-443a-b310-7b4a11c1f564","","","","",""
"6797","CBPD0064000C",1,16,NA,1,17,2,NA,1,1,11,6.01,"05-05-2015","13:00:00","","N","N","BOWIE","UNK",88,9,3630,"MU","",0.015,"W","LAKE MEADOWS DR",0,"M","W",3631,"MU","","SPRING MEADOWS DR",38.9681013,-76.76145315,1,0,1,"M",0,1,NA,0,15.88,0,88,0,"P",0,NA,0,"",NA,"",NA,0,NA,"12-MAY-60","88a094a4-e089-4782-a183-24584133bbd4","MD","","","",""
"6798","CBPD0067001F",1,16,13,3,17,2,2,1,3,0,6.01,"08-20-2016","17:07:00","509","Y","N","BOWIE","UNK",4,0,197,"MD","",4.03,"N","LAUREL BOWIE RD",50,"F","S",415,"CO","","OLD CHAPEL RD",38.98453866,-76.75718978,1,1,1,"M",1,2,NA,2,6,99,2,53,"P",0,NA,0,"",NA,"Y",NA,1,NA,"27-FEB-91  00:00:00","fcd55610-a321-405e-a2f3-4135724067bc","","","","","A"
"6799","CBPD0069000C",5.02,16,NA,1,17,2,1,3,1,0,6.01,"10-22-2015","07:20:00","","N","N","BOWIE","UNK",3,0,NA,"","",0,"S","JENNINGS MILL DR.",100,"F","S",NA,"","","JERRINGTON CT.",38.89556711,-76.74269378,1,0,1,"F",1,2,NA,1,6,0,1,52,"P",0,NA,0,"",NA,"Y",NA,0,NA,"12-AUG-05","c12181e4-b858-46e7-9a28-b5928245762b","","","","","A"
"6800","CBPD00700003",1,16,13,8.04,7,1,NA,1,1,0,0,"12/2/2016","12:45:00","","N","N","BOWIE","UNK",4,0,620,"MU","",0,"N","FAITH LA",150,"F","N",197,"MD","","COLLINGTON RD",38.96251741,-76.75138012,1,0,1,"M",1,3,NA,99,4,0,2,52,"P",0,NA,0,"",NA,"N",NA,1,NA,"9-Oct-99","8aa7c4a3-b019-467a-b981-31e804143e53","","","","",""
"6801","CBPD00710014",1,16,NA,2,88,1,NA,1,3,0,3,"03-14-2015","12:22:00","D31","Y","N","BOWIE","UNK",3,0,197,"MD","",4.03,"N","LAUREL BOWIE RD",0,"F","N",415,"CO","","OLD CHAPEL RD",38.98453241,-76.75723672,1,0,2,"F",1,2,NA,3,99,99,1,99,"P",0,NA,0,"",NA,"",NA,0,NA,"01-MAY-68","a007facd-eedd-480f-a602-db6f2dfa85e4","MD","c","","","A"
"6802","CBPD00710014",1,16,NA,2,88,1,NA,1,3,0,3,"03-14-2015","12:22:00","D31","Y","N","BOWIE","UNK",3,0,197,"MD","",4.03,"N","LAUREL BOWIE RD",0,"F","N",415,"CO","","OLD CHAPEL RD",38.98453241,-76.75723672,1,0,2,"F",1,5,NA,3,99,99,1,99,"P",0,NA,0,"",NA,"",NA,0,NA,"07-JUL-12","7d93d361-1cb8-4c69-870b-5db735a28aea","","","","","B"
"6803","CBPD0071001G",4,16,13,3,88,2,2,1,4,99,6.01,"09-10-2015","21:30:00","D31/0821","N","N","BOWIE","UNK",3,0,197,"MD","",3.28,"N","LAUREL BOWIE RD",NA,"M","S",450,"MD","","ANNAPOLIS RD",38.97486604,-76.7558527,1,0,1,"M",99,5,NA,2,99,99,1,99,"P",0,NA,0,"",NA,"U",NA,99,NA,"20-MAY-60","a497356f-d68b-4193-a6b5-c2a9ea478264","","","","","A"
"6804","CBPD0072000C",1,16,NA,2,17,2,4,1,3,0,7.01,"02-16-2015","12:30:00","0849","Y","N","BOWIE","UNK",4,4,609,"MU","",0.258,"S","EXCALIBUR RD",0,"F","S",73,"CO","","MITCHELLVILLE RD",38.94063534,-76.72722816,1,1,1,"M",1,3,NA,2,5,2,2,51,"P",0,NA,0,"",NA,"",NA,0,NA,"29-JUN-49","7a06f17d-8dd9-44b9-a102-2f972dab06be","MD","NONE","","","A"
"6805","CBPD0072001Q",1,16,13,1,17,2,2,1,3,0,7.01,"11/23/2016","16:00:00","D31","N","N","BOWIE","UNK",5,5,1910,"MU","",0.22,"N","MOYLAN DR",20,"F","N",1620,"MU","","MALIN LA",38.977852,-76.74938321,1,0,1,"M",1,4,NA,2,6,0,2,88,"P",0,NA,0,"",NA,"Y",NA,21,NA,"30-Jul-08","b3a5bb8a-48e3-433f-89be-46b1f564adbd","","","","","A"
"6806","CBPD00730010",1,16,NA,1,88,2,1,1,3,0,6.01,"05-28-2015","17:15:00","0833","Y","N","BOWIE","UNK",3,0,197,"MD","",1.97,"N","COLLINGTON RD",15,"F","N",5082,"CO","","TONGUE AVE",38.95707281,-76.74628258,1,0,1,"M",9.88,3,NA,2,0,3,1,88,"P",0,NA,0,"",NA,"",NA,1,NA,"21-DEC-65","42a7539c-2717-4f9e-b49e-f151d6363338","MD","","","","A"
"6807","CBPD00730015",1,16,NA,NA,17,NA,NA,NA,NA,0,6.01,"08-03-2015","13:53:00","0810","N","N","BOWIE","UNK",3,0,NA,"","",NA,"","",NA,"","",NA,"","","",38.98544977,-76.75834179,1,0,1,"F",1,2,NA,3,88,1,1,53,"P",0,NA,0,"",NA,"N",NA,0,NA,"22-JUN-37","e511e197-a5a2-42a1-b7fd-f42a8bd2cb2a","MD","","","","A"
"6808","CBPD0073001B",6.02,16,NA,NA,17,NA,NA,NA,NA,0,7.01,"12-29-2015","16:54:00","0866","N","N","BOWIE","UNK",3,0,NA,"","",NA,"","",NA,"","",NA,"","","",38.9360403,-76.7201069,1,1,1,"F",1,3,NA,2,11.05,1,1,88,"P",0,NA,0,"",NA,"N",NA,1,NA,"08-JUL-79","db275db4-cfdb-4e5c-aaa8-7a57de24696d","MD","","","",""
"6809","CBPD00750004",1,16,NA,3,17,2,1,1,1,0,6.01,"03-22-2015","16:45:00","","N","N","BOWIE","UNK",3,0,1190,"MU","",0,"N","KENWAY LA",20,"F","N",1410,"MU","","KNOWLEDGE LA",38.96111067,-76.73250675,1,0,1,"M",1,2,NA,3,6,1,1,52,"P",0,NA,0,"",NA,"",NA,0,NA,"23-DEC-06","679aac56-8916-465a-aae6-426c2189c088","","","","","A"
"6810","CBPD0075000X",1,16,0,2,17,1,NA,1,3,0,3,"04-12-2016","09:10:00","","Y","N","BOWIE","UNK",4,0,450,"MD","",10.417,"E","ANNAPOLIS RD",0,"F","E",5068,"CO","","HIGH BRIDGE RD",38.97233038,-76.77349091,1,0,1,"F",1,1,NA,3,9.05,2,2,51,"P",0,NA,0,"",NA,"N",NA,1,NA,"17-NOV-94","59c52da4-6d68-476d-a8ec-35d66399c0d8","","","","",""