"UNIQUE_ID","REPORT_NO","LIGHT_CODE","COUNTY_NO","MUNI_CODE","JUNCTION_CODE","COLLISION_TYPE_CODE","SURF_COND_CODE","LANE_CODE","RD_COND_CODE","RD_DIV_CODE","FIX_OBJ_CODE","WEATHER_CODE","ACC_DATE","ACC_TIME","LOC_CODE","SIGNAL_FLAG","C_M_ZONE_FLAG","AGENCY_CODE","AREA_CODE","HARM_EVENT_CODE1","HARM_EVENT_CODE2","RTE_NO","ROUTE_TYPE_CODE","RTE_SUFFIX","LOG_MILE","LOGMILE_DIR_FLAG","MAINROAD_NAME","DISTANCE","FEET_MILES_FLAG","DISTANCE_DIR_FLAG","REFERENCE_NO","REFERENCE_TYPE_CODE","REFERENCE_SUFFIX","REFERENCE_ROAD_NAME","LATITUDE","LONGITUDE","drv","occ","ped","SEX_CODE","CONDITION_CODE","INJ_SEVER_CODE","OCC_SEAT_POS_CODE","PED_VISIBLE_CODE","PED_LOCATION_CODE","PED_OBEY_CODE","PED_TYPE_CODE","MOVEMENT_CODE","PERSON_TYPE","ALCOHOL_TEST_CODE","ALCOHOL_TESTTYPE_CODE","DRUG_TEST_CODE","DRUG_TESTRESULT_CODE","BAC_CODE","FAULT_FLAG","EQUIP_PROB_CODE","SAF_EQUIP_CODE","EJECT_CODE","DATE_OF_BIRTH","PERSON_ID","LICENSE_STATE_CODE","CLASS","CDL_FLAG","VEHICLE_ID","EMS_UNIT_LABEL"
"7044","CT8274002C",1,23,115,2,17,2,4,1,4,0,6.01,"08-22-2015","10:29:00","208","Y","N","OCEANCITY","UNK",4,0,528,"MD","",2.09,"S","COASTAL HWY",0,"F","S",410,"MU","","JAMESTOWN RD",38.42157569,-75.05657539,1,0,1,"M",1,4,NA,1,88,0,2,53,"P",0,NA,0,"",NA,"N",NA,1,NA,"08-SEP-67","8b569c13-01bf-4207-add3-8040b2b34611","MD","C","","","A"
"7045","CT8274003T",1,23,115,2,17,2,1,1,4,0,6.01,"07-23-2016","12:49:00","316","Y","N","OCEANCITY","UNK",3,0,528,"MD","",4.42,"S","COASTAL HWY",0,"F","S",9356,"MU","","67TH ST",38.38894123,-75.0654147,1,0,1,"F",1,2,NA,3,5,2,1,51,"P",0,NA,0,"",NA,"N",NA,1,NA,"07-AUG-95  00:00:00","d6f0ae6f-a17b-4849-a42d-dbc1563b3326","","NONE","","","A"
"7046","CT82740042",3,23,115,1,17,2,1,1,1,0,7.01,"09-21-2016","02:19:00","022","N","N","OCEANCITY","UNK",3,0,9101,"MU","",0.07,"E","16TH ST",100,"F","E",60,"MU","","BALTIMORE AVE #2",38.34566999,-75.07789493,1,0,1,"M",2,3,NA,1,6,1,1,56,"P",0,NA,0,"",NA,"N",NA,1,NA,"29-JUL-80  00:00:00","483fffb7-0b8f-4ac3-8f08-1d819acfe4bb","MD","C","","","A"
"7047","CT8274004C",3,23,115,2,17,2,2,1,4,0,6.01,"5/21/2017","2:24:00","122","Y","N","OCEANCITY","UNK",3,0,528,"MD","",5.7,"S","COASTAL HWY",0,"F","S",9245,"MU","","45TH ST",38.371228,-75.0703425,1,0,1,"M",2,5,NA,3,6,3,1,51,"P",0,NA,0,"",NA,"Y",NA,1,NA,"18-Sep-93","735d969b-ecee-4af0-8613-1045a6ba17be","VA","D","","","A"
"7048","CT8274004H",1,23,115,2,17,2,4,1,4,0,6.01,"6/1/2017","17:05:00","216","Y","N","OCEANCITY","UNK",1,0,528,"MD","",4.24,"S","COASTAL HWY",0,"F","S",9370,"MU","","70TH ST",38.39145948,-75.06445706,1,0,1,"M",1,3,NA,3,8,0,2,54,"P",0,NA,0,"",NA,"Y",NA,1,NA,"27-Aug-96","681d9781-47c2-4653-9ab3-96b65c8cc073","MD","ID","","","A"
"7049","CT8274004M",3,23,115,2,17,2,1,1,4,0,6.01,"6/14/2017","21:20:00","574","Y","N","OCEANCITY","UNK",3,0,528,"MD","",5.05,"S","COASTAL HWY",0,"F","S",9300,"MU","","56TH ST",38.38031865,-75.06801501,1,0,1,"F",1,3,NA,1,5,2,1,51,"P",0,NA,0,"",NA,"N",NA,1,NA,"2-Feb-68","53c05215-74eb-4fc7-9ba2-409e2511a960","","","","",""
"7050","CT8274004N",3,23,115,1,88,2,4,1,4,0,2,"6/16/2017","20:40:00","549","N","N","OCEANCITY","UNK",4,0,528,"MD","",4.53,"S","COASTAL HWY",150,"F","N",9345,"MU","","65TH ST",38.38740187,-75.0658229,1,0,1,"M",1,2,NA,1,8,0,2,53,"P",0,NA,0,"",NA,"N",NA,1,NA,"24-Jun-99","de9fdfec-1f26-4dbf-a734-7bcf484c6c86","","","","","A"
"7051","CT8274004T",1,23,115,2,88,2,4,1,4,0,6.01,"6/29/2017","19:48:00","401","Y","N","OCEANCITY","UNK",4,0,528,"MD","",3.29,"S","COASTAL HWY",0,"F","S",120,"MU","","BERING RD",38.40483353,-75.06023323,1,0,1,"M",1,2,NA,1,8,0,2,53,"P",0,NA,0,"",NA,"N",NA,1,NA,"15-Aug-55","964baf28-27c8-4a84-b0bf-8dfa4d9ef4cf","MD","C","","","A"
"7052","CT8278000J",3,23,NA,1,17,2,3,1,4,0,6.01,"06-20-2015","02:14:00","0134","N","N","OCEANCITY","UNK",3,0,528,"MD","",5.51,"S","COASTAL HWY",100,"F","S",9260,"MU","","48TH ST",38.37404631,-75.06953716,1,1,1,"F",2,3,NA,3,4,1,1,52,"P",0,NA,0,"",NA,"",NA,0,NA,"29-MAY-94","8845f09a-a2ec-455a-a0d7-52554f3523de","PA","","","","A"
"7053","CT8278000T",1,23,115,3,17,2,2,1,4,0,6.01,"09-18-2015","18:52:00","0301","Y","N","OCEANCITY","UNK",3,0,528,"MD","",6.72,"S","PHILADELPHIA AVE",13,"F","N",9160,"MU","","28TH ST",38.35715478,-75.07480502,1,1,1,"F",2,4,NA,99,4,3,1,52,"P",0,NA,0,"",NA,"Y",NA,1,NA,"13-OCT-85","37aaa5f5-1819-43ac-8df7-175af22e3cd4","NY","d","","","B"
"7054","CT8278000W",3,23,115,0,17,2,3,1,4,0,0,"01-01-2016","01:27:00","0037","Y","N","OCEANCITY","UNK",3,0,528,"MD","",1.61,"S","COASTAL HWY",0,"F","S",9530,"MU","","123RD ST",38.42839547,-75.0555253,1,1,1,"F",2,3,NA,3,5,3,1,51,"P",0,NA,0,"",NA,"Y",NA,1,NA,"06-MAY-64","460b12f2-6413-41cd-a960-5c8fac0c8b67","PA","D","","","A"
"7055","CT82780010",1,23,115,1,17,2,4,1,3,8,7.01,"04-11-2016","07:17:00","0025","N","Y","OCEANCITY","UNK",9,9,528,"MD","",2.86,"S","COASTAL HWY",25,"F","S",0,"UU","","ENT TO OCEAN PLAZA MALL",38.41042584,-75.05865008,1,0,1,"M",1,1,NA,4,88,1,88,59,"P",0,NA,0,"",NA,"N",NA,25.88,NA,"26-NOV-80","60f9f513-b6af-4fbf-9c37-da5a4647d89d","MD","C","","",""
"7056","CT82780014",3,23,115,1,17,2,2,1,2,0,0,"06-05-2016","00:37:00","0568","N","N","OCEANCITY","UNK",3,0,378,"MD","",1.02,"N","BALTIMORE AVE",90,"F","N",378,"MD","B","9TH ST",38.34027614,-75.08150518,1,3,1,"M",99,4,NA,3,6,1,1,52,"P",0,NA,0,"",NA,"Y",NA,0,NA,"11-NOV-47","718ecba1-3454-489c-afb0-c61bafc8fc31","DE","","","","A"
"7057","CT82780018",3,23,115,2,17,2,1,1,4,0,6.01,"07-18-2016","01:13:00","0057","N","N","OCEANCITY","UNK",4,0,60,"MU","",0.06,"N","BALTIMORE AVE #2",0,"F","N",9101,"MU","","16TH ST",38.34587351,-75.07863253,1,0,1,"M",99,3,NA,2,6,0,2,53,"P",0,NA,0,"",NA,"N",NA,1,NA,"31-JAN-89  00:00:00","e9602990-6fe5-4fee-9632-cf7d1cab8305","MD","C","","",""
"7058","CT8278001C",3,23,115,0,9,2,2,1,4,0,6.01,"08-02-2016","00:03:00","0002","Y","N","OCEANCITY","UNK",4,0,528,"MD","",1.12,"S","COASTAL HWY",20,"F","S",9565,"MU","","130TH ST",38.43530652,-75.05445175,1,1,1,"M",1,3,NA,2,9.05,0,2,51,"P",0,NA,0,"",NA,"Y",NA,1,NA,"17-JUL-95  00:00:00","8e72886d-d026-4be3-b70e-3aec56770919","XX","NONE","","","A"
"7059","CT8278001D",3,23,115,0,17,2,2,1,4,0,6.01,"08-14-2016","01:43:00","0065","Y","N","OCEANCITY","UNK",3,0,528,"MD","",1.61,"S","COASTAL HWY",0,"F","S",9530,"MU","","123RD ST",38.42840177,-75.05547166,1,0,1,"M",99,4,NA,2,5,3,1,51,"P",0,NA,0,"",NA,"Y",NA,0,NA,"05-JUL-96  00:00:00","6f8c5830-4c9a-47c4-bd44-cf841a94f0ea","CT","UU","","","A"
"7060","CT8278001G",3,23,115,1,17,2,4,1,4,0,0,"08-27-2016","00:23:00","0004","N","N","OCEANCITY","UNK",1,1,528,"MD","",3.84,"S","COASTAL HWY",50,"F","S",9405,"MU","","77TH ST",38.39695252,-75.06268144,1,4,1,"F",1,3,NA,3,6,1,2,52,"P",0,NA,0,"",NA,"Y",NA,1,NA,"26-MAR-95  00:00:00","a9b68e48-d50a-45d0-8cc5-e82dd241178a","XX",NA,"","","A"
"7061","CT8279000H",3,23,115,2,11,2,1,1,4,0,6.01,"07-21-2016","21:24:00","0420","N","N","OCEANCITY","UNK",4,0,9630,"MU","",0,"E","143RD ST",0,"F","E",528,"MD","","COASTAL HWY",38.44830163,-75.05273446,1,0,1,"M",1,3,NA,1,3,1,2,51,"P",0,NA,0,"",NA,"Y",NA,0,NA,"02-AUG-81  00:00:00","a891190a-4afd-4021-8865-c5a55c67e869","MD","","","","A"
"7062","CT8281000H",1,23,115,2,17,2,1,1,88,0,6.01,"05-28-2016","19:08:00","537","N","N","OCEANCITY","UNK",3,0,9035,"MU","",0.27,"E","4TH ST",0,"F","E",0,"UU","","ROAD END",38.335026,-75.08298106,1,0,1,"M",1,3,NA,1,14.88,1,1,54,"P",0,NA,0,"",NA,"U",NA,1,NA,"10-SEP-96","21dcfcd8-7615-43e7-a6e8-0b24d3fc5687","","","","",""
"7063","CT8297000D",1,23,115,1,3,2,1,1,4,0,6.01,"06-22-2016","19:54:00","367","N","N","OCEANCITY","UNK",1,0,528,"MD","",7.57,"S","PHILADELPHIA AVE",50,"F","N",9090,"MU","","15TH ST",38.37180892,-75.11901855,1,0,1,"M",0,1,NA,0,0,0,88,0,"P",0,NA,0,"",NA,"N",NA,0,NA,"03-MAY-74","adb8ca8e-6757-452d-9548-b1257e4cb437","MD","C","","",""
"7064","CT8297000H",3,23,115,2,17,2,4,1,4,0,6.01,"09-14-2016","22:53:00","008","Y","N","OCEANCITY","UNK",6,0,528,"MD","",7.44,"S","PHILADELPHIA AVE",0,"F","S",9105,"MU","","17TH ST",38.34756533,-75.0794365,1,0,1,"F",1,2,NA,3,6,0,7,51,"P",0,NA,0,"",NA,"Y",NA,0,NA,"11-AUG-93  00:00:00","046129e7-c0b8-4559-8c26-ba53b6e7946e","","","","","A"
"7065","CTC6720007",1,23,115,1,7,2,NA,1,4,0,6.01,"07-30-2015","13:19:00","287","N","N","OCEANCITY","UNK",4,0,528,"MD","",0,"S","COASTAL HWY",30,"F","S",0,"UU","","DELAWARE ST/L",38.45095047,-75.05222082,1,0,1,"M",1,3,NA,3,6,0,2,53,"P",0,NA,0,"",NA,"N",NA,1,NA,"27-DEC-92","a6722c15-4f14-4c75-9909-07cde7bd52ec","HI",NA,"","","A"
"7066","CTE4530005",3,23,115,1,8,2,4,1,2,0,6.01,"07-18-2015","23:14:00","925","N","N","OCEANCITY","UNK",4,0,528,"MD","",1.01,"S","COASTAL HWY",0,"F","S",0,"UU","","ENT TO BUSINESS",38.43682501,-75.05427003,1,0,1,"F",1,3,NA,1,8,0,2,53,"P",0,NA,0,"",NA,"N",NA,1,NA,"13-DEC-92","46e76f15-fc9e-41c9-bfb6-3ebddaaeed95","","","","",""
"7067","CTE7510002",3,23,NA,2,11,2,3,1,4,0,6.01,"06-10-2015","00:36:00","646","Y","N","OCEANCITY","UNK",4,0,528,"MD","",6.63,"S","PHILADELPHIA AVE",0,"F","S",9165,"MU","","30TH ST",38.35803184,-75.07469237,1,0,1,"F",1,2,NA,1,5,3,2,51,"P",0,NA,0,"",NA,"",NA,1,NA,"16-JAN-92","5b05d5c8-8e29-4314-91f4-abd4b306ddf3","","","","",""
"7068","CTE7510005",3,23,115,1,9,2,NA,1,4,0,6.01,"07-25-2015","23:18:00","351","N","N","OCEANCITY","UNK",4,0,528,"MD","",5.51,"S","COASTAL HWY",55,"F","S",0,"UU","","CROSSOVER",38.37584207,-75.06939769,1,0,1,"F",0,3,NA,2,8,0,2,53,"P",0,NA,0,"",NA,"N",NA,1,NA,"06-DEC-92","8261f41e-6c44-4af2-b4cf-cca0bba56a40","","","","","A"
"7069","CTF4020002",1,23,NA,NA,2,NA,NA,NA,NA,0,6.01,"08-06-2015","14:42:00","276","N","N","OCEANCITY","UNK",4,0,NA,"","",NA,"","",NA,"","",NA,"","","",38.42168812,-75.0576067,1,0,1,"F",1,3,NA,1,6,0,2,54,"P",0,NA,0,"",NA,"Y",NA,1,NA,"14-JAN-65","3a0a6136-07a9-4088-9ce7-6292df50ef83","MD","C","","",""
"7070","CTF4040002",3,23,115,3,88,2,4,1,2,0,6.01,"07-18-2015","23:29:00","923","N","N","OCEANCITY","UNK",3,0,528,"MD","",5.05,"S","COASTAL HWY",1,"F","N",9300,"MU","","56TH ST",38.38026188,-75.06807804,1,5,1,"M",0,1,NA,99,8,1,2,53,"P",0,NA,0,"",NA,"N",NA,99,NA,"08-FEB-95","537feda2-7aae-4cea-b873-1099007e5103","MD","N/A","","",""
"7071","CTF4060001",3,23,115,0,17,2,3,1,4,0,6.01,"08-03-2015","21:00:00","500","Y","N","OCEANCITY","UNK",3,0,528,"MD","",6.39,"S","PHILADELPHIA AVE",15,"F","N",9185,"MU","","33RD ST",38.36162621,-75.07288992,1,3,1,"M",1,3,NA,2,6,3,1,51,"P",0,NA,0,"",NA,"Y",NA,1,NA,"02-OCT-57","47fb6826-6776-42b8-8536-4cd28b3d967d","VA","","","","A"
"7072","CTF4280001",1,23,NA,NA,17,NA,NA,NA,NA,0,6.01,"06-12-2015","10:26:00","2644","N","N","OCEANCITY","UNK",3,0,NA,"","",NA,"","",NA,"","",NA,"","","",38.41551815,-75.05648017,1,0,1,"M",1,3,NA,3,2,0,1,56,"P",0,NA,0,"",NA,"",NA,0,NA,"08-JUN-94","145d0d79-28cc-4b40-86fa-a79ddcf04148","MD","","","","A"
"7073","CTF4480001",1,23,115,2,88,2,NA,1,4,0,6.01,"07-16-2015","17:05:00","0406","Y","N","OCEANCITY","UNK",4,0,528,"MD","",6.86,"S","PHILADELPHIA AVE",0,"F","S",9150,"MU","","26TH ST",38.35505,-75.07605667,1,1,1,"F",1,2,NA,1,9.05,2,2,51,"P",0,NA,0,"",NA,"Y",NA,1,NA,"18-NOV-79","46833c88-8743-4d9a-85c0-8603d2d784d3","","","","","A"
"7074","CTF4630002",1,23,115,1,1,0,1,1,2,0,6.01,"07-23-2016","08:33:00","","N","N","OCEANCITY","UNK",4,1,528,"MD","",8.61,"S","PHILADELPHIA AVE",15,"F","S",50,"US","","N DIVISION ST",38.33221722,-75.08710563,1,1,1,"M",1,2,NA,3,1,0,2,54,"P",0,NA,0,"",NA,"Y",NA,1,NA,"08-JUL-92  00:00:00","11990cae-3c63-4ccf-9ae4-a18559288f48","","","","","A"
"7075","CTG584000B",1,23,115,2,88,2,1,1,4,0,6.01,"08-10-2016","14:08:00","178","Y","N","OCEANCITY","UNK",3,0,528,"MD","",3.61,"S","COASTAL HWY",0,"F","S",9425,"MU","","81ST ST",38.40020653,-75.06151333,1,0,1,"F",1,2,NA,1,5,2,1,51,"P",0,NA,0,"",NA,"N",NA,0,NA,"22-MAY-52  00:00:00","b0ac50b7-89df-40bd-8208-bad61695e665","PA","C","","","A"
"7076","CTX304000B",3,23,NA,3,17,2,1,1,2,0,6.01,"12/31/2016","21:41:00","147","Y","N","OCEANCITY","UNK",3,0,NA,"","",1.19,"N","BALTIMORE AVE",5,"F","N",9075,"MU","","12TH ST",38.34233149,-75.08039743,1,0,1,"M",2,3,NA,2,6,4,1,52,"P",0,NA,0,"",NA,"Y",NA,0,NA,"4-Sep-94","fc7ff918-fba4-4e7c-9429-70dba9d6efd8","DE","ID","","",""
"7077","CTX305000J",1,23,115,2,17,2,1,1,4,88,6.01,"07-02-2016","07:31:00","0205","Y","N","OCEANCITY","UNK",3,0,9530,"MU","",0.1,"W","123RD ST",0,"F","W",528,"MD","","COASTAL HWY",38.42837446,-75.05533755,1,0,1,"F",1,3,NA,1,5,2,1,51,"P",0,NA,0,"",NA,"N",NA,1,NA,"16-AUG-59  00:00:00","8ea27512-109e-46de-a434-767df4679380","PA","","","","A"
"7078","CTX3050011",3,23,NA,NA,88,NA,NA,NA,NA,0,3,"5/29/2017","1:07:00","43","N","N","OCEANCITY","UNK",3,0,NA,"","",NA,"","",NA,"","",NA,"","","",38.37465612,-75.07093862,1,0,1,"M",2,1,NA,2,3,1,1,63.88,"P",0,NA,0,"",NA,"N",NA,1,NA,"19-Feb-95","deb8c8cf-8c5a-4a23-8cfe-afa0812e8271","NY","D","","",""
"7079","CTX306002G",3,23,NA,2,17,2,1,1,4,0,6.01,"05-24-2015","21:52:00","691","Y","N","OCEANCITY","UNK",3,0,528,"MD","",5.7,"S","COASTAL HWY",0,"F","S",9245,"MU","","45TH ST",38.37116124,-75.07037401,1,3,1,"M",2,4,NA,3,9.05,3,1,51,"P",0,NA,0,"",NA,"",NA,1,NA,"02-MAR-87","0f74f145-4dd1-45e5-a38d-8f28931d2773","MD","C","","","A"
"7080","CTX3060038",3,23,115,1,3,2,2,1,3,0,6.01,"08-09-2015","20:41:00","626","N","N","OCEANCITY","UNK",4,0,50,"US","",14.16,"E","OCEAN GATEWAY",0,"F","E",0,"UU","","STRUC #23007 SINEPUXENT BAY",38.33177867,-75.0869065,1,0,1,"M",1,3,NA,6,6,1,2,53,"P",0,NA,0,"",NA,"N",NA,26.88,NA,"28-AUG-73","4a9ff71d-85cd-41ab-a138-4c657349b0ad","FL","E","","","A"
"7081","CTX306003D",3,23,NA,NA,17,NA,NA,NA,NA,0,7.01,"08-24-2015","20:27:00","379","N","N","OCEANCITY","UNK",3,16,NA,"","",NA,"","",NA,"","",NA,"","","",38.33137245,-75.08493304,1,1,1,"M",1,1,NA,3,88,1,1,54,"P",0,NA,0,"",NA,"Y",NA,1,NA,"21-JUN-40","0b048094-19d3-4212-8a8b-69560f3b2bbb","MD","C","","",""
"7082","CTX306003G",6.02,23,115,1,7,2,4,1,4,0,7.01,"08-25-2015","19:43:00","346","N","N","OCEANCITY","UNK",6,0,528,"MD","",2.97,"S","COASTAL HWY",10,"F","N",9490,"MU","","94TH ST",38.40933924,-75.05851865,1,0,1,"M",1,1,NA,3,3,1,7,57,"P",0,NA,0,"",NA,"Y",NA,21,NA,"22-SEP-06","54817924-74f6-46cc-8e3f-0a07dec945a9","","NONE","","",""
"7083","CTX306003J",3,23,115,3,3,2,3,1,2,0,7.01,"08-30-2015","21:19:00","484","Y","N","OCEANCITY","UNK",4,0,378,"MD","",0.54,"N","BALTIMORE AVE",10,"F","N",9020,"MU","","2ND ST",38.33356902,-75.08507252,1,0,1,"F",1,4,NA,6,6,1,2,53,"P",0,NA,0,"",NA,"N",NA,88,NA,"03-NOV-78","800a5f87-887a-4e6b-9ff1-2c0e5422a98c","MD","C","","","A"
"7084","CTX306004F",3,23,115,9.04,17,2,3,1,2,0,7.01,"06-17-2016","22:22:00","","N","N","OCEANCITY","UNK",3,0,378,"MD","",0.61,"N","BALTIMORE AVE",50,"F","S",9030,"MU","","3RD ST",38.33415813,-75.0847654,1,0,1,"U",99,2,NA,99,6,1,1,53,"P",0,NA,0,"",NA,"Y",NA,99,NA,"17-JUN-16","7bd3175e-7b75-4e28-9670-2c0752ce7812","XX","","","",""
"7085","CTX306004W",3,23,0,9.04,3,1,4,1,4,0,3,"07-08-2016","22:49:00","498","N","N","OCEANCITY","UNK",4,3,528,"MD","",5.63,"S","COASTAL HWY",0,"F","S",0,"UU","","ENT TO BUSINESS",38.37279304,-75.07018089,1,1,1,"F",1,3,NA,1,6,0,2,53,"P",0,NA,0,"",NA,"N",NA,1,NA,"20-NOV-96  00:00:00","c1144938-2ae8-402e-864d-d15f6dc6bfcb","XX","NONE","","","A"
"7086","CTX306004X",3,23,115,8.04,17,2,2,1,3,0,7.01,"07-15-2016","20:51:00","504","N","N","OCEANCITY","UNK",3,0,800,"MU","",1.04,"S","ST LOUIS AVE #2",218,"F","S",9010,"MU","","1ST ST",38.33313283,-75.08794133,1,5,1,"M",1,3,NA,2,6,1,1,52,"P",0,NA,0,"",NA,"Y",NA,1,NA,"22-OCT-12  00:00:00","1129a7a8-7081-47bd-a845-0cb9d512af49","XX","NONE","","","A"
"7087","CTX306004Z",1,23,115,9.04,11,2,NA,1,4,0,7.01,"07-21-2016","18:34:00","349","N","N","OCEANCITY","UNK",5,3,528,"MD","",6.28,"S","COASTAL HWY",0,"F","S",9195,"MU","","35TH ST",38.3634445,-75.07264617,1,1,1,"M",1,4,NA,2,3,1,2,54,"P",0,NA,0,"",NA,"Y",NA,1,NA,"19-SEP-97  00:00:00","6908b824-adc4-4214-b238-dd0c9cc0770e","XX","NONE","","","A"
"7088","CTX3060053",1,23,115,1,17,2,4,3,4,0,7.01,"07-27-2016","19:15:00","284","N","N","OCEANCITY","UNK",5,0,528,"MD","",6.33,"S","COASTAL HWY",70,"F","S",9190,"MU","","34TH ST",38.36201633,-75.07298733,1,0,1,"U",99,2,NA,99,6,1,2,53,"P",0,NA,0,"",NA,"Y",NA,99,NA,"01-JAN-01  00:00:00","f3e8ec94-49e4-42dd-a017-6341e1e232ee","XX","XX","","",""
"7089","CTX3060057",3,23,115,3,17,2,3,1,4,0,7.01,"08-06-2016","03:15:00","078","Y","N","OCEANCITY","UNK",3,0,528,"MD","",5.47,"S","COASTAL HWY",5,"F","N",9265,"MU","","49TH ST",38.37452785,-75.06971017,1,0,1,"F",1,2,NA,4,9.05,3,1,59,"P",0,NA,0,"",NA,"Y",NA,25.88,NA,"31-JAN-95  00:00:00","ee897125-6193-411e-9fe2-f49f0d551d5a","MD","C","","","A"
"7090","CTX306005J",3,23,115,3,11,2,2,1,4,0,6.01,"08-14-2016","01:03:00","039","Y","N","OCEANCITY","UNK",4,0,528,"MD","",6.72,"S","PHILADELPHIA AVE",5,"F","N",650,"MU","","ROBIN DR",38.35727883,-75.0752535,1,1,1,"M",2,1,NA,6,5,88,2,51,"P",0,NA,0,"",NA,"Y",NA,1,NA,"01-OCT-90  00:00:00","815439a1-77e7-490a-843b-4ca5a6f422e4","PA","ID","","",""
"7091","CTX306005R",1,23,115,3,17,88,NA,1,4,4,5,"09-03-2016","17:14:00","275","Y","N","OCEANCITY","UNK",16,3,528,"MD","",6.59,"S","PHILADELPHIA AVE",39,"F","N",9170,"MU","","30TH ST",38.35893413,-75.07398963,1,2,1,"F",1,4,NA,3,3,1,1,63.88,"P",0,NA,0,"",NA,"N",NA,1,NA,"18-JAN-75  00:00:00","71085268-ad82-4cf4-afcb-45814200fa04","PA","C","","","A"
"7092","CTX306006S",1,23,115,2,17,2,1,1,4,0,7.01,"5/21/2017","16:29:00","314","N","N","OCEANCITY","UNK",3,0,60,"MU","",0.99,"N","BALTIMORE AVE #2",0,"F","N",9170,"MU","","30TH ST",38.35867543,-75.07323325,1,0,1,"M",2,4,NA,2,9.05,1,1,51,"P",0,NA,0,"",NA,"N",NA,1,NA,"24-Feb-55","8ee60d3f-88f6-498e-8181-2bd8befa1d2e","MD","C","","","A"
"7093","CTX3060070",3,23,NA,NA,17,NA,NA,NA,NA,0,6.01,"6/10/2017","23:58:00","1038","N","N","OCEANCITY","UNK",3,0,NA,"","",NA,"","",NA,"","",NA,"","","",38.3395335,-75.08051008,1,3,1,"M",1,2,NA,2,88,1,1,56,"P",0,NA,0,"",NA,"N",NA,1,NA,"10-Dec-98","8cda1321-2395-499f-ab3f-05ab7d9d5c41","MD","C","","","A"
"7094","CTX3060072",1,23,115,2,17,2,1,1,4,0,7.01,"6/13/2017","17:09:00","416","Y","N","OCEANCITY","UNK",3,0,528,"MD","",1.96,"S","COASTAL HWY",0,"F","S",9505,"MU","","118TH ST",38.4234228,-75.05607516,1,0,1,"F",1,3,NA,3,9.05,2,1,51,"P",0,NA,0,"",NA,"N",NA,1,NA,"5-Mar-97","2b12e4ef-49e2-4226-9287-b6304eaa0e86","PA","C","","","A"
"7095","CTX3060075",3,23,115,1,17,2,1,1,1,0,7.01,"6/23/2017","21:53:00","609","N","N","OCEANCITY","UNK",4,0,9356,"MU","",0,"W","67TH ST",50,"F","W",528,"MD","","COASTAL HWY",38.38910489,-75.06527781,1,0,1,"F",1,4,NA,6,6,1,2,54,"P",0,NA,0,"",NA,"Y",NA,1,NA,"8-Oct-96","c289fc3c-7fbe-4344-beb8-bf549259613e","XX","XX","","","A"
"7096","CTX3060077",3,23,115,3,11,2,1,1,1,0,7.01,"6/26/2017","22:36:00","566","N","N","OCEANCITY","UNK",4,0,9480,"MU","",0,"E","92ND ST",3,"F","E",528,"MD","","COASTAL HWY",38.40802563,-75.05879492,1,0,1,"F",1,3,NA,2,10.88,1,2,51,"P",0,NA,0,"",NA,"Y",NA,1,NA,"4-Oct-95","b1865754-2358-408f-a4be-8edad706aafe","XX","XX","","","A"
"7097","CTX3080030",1,23,115,1,88,2,2,1,1,0,6.01,"07-09-2015","19:37:00","435","N","N","OCEANCITY","UNK",6,0,770,"MU","",0.28,"W","SOUTH OCEAN DR",52,"F","W",550,"MU","","OYSTER LA",38.43533331,-75.06148517,1,2,1,"M",1,4,NA,1,6,1,7,88,"P",0,NA,0,"",NA,"Y",NA,1,NA,"18-JUN-01","cb000be5-e3c9-4812-b634-00bba9166cbe","","","","","A"
"7098","CTX3080035",1,23,115,2,17,2,2,1,4,0,6.01,"07-24-2015","13:41:00","271","N","N","OCEANCITY","UNK",3,0,528,"MD","",4.94,"S","COASTAL HWY",0,"F","S",9310,"MU","","58TH ST",38.3818325,-75.06754227,1,2,1,"M",2,4,NA,1,6,1,1,51,"P",0,NA,0,"",NA,"Y",NA,1,NA,"11-JUL-62","19217bc2-0f25-463f-9b02-6bac3f2431bf","CT","","","","A"
"7099","CTX3080039",1,23,115,2,7,2,4,1,4,0,7.01,"08-07-2015","19:33:00","363","Y","N","OCEANCITY","UNK",4,0,528,"MD","",3.61,"S","COASTAL HWY",0,"F","S",9425,"MU","","81ST ST",38.40022965,-75.06161392,1,0,1,"M",1,3,NA,2,3,3,2,51,"P",0,NA,0,"",NA,"Y",NA,21,NA,"21-JAN-46","b78b940c-dc75-40e1-bfcc-857062542683","MD","C","","","A"
"7100","CTX308003D",1,23,115,2,11,2,4,1,4,0,6.01,"08-20-2015","18:00:00","238","Y","N","OCEANCITY","UNK",4,0,528,"MD","",6.16,"S","COASTAL HWY",0,"F","S",9205,"MU","","37TH ST",38.36476017,-75.07175765,1,2,1,"F",1,3,NA,1,6,1,2,54,"P",0,NA,0,"",NA,"Y",NA,1,NA,"23-MAY-92","f90c4234-7cad-4f17-9e51-7303e637d7de","","","","","A"