"UNIQUE_ID","REPORT_NO","LIGHT_CODE","COUNTY_NO","MUNI_CODE","JUNCTION_CODE","COLLISION_TYPE_CODE","SURF_COND_CODE","LANE_CODE","RD_COND_CODE","RD_DIV_CODE","FIX_OBJ_CODE","WEATHER_CODE","ACC_DATE","ACC_TIME","LOC_CODE","SIGNAL_FLAG","C_M_ZONE_FLAG","AGENCY_CODE","AREA_CODE","HARM_EVENT_CODE1","HARM_EVENT_CODE2","RTE_NO","ROUTE_TYPE_CODE","RTE_SUFFIX","LOG_MILE","LOGMILE_DIR_FLAG","MAINROAD_NAME","DISTANCE","FEET_MILES_FLAG","DISTANCE_DIR_FLAG","REFERENCE_NO","REFERENCE_TYPE_CODE","REFERENCE_SUFFIX","REFERENCE_ROAD_NAME","LATITUDE","LONGITUDE","drv","occ","ped","SEX_CODE","CONDITION_CODE","INJ_SEVER_CODE","OCC_SEAT_POS_CODE","PED_VISIBLE_CODE","PED_LOCATION_CODE","PED_OBEY_CODE","PED_TYPE_CODE","MOVEMENT_CODE","PERSON_TYPE","ALCOHOL_TEST_CODE","ALCOHOL_TESTTYPE_CODE","DRUG_TEST_CODE","DRUG_TESTRESULT_CODE","BAC_CODE","FAULT_FLAG","EQUIP_PROB_CODE","SAF_EQUIP_CODE","EJECT_CODE","DATE_OF_BIRTH","PERSON_ID","LICENSE_STATE_CODE","CLASS","CDL_FLAG","VEHICLE_ID","EMS_UNIT_LABEL"
"7216","DA2943001R",3,16,0,0,88,2,NA,1,88,0,6.01,"10/9/2016","20:00:00","","Y","N","PGCOPD","UNK",3,0,670,"CO","",0,"E","LEBANON ST",0,"M","W",193,"MD","","UNIVERSITY BLVD",38.9907843,-76.98948316,1,0,1,"M",1,3,NA,1,5,2,1,51,"P",0,NA,0,"",NA,"N",NA,0,NA,"29-Dec-07","a1abc0d9-5294-4eb9-8de2-25e89ff5344e","","","","","A"
"7217","DA2943001X",3,16,NA,2,88,2,2,1,4,0,6.01,"12/14/2016","18:00:00","","Y","N","PGCOPD","UNK",3,3,NA,"","",0.86,"E","EAST WEST HWY",0,"F","E",NA,"","","RIGGS RD",38.97215105,-76.97945237,1,0,2,"M",1,2,NA,0,5,3,1,51,"P",0,NA,0,"",NA,"Y",NA,0,NA,"22-Nov-97","9d8cee75-3e22-46a6-bcbb-fd4d0a8dc4a2","","","","","A"
"7218","DA2943001X",3,16,NA,2,88,2,2,1,4,0,6.01,"12/14/2016","18:00:00","","Y","N","PGCOPD","UNK",3,3,NA,"","",0.86,"E","EAST WEST HWY",0,"F","E",NA,"","","RIGGS RD",38.97215105,-76.97945237,1,0,2,"M",1,1,NA,2,5,3,1,51,"P",0,NA,0,"",NA,"Y",NA,0,NA,"16-Jan-96","6c81d90a-c3d2-4f77-b901-d885f27c7544","","","","",""
"7219","DA29750004",1,16,NA,NA,88,NA,NA,NA,NA,0,6.01,"05-20-2015","16:30:00","","N","N","PGCOPD","UNK",3,0,NA,"","",NA,"","",NA,"","",NA,"","","",38.93208134,-76.83479548,1,1,1,"F",1,4,NA,1,7,0,1,57,"P",0,NA,0,"",NA,"",NA,0,NA,"31-JUL-99","0bcea9f2-544f-4db4-83ea-d9ddd922f43d","","","","",""
"7220","DA29770008",3,16,0,88,88,2,NA,1,0,0,6.01,"11-14-2015","20:06:00","","N","N","PGCOPD","UNK",3,0,4475,"CO","",1.5,"S","HAMPTON PARK BLVD",100,"F","N",974,"CO","","RITCHIE MARLBORO RD",38.86998595,-76.85003042,1,0,1,"M",1,3,NA,3,88,1,1,88,"P",0,NA,0,"",NA,"U",NA,0,NA,"25-APR-60","a72704cc-3d1e-4b0a-aba4-4de1af806320","MD","C","","","A"
"7221","DA29870001",3,16,37,0,17,2,1,1,1,0,0,"03-18-2016","21:13:00","204","N","N","PGCOPD","UNK",3,0,151,"MU","",0.15,"E","BRANCHVILLE RD #1",10,"F","E",9510,"MU","","51ST AVE",38.9990128,-76.92183584,1,0,1,"M",0,3,NA,3,88,0,1,63.88,"P",0,NA,0,"",NA,"N",NA,0,NA,"29-SEP-53","7d86e548-580b-4498-bd12-4d6ce69438a1","","","","","A"
"7222","DA2988001B",3,16,11,1,17,2,2,1,1,0,6.01,"10-16-2015","23:48:00","","Y","N","PGCOPD","UNK",3,0,450,"MD","",0.39,"E","ANNAPOLIS RD",33,"F","E",0,"UU","","BLADENSBURG LIBRARY",38.93942949,-76.9345133,1,0,1,"M",2,5,NA,3,6,1,1,52,"P",0,NA,0,"",NA,"Y",NA,1,NA,"21-DEC-73","23cc8ef5-99df-423f-bb8c-bc58801a93bc","MD","ID","","",""
"7223","DA2988001J",4,16,0,0,17,1,1,1,3,0,3,"12-14-2015","18:33:00","","Y","N","PGCOPD","UNK",3,0,4,"MD","",11.92,"N","PENNSYLVANIA AVE",320,"F","N",458,"MD","","SILVER HILL RD",38.85347712,-76.90913558,1,0,1,"M",1,5,NA,2,6,1,1,52,"P",0,NA,0,"",NA,"Y",NA,0,NA,"12-JUL-76","c40cba52-8084-4dec-9858-547c9fc43f1e","MD","ID","","","A"
"7224","DA2988001S",4,16,0,1,17,1,1,1,3,0,3,"09-28-2016","20:49:00","","N","N","PGCOPD","UNK",3,0,75,"CO","",3.11,"W","SHERIFF RD",139,"F","E",351,"CO","","ADDISON RD",38.9049145,-76.91777095,1,0,1,"M",99,5,NA,2,6,0,1,52,"P",0,NA,0,"",NA,"Y",NA,0,NA,"24-FEB-55  00:00:00","8206aef7-4587-4f42-aa6b-0cc6d4c96a22","MD","ID","","",""
"7225","DA2988001V",4,16,0,1,17,0,4,1,4,0,6.01,"10/12/2016","22:27:00","","N","N","PGCOPD","UNK",3,0,450,"MD","",3.93,"E","ANNAPOLIS RD",108,"F","E",5738,"CO","","W LANHAM DR",38.88769351,-76.88976869,1,0,1,"M",99,5,NA,2,6,1,1,52,"P",0,NA,0,"",NA,"Y",NA,1,NA,"14-Jan-69","9670b7f9-d4e3-477a-84de-b6c433a47365","","","","",""
"7226","DA2988001W",1,16,0,0,17,2,1,1,4,0,6.01,"11/10/2016","12:36:00","","N","N","PGCOPD","UNK",3,0,3460,"CO","",0,"N","LAKE ARBOR WAY",175,"F","N",214,"MD","","CENTRAL AVE",38.89846873,-76.8078661,1,0,1,"M",1,4,NA,2,6,1,1,56,"P",0,NA,0,"",NA,"Y",NA,0,NA,"24-Jun-95","d6e4d06c-78a5-492a-a54f-a7ba4fdaeffc","MD","ID","","","A"
"7227","DA29880025",3,16,0,0,17,2,1,1,3,0,6.01,"6/11/2017","2:12:00","","N","N","PGCOPD","UNK",3,0,212,"MD","",1.79,"N","RIGGS RD",281,"F","S",1654,"CO","","DREXEL ST",38.97955343,-76.97844788,1,0,1,"M",99,4,NA,3,6,1,1,52,"P",0,NA,0,"",NA,"Y",NA,0,NA,"2-Mar-86","d6ecd176-8138-4a73-9a1c-18c9c0695820","OH","D","","","A"
"7228","DA29910003",1,16,NA,2,88,2,NA,1,4,0,6.01,"01-08-2015","17:00:00","","Y","N","PGCOPD","UNK",3,0,704,"MD","",1.51,"E","MARTIN LUTHER KING JR HWY",0,"F","E",75,"CO","","SHERIFF RD",38.90949382,-76.89218402,1,0,1,"M",1,1,NA,2,13.88,3,1,52,"P",0,NA,0,"",NA,"Y",NA,0,NA,"28-JAN-81","ed0881be-8afb-4604-8921-e0418e8d47ba","","","","","A"
"7229","DA3013000B",1,16,0,2,88,2,2,1,4,0,7.01,"12-11-2015","11:38:00","","Y","N","PGCOPD","UNK",3,0,1263,"CO","",0,"S","28TH AVE",0,"F","S",5466,"CO","","IVERSON ST",38.83797775,-76.95021629,1,0,1,"F",1,3,NA,2,10.88,88,1,51,"P",0,NA,0,"",NA,"Y",NA,0,NA,"27-JUL-90","6b31155e-28c5-4305-b625-98fa0f898d49","","","","","A"
"7230","DA3013000H",1,16,0,1,88,2,1,1,1,0,6.01,"08-10-2016","18:43:00","","N","N","PGCOPD","UNK",3,0,2483,"CO","",0.05,"E","JARVIS AVE",500,"F","W",1440,"CO","","GALLOWAY DR",38.8136591,-76.98116362,1,0,1,"M",NA,3,NA,3,6,1,1,52,"P",0,NA,0,"",NA,"Y",NA,1,NA,"17-MAR-09  00:00:00","d9e1bc1c-5aff-4539-97b5-116fe2dd9d6f","","","","",""
"7231","DA30200006",1,16,NA,NA,99,NA,NA,NA,NA,0,6.01,"01-09-2015","15:58:00","","N","N","PGCOPD","UNK",3,0,NA,"","",NA,"","",NA,"","",NA,"","","",38.78310171,-76.89661503,1,0,1,"F",1,4,NA,3,88,0,1,52,"P",0,NA,0,"",NA,"",NA,0,NA,"08-JUL-72","679871d2-f3ae-4fae-aa2a-c0e7c0c4acbb","","","","","A"
"7232","DA3020001N",1,16,0,2,88,2,1,1,1,0,6.01,"03-20-2016","11:20:00","","N","N","PGCOPD","UNK",4,0,135,"CO","",1.35,"E","OLD INDIAN HEAD RD",0,"F","E",3646,"CO","","DULEY STATION RD",38.75188173,-76.81048259,1,0,1,"M",1,3,NA,1,1,0,2,88,"P",0,NA,0,"",NA,"N",NA,21,NA,"07-AUG-56","b2e380cc-31cf-4079-8542-eca4937f4a1f","","","","","A"
"7233","DA30200023",1,16,0,0,88,2,1,1,1,0,0,"09-06-2016","18:36:00","","N","N","PGCOPD","UNK",4,0,4819,"CO","",0.46,"S","MIDLAND TURN",25,"F","N",5232,"CO","","ARCUS CT",38.75743827,-76.78862929,1,1,1,"M",99,2,NA,3,6,0,2,54,"P",0,NA,0,"",NA,"Y",NA,21,NA,"13-MAR-60  00:00:00","821be82d-de01-45f1-a29f-f8842a777500","","","","",""
"7234","DA3020002Q",1,16,0,1,88,2,1,1,1,0,0,"4/27/2017","17:06:00","","N","N","PGCOPD","UNK",3,0,223,"MD","",7.22,"N","PISCATAWAY RD",50,"F","S",391,"CO","","PINE VIEW LA",38.76674422,-76.88902438,1,0,1,"M",1,2,NA,3,6,1,1,52,"P",0,NA,0,"",NA,"Y",NA,1,NA,"3-Jan-97","faf5dd0e-8d0a-4833-ab01-9da35a939ac6","","","","","A"
"7235","DA30330004",1,16,0,1,17,2,3,1,4,0,6.01,"07-16-2015","18:42:00","","N","N","PGCOPD","UNK",3,0,214,"MD","",0.96,"E","CENTRAL AVE",15,"F","E",0,"UU","","ENT TO METRO STATION",38.88698262,-76.8961215,1,0,1,"F",1,3,NA,0,9.05,1,1,52,"P",0,NA,0,"",NA,"N",NA,0,NA,"20-FEB-78","3ef1e634-b0b6-4e02-9198-c98cc8ebc585","DC","d","","","A"
"7236","DA3033000F",3,16,0,2,88,2,NA,1,3,0,6.01,"2/11/2017","18:01:00","","Y","N","PGCOPD","UNK",3,3,3074,"CO","",0,"S","MARLBORO PIKE",0,"F","S",0,"UU","","WASH DC LINE",38.87382831,-76.93375692,1,0,1,"M",1,3,NA,1,5,2,1,51,"P",0,NA,0,"",NA,"N",NA,0,NA,"28-Jul-32","612cea9a-6d98-48e8-9921-e5a84d65ea2e","DC","MA","","","A"
"7237","DA3035000G",1,16,0,88,17,2,3,1,4,0,6.01,"07-21-2015","14:55:00","","Y","Y","PGCOPD","UNK",3,0,193,"MD","",0.17,"E","UNIVERSITY BLVD",10,"F","W",0,"UU","","ENT TO BUSINESS",38.99083694,-76.98955894,1,0,1,"M",1,3,NA,3,5,88,1,52,"P",0,NA,0,"",NA,"Y",NA,0,NA,"13-JAN-09","60526abd-79f4-42ab-b451-7bcb42a2e4ee","","","","","A"
"7238","DA3035000H",1,16,0,1,88,2,1,1,1,0,0,"07-23-2015","16:40:00","","N","N","PGCOPD","UNK",3,0,347,"OP","",0.27,"W","15TH AVE",40,"F","W",2760,"CO","","15TH AVE (BACK)",38.99051588,-76.98213995,1,10,1,"M",1,2,NA,3,6,1,1,55,"P",0,NA,0,"",NA,"Y",NA,0,NA,"16-JUL-06","b1f8827c-3aef-4fc7-a81b-76233a42d7bd","","","","","A"
"7239","DA30350011",1,16,NA,NA,17,NA,NA,NA,NA,0,6.01,"05-30-2016","15:30:00","","N","N","PGCOPD","UNK",3,0,NA,"","",NA,"","",NA,"","",NA,"","","",38.96305548,-76.89693153,1,0,1,"F",1,2,NA,3,88,0,1,59,"P",0,NA,0,"",NA,"N",NA,25.88,NA,"25-FEB-96","0337cd46-abfd-4914-b6ea-e6d41e966470","","","","",""
"7240","DA30490002",1,16,NA,0,88,3,NA,1,1,0,88,"02-26-2015","17:30:00","","N","N","PGCOPD","UNK",3,0,377,"CO","",0.12,"N","BENNING RD",0,"F","N",1627,"CO","","CLOVIS AVE",38.87447982,-76.92974567,1,0,1,"M",1,3,NA,3,6,1,1,56,"P",0,NA,0,"",NA,"",NA,0,NA,"26-NOV-05","9844f5ac-eec7-432b-8b32-0396d5be7c24","","","","","A"
"7241","DA30490005",3,16,NA,0,17,1,1,1,3,0,3,"04-10-2015","05:15:00","","N","N","PGCOPD","UNK",3,0,4475,"CO","",0.08,"S","HAMPTON PARK BLVD",75,"F","S",4495,"CO","","HAMPTON MALL DR NORTH",38.88919565,-76.85327053,1,0,1,"M",1,3,NA,2,6,1,1,52,"P",0,NA,0,"",NA,"",NA,1,NA,"13-JUN-60","782d9cf6-f2a6-4af1-a64c-ff7106ca2210","MD","ID","","","A"
"7242","DA30510009",3,16,0,2,17,2,1,1,3,0,6.01,"08-12-2015","22:24:00","","Y","N","PGCOPD","UNK",4,0,81,"CO","",1.35,"N","SUITLAND RD",0,"F","N",119,"GV","","SUITLAND PKWY",38.83611413,-76.90298796,1,0,1,"M",1,4,NA,3,10.88,1,2,52,"P",0,NA,0,"",NA,"Y",NA,1,NA,"05-FEB-65","7fee08f0-d85f-457a-b296-243529f72250","","","","","A"
"7243","DA3051000C",3,16,0,2,17,2,2,1,3,0,6.01,"08-15-2015","22:00:00","","N","N","PGCOPD","UNK",3,0,3074,"CO","",1.25,"S","MARLBORO PIKE",0,"F","S",2828,"CO","","BROOKS DR",38.86644412,-76.91676378,1,0,1,"M",1,3,NA,2,6,1,1,99,"P",0,NA,0,"",NA,"U",NA,1,NA,"15-AUG-15","be17aaa9-13e6-4e2b-a76c-ef84e5e7c265","","","","","A"
"7244","DA3062000Y",1,16,0,9.04,88,2,NA,1,1,0,7.01,"08-07-2015","13:41:00","RA 0656 ","N","N","PGCOPD","UNK",3,0,414,"MD","",1.039,"E","OXON HILL RD",900,"F","E",1203,"CO","","LIVINGSTON RD",38.80390675,-76.9851172,1,0,1,"F",1,2,NA,1,11.05,1,1,51,"P",0,NA,0,"",NA,"N",NA,1,NA,"21-MAR-45","13891362-a856-48b0-828a-191034d0399a","DC","D","","",""
"7245","DA3062001B",1,16,0,2,11,2,1,1,4,0,6.01,"04-12-2016","15:51:00","RA 0407","Y","N","PGCOPD","UNK",4,0,4475,"CO","",0.08,"S","HAMPTON PARK BLVD",0,"F","S",4495,"CO","","HAMPTON MALL DR NORTH",38.88929586,-76.85321689,1,0,1,"M",1,3,NA,2,9.05,3,2,51,"P",0,NA,0,"",NA,"Y",NA,1,NA,"27-JAN-79","ff9de20f-14d7-4896-939a-b154234be5e8","DC","NONE ","","","A"
"7246","DA30710006",1,16,NA,1,11,3,1,88,1,0,6.01,"02-27-2015","15:45:00","418","N","N","PGCOPD","UNK",3,0,200,"MU","",0.28,"E","HIGHVIEW PL",20,"F","E",4966,"OP","","KEYWORTH CT",38.87633408,-76.91043377,1,0,1,"M",0,3,NA,88,6,1,1,59,"P",0,NA,0,"",NA,"",NA,0,NA,"31-JUL-08","c9c1c18b-307f-4e6d-8ecb-b620f7f271cc","","","","","A"
"7247","DA3071000Z",1,16,NA,NA,11,NA,NA,NA,NA,0,7.01,"08-10-2015","17:42:00","424","N","N","PGCOPD","UNK",3,0,NA,"","",NA,"","",NA,"","",NA,"","","",38.84345133,-76.89406157,1,0,1,"M",1,2,NA,3,88,1,1,55,"P",0,NA,0,"",NA,"Y",NA,1,NA,"20-OCT-08","cc54c172-2eea-4376-8ce6-c426d18c661b","","","","",""
"7248","DA3071002G",6.02,16,0,1,3,2,1,1,3,0,0,"07-21-2016","20:11:00","423","N","N","PGCOPD","UNK",1,4,2828,"CO","",0,"N","BROOKS DR",150,"F","N",458,"MD","","SILVER HILL RD",38.85211001,-76.92004882,1,0,1,"F",1,2,NA,0,0,1,2,53,"P",0,NA,0,"",NA,"Y",NA,99,NA,"14-SEP-56  00:00:00","0d6ddc34-3439-4061-90ea-dc138c629ca8","DC","D","","","A"
"7249","DA3086000B",1,16,0,2,2,2,NA,1,1,0,6.01,"08-15-2016","08:03:00","","N","N","PGCOPD","UNK",4,0,21,"CO","",1.65,"S","MUIRKIRK RD",0,"F","S",2595,"CO","","CEDARBROOK LA",39.05598416,-76.85505152,1,0,1,"M",1,3,NA,3,1,1,2,53,"P",0,NA,0,"",NA,"N",NA,21,NA,"13-JAN-60  00:00:00","ea46b5c4-7ac5-471a-8a80-19b3bca1cdbe","","","","","A"
"7250","DA30880006",6.02,16,NA,1,7,2,1,1,2,0,0,"10-15-2015","18:45:00","","N","N","PGCOPD","UNK",4,0,NA,"","",0,"","CAPE TEAL CT",300,"F","W",NA,"","","GREEN WING TER",38.86726277,-76.77542746,1,0,1,"F",0,1,NA,2,6,1,2,53,"P",0,NA,0,"",NA,"N",NA,21,NA,"20-AUG-62","25236f7b-ac19-406b-9f38-25913dbf7f85","","","","",""
"7251","DA3093000B",3,16,NA,0,17,7.01,2,1,1,0,3,"04-14-2015","20:29:00","","N","N","PGCOPD","UNK",3,0,414,"MD","",1.039,"E","OXON HILL RD",810,"F","E",1203,"CO","","LIVINGSTON RD",38.803659,-76.988222,1,0,1,"M",2,4,NA,2,6,1,1,52,"P",88,2,88,"U",NA,"",NA,1,NA,"07-AUG-61","da4760f7-9a29-4d11-8eb3-8e386244bd43","","","","","A"
"7252","DA3093000D",1,16,NA,2,2,2,3,1,4,9,6.01,"05-23-2015","15:56:00","","Y","N","PGCOPD","UNK",1,3,109,"MU","",0,"S","EDITORS PARK DR",0,"F","S",410,"MD","","EAST WEST HWY",38.96688,-76.95755,2,0,4,"M",1,4,NA,3,3,2,1,56,"P",0,NA,0,"",NA,"",NA,0,NA,"29-MAR-05","0efe6866-ccf2-4c13-874c-cfc93c2e178b","","","","","C"
"7253","DA3093000D",1,16,NA,2,2,2,3,1,4,9,6.01,"05-23-2015","15:56:00","","Y","N","PGCOPD","UNK",1,3,109,"MU","",0,"S","EDITORS PARK DR",0,"F","S",410,"MD","","EAST WEST HWY",38.96688,-76.95755,2,0,4,"F",0,4,NA,3,3,2,1,56,"P",0,NA,0,"",NA,"",NA,1,NA,"07-MAR-03","b097f442-149b-42d5-b0cf-548ee6b86998","","","","","D"
"7254","DA3093000D",1,16,NA,2,2,2,3,1,4,9,6.01,"05-23-2015","15:56:00","","Y","N","PGCOPD","UNK",1,3,109,"MU","",0,"S","EDITORS PARK DR",0,"F","S",410,"MD","","EAST WEST HWY",38.96688,-76.95755,2,0,4,"M",1,4,NA,1,3,2,1,56,"P",88,99,88,"U",NA,"",NA,0,NA,"08-JUL-83","68c86c8e-33fc-47fa-ab25-363f4ef25001","","","","","E"
"7255","DA3093000D",1,16,NA,2,2,2,3,1,4,9,6.01,"05-23-2015","15:56:00","","Y","N","PGCOPD","UNK",1,3,109,"MU","",0,"S","EDITORS PARK DR",0,"F","S",410,"MD","","EAST WEST HWY",38.96688,-76.95755,2,0,4,"M",1,5,NA,1,3,2,1,56,"P",0,NA,0,"",NA,"",NA,1,NA,"21-NOV-07","76fa8211-0f79-4bd3-8b5e-ca4ae5bc9b67","","","","","B"
"7256","DA3093000J",5.02,16,0,1,3,2,1,1,1,0,0,"12-15-2015","14:13:00","","N","N","PGCOPD","UNK",6,0,828,"CO","",0.64,"S","LARCHMONT AVE",50,"F","S",382,"CO","","FABLE ST",38.87645101,-76.92048132,1,0,1,"M",5,4,NA,3,6,0,7,53,"P",88,88,88,"U",NA,"Y",NA,1,NA,"17-MAY-59","867a8fed-e9f8-42f1-8e4c-2f29f042a6f6","","","","","A"
"7257","DA3093000K",3,16,0,9.04,17,1,1,0,1,0,2,"02-03-2016","20:43:00","","N","N","PGCOPD","UNK",3,0,223,"MD","",6.49,"N","PISCATAWAY RD",200,"F","N",3356,"CO","","ABSHER LA",38.76472502,-76.90141082,1,0,1,"M",99,5,NA,2,6,1,1,51,"P",99,88,99,"U",NA,"Y",NA,1,NA,"01-OCT-44","c0949155-3aba-4509-95b4-f48a6b5049c4","MD","C","","",""
"7258","DA3093000L",1,16,0,9.04,88,2,2,1,1,4,6.01,"03-11-2016","11:53:00","","N","N","PGCOPD","UNK",3,3,14,"CO","",2.493,"W","CHERRY HILL RD",700,"F","E",0,"UU","","MAJOR DENTON DR",39.0440205,-76.951684,1,0,1,"M",2,4,NA,99,6,1,1,54,"P",88,2,88,"U",NA,"Y",NA,1,NA,"06-JUN-78","7fd88716-d04e-42aa-9f5d-4274c25020e7","MD","","","","A"
"7259","DA3093000M",1,16,0,1,9,2,3,1,1,0,6.01,"08-26-2016","17:00:00","","N","N","PGCOPD","UNK",1,0,202,"MD","F",1.13,"W","ARENA DR",300,"F","W",5922,"CO","","BISHOP PEEBLES DR (AHEAD)",38.906282,-76.861467,1,1,1,"M",1,1,NA,3,6,0,7,88,"P",0,NA,0,"",NA,"Y",NA,1,NA,"28-JUN-91  00:00:00","40678f26-28f5-4da0-994a-efd71071e8a3","MD","C","","",""
"7260","DA3093000N",3,16,0,2,3,2,2,1,1,4,6.01,"10/8/2016","3:05:00","","Y","N","PGCOPD","UNK",3,1,414,"MD","",2.819,"E","ST BARNABAS RD",0,"F","E",1838,"CO","","WINSTON ST",38.81558013,-76.96271468,1,0,1,"F",99,5,NA,2,6,0,1,99,"P",99,NA,99,"",NA,"N",NA,1,NA,"4-Apr-93","256644f0-b511-4db1-98cf-25bf1a90c05e","","","","",""
"7261","DA3094000L",1,16,0,1,17,2,1,1,1,0,0,"03-23-2016","15:30:00","","N","N","PGCOPD","UNK",3,0,2179,"CO","",0,"W","100TH AVE",50,"F","W",2178,"CO","","SANTA CRUZ ST",38.97927403,-76.8375206,1,0,1,"M",0,3,NA,3,0,1,1,55,"P",0,NA,0,"",NA,"N",NA,1,NA,"03-DEC-09","473ce666-8f5c-47bc-9ee3-b41a457a2e16","","","","","A"
"7262","DA3111000F",1,16,39,1,88,2,1,1,1,0,6.01,"08-03-2016","07:30:00","RA 142","N","N","PGCOPD","UNK",3,0,30,"MU","",0.05,"N","COTTAGE TERR",100,"F","N",50,"MU","","SHEPHARD ST",38.94046844,-76.94988906,1,0,1,"F",1,2,NA,3,6,1,1,53,"P",0,NA,0,"",NA,"Y",NA,1,NA,"26-MAR-67  00:00:00","e0eccaf2-fb8f-46df-b9fb-fe9eafd6d9a4","MD","C","","",""
"7263","DA3111000J",1,16,0,2,2,2,NA,1,1,0,6.01,"09-08-2016","07:05:00","RA 114","N","N","PGCOPD","UNK",4,0,694,"CO","",0.21,"N","GUILFORD RD",0,"F","N",193,"MD","","UNIVERSITY BLVD",38.98355457,-76.97601512,1,1,1,"M",1,1,NA,1,5,1,2,51,"P",0,NA,0,"",NA,"N",NA,21,NA,"20-NOV-63  00:00:00","40953dc0-9a96-4b69-8cd4-574c7497b0ee","","","","",""
"7264","DA3111000V",1,16,0,0,17,2,1,1,4,0,6.01,"3/5/2017","10:55:00","RA 124","Y","N","PGCOPD","UNK",3,0,212,"MD","",1.26,"N","RIGGS RD",0.1,"M","S",410,"MD","","EAST WEST HWY",38.97143371,-76.98030263,1,0,1,"M",1,4,NA,3,5,1,1,52,"P",0,NA,0,"",NA,"N",NA,1,NA,"15-Sep-71","71f14801-b283-4755-b53a-9c3afcc7caaa","","","","","A"
"7265","DA3119000F",1,16,NA,1,17,1,1,1,1,0,3,"04-14-2015","14:38:00","","N","N","PGCOPD","UNK",3,0,148,"CO","",1.57,"E","BOCK RD",20,"F","E",3020,"CO","","KINGSWAY RD",38.78653898,-76.96796179,1,0,1,"F",99,5,NA,3,6,1,1,52,"P",3,2,3,"U",NA,"",NA,0,NA,"29-JAN-77","095b3b67-99df-477c-b6e5-79a894c6c029","","","","","A"
"7266","DA3119000G",4,16,0,2,17,2,1,1,4,0,6.01,"08-21-2015","22:16:00","","Y","N","PGCOPD","UNK",3,0,193,"MD","",17.51,"E","WATKINS PARK DR",0,"F","E",3574,"CO","","CHESTERTON DR",38.89780492,-76.79063559,1,0,1,"M",99,4,NA,3,9.05,3,1,51,"P",88,2,88,"",NA,"Y",NA,1,NA,"06-AUG-84","9349643a-5937-42ae-b49e-3687c369332f","","","","","A"
"7267","DA3119000L",3,16,0,1,17,2,1,1,1,0,7.01,"10-06-2015","23:33:00","","N","N","PGCOPD","UNK",3,0,1203,"CO","",1.62,"N","LIVINGSTON RD",NA,"M","N",1852,"CO","","STRATWOOD AVE",38.79804549,-76.98508501,1,0,1,"M",NA,5,NA,3,4,1,1,56,"P",88,2,88,"",NA,"Y",NA,1,NA,"10-SEP-55","5e06082c-5d8e-4af7-9c02-91fd69d19b13","","","","","A"
"7268","DA3119000N",1,16,0,2,17,2,1,1,4,0,6.01,"03-15-2016","18:26:00","","Y","N","PGCOPD","UNK",3,0,5,"MD","",14.03,"N","BRANCH AVE",0,"F","N",458,"MD","","SILVER HILL RD",38.83940573,-76.94630429,1,1,1,"M",99,5,NA,3,9.05,3,1,51,"P",99,NA,99,"",NA,"Y",NA,1,NA,"24-DEC-94","27ec0579-d956-4a2e-81f2-03f3edeff68e","","","","","A"
"7269","DA3119000P",3,16,0,3,17,2,3,1,4,0,6.01,"03-15-2016","20:38:00","","Y","N","PGCOPD","UNK",3,0,650,"MD","",3.16,"N","NEW HAMPSHIRE AVE",100,"F","S",0,"UU","","MONTGOMERY CO/L",39.00663644,-76.98018327,1,0,1,"M",99,4,NA,3,6,0,1,52,"P",99,NA,99,"",NA,"Y",NA,1,NA,"15-DEC-74","fa18f814-c955-4a43-a019-c2abdb17fa19","","","","","A"
"7270","DA3119000Q",1,16,0,1,17,2,NA,1,4,4,6.01,"07-20-2016","16:19:00","","N","N","PGCOPD","UNK",9,3,214,"MD","",0.96,"E","CENTRAL AVE",0,"F","E",0,"UU","","ENT TO METRO STATION",38.88705778,-76.89626098,1,1,1,"M",1,5,NA,3,12.88,1,1,56,"P",88,2,88,"U",NA,"N",NA,0,NA,"13-FEB-99  00:00:00","5716abfd-978f-4545-9f62-a0435f868021","","","","",""
"7271","DA3119000S",4,16,0,1,17,2,2,1,1,0,6.01,"07-22-2016","22:05:00","","N","N","PGCOPD","UNK",3,0,87,"CO","",3.02,"N","RITCHIE RD",35,"F","N",3964,"CO","","EDGEWORTH DR",38.8802262,-76.85889244,1,0,1,"M",99,5,NA,99,6,1,1,52,"P",3,2,3,"U",NA,"Y",NA,1,NA,"13-MAY-54  00:00:00","f599cede-7274-40dd-81da-52661af672a7","","","","","A"
"7272","DA3119000X",4,16,0,1,88,2,1,1,4,0,6.01,"1/25/2017","19:41:00","","N","N","PGCOPD","UNK",3,0,228,"MD","",0.1,"E","BERRY RD",150,"F","W",0,"UU","","SPUR TO MD 210",38.66523986,-77.01706164,3,0,1,"M",99,5,NA,3,6,1,1,99,"P",3,2,3,"",NA,"Y",NA,1,NA,"10-Apr-58","d628357a-919d-4170-a791-018cc12f6d2f","","","","",""
"7273","DA3133001Q",1,16,NA,NA,88,NA,NA,NA,NA,0,6.01,"6/22/2017","15:02:00","","N","N","PGCOPD","UNK",3,0,NA,"","",NA,"","",NA,"","",NA,"","","",38.95422156,-76.82395399,1,0,1,"M",1,2,NA,1,88,0,1,88,"P",0,NA,0,"",NA,"N",NA,0,NA,"27-Apr-48","9dacdedc-ab43-461a-aca1-fe818288cafc","","","","",""