"UNIQUE_ID","REPORT_NO","LIGHT_CODE","COUNTY_NO","MUNI_CODE","JUNCTION_CODE","COLLISION_TYPE_CODE","SURF_COND_CODE","LANE_CODE","RD_COND_CODE","RD_DIV_CODE","FIX_OBJ_CODE","WEATHER_CODE","ACC_DATE","ACC_TIME","LOC_CODE","SIGNAL_FLAG","C_M_ZONE_FLAG","AGENCY_CODE","AREA_CODE","HARM_EVENT_CODE1","HARM_EVENT_CODE2","RTE_NO","ROUTE_TYPE_CODE","RTE_SUFFIX","LOG_MILE","LOGMILE_DIR_FLAG","MAINROAD_NAME","DISTANCE","FEET_MILES_FLAG","DISTANCE_DIR_FLAG","REFERENCE_NO","REFERENCE_TYPE_CODE","REFERENCE_SUFFIX","REFERENCE_ROAD_NAME","LATITUDE","LONGITUDE","drv","occ","ped","SEX_CODE","CONDITION_CODE","INJ_SEVER_CODE","OCC_SEAT_POS_CODE","PED_VISIBLE_CODE","PED_LOCATION_CODE","PED_OBEY_CODE","PED_TYPE_CODE","MOVEMENT_CODE","PERSON_TYPE","ALCOHOL_TEST_CODE","ALCOHOL_TESTTYPE_CODE","DRUG_TEST_CODE","DRUG_TESTRESULT_CODE","BAC_CODE","FAULT_FLAG","EQUIP_PROB_CODE","SAF_EQUIP_CODE","EJECT_CODE","DATE_OF_BIRTH","PERSON_ID","LICENSE_STATE_CODE","CLASS","CDL_FLAG","VEHICLE_ID","EMS_UNIT_LABEL"
"7392","DA3503000B",3,16,0,3,17,2,1,1,3,88,6.01,"08-13-2016","23:38:00","946","Y","N","PGCOPD","UNK",9,0,212,"MD","",5.03,"N","RIGGS RD",700,"F","N",1875,"CO","","TOWHEE AVE",39.05773683,-76.9382228,1,0,1,"M",1,1,NA,0,0,0,88,0,"P",0,NA,0,"",NA,"N",NA,0,NA,"24-JUN-57  00:00:00","102c879f-3dce-4310-ab76-b40a9830f1ee","MD","CM","","",""
"7393","DA3503000D",1,16,NA,NA,88,NA,NA,NA,NA,0,6.01,"11/7/2016","8:48:00","939","N","N","PGCOPD","UNK",3,4,NA,"","",NA,"","",NA,"","",NA,"","","",39.04040818,-76.94723234,1,0,1,"M",1,3,NA,3,3,1,1,63.88,"P",0,NA,0,"",NA,"N",NA,1,NA,"27-Sep-65","4fcf9a64-7fb0-450b-9c34-7572566d2f56","","","","","A"
"7394","DA3503000H",3,16,0,1,6,1,1,1,1,88,3,"1/22/2017","20:20:00","924","N","N","PGCOPD","UNK",1,9,3244,"CO","",0,"N","CAROLINE AVE",500,"F","S",1526,"CO","","LEXINGTON AVE",39.04382779,-76.90739751,2,5,1,"M",1,1,NA,0,88,0,88,0,"P",0,NA,0,"",NA,"N",NA,0,NA,"1-Jul-76","8119969b-7988-44f3-8457-e1ec610c2cbc","","","","",""
"7395","DA3508000C",6.02,16,NA,1,3,0,1,1,4,0,6.01,"06-05-2015","18:16:00","","N","N","PGCOPD","UNK",3,0,201,"MD","",6.13,"N","KENILWORTH AVE",600,"F","N",105,"MU","","PONTIAC ST",38.98981958,-76.90648556,1,0,1,"M",1,3,NA,1,88,0,2,53,"P",0,NA,0,"",NA,"",NA,1,NA,"15-MAR-55","f9d34af2-5e53-4cfe-a247-28697479dab7","","","","","A"
"7396","DA3511000X",7.88,16,0,1,17,1,1,1,1,0,3,"03-13-2016","21:03:00","","N","N","PGCOPD","UNK",3,0,351,"CO","",0.92,"E","ADDISON RD",50,"F","E",240,"CO","","DUEL PL",38.90607501,-76.91764891,1,3,1,"M",1,2,NA,2,6,1,1,52,"P",0,NA,0,"",NA,"Y",NA,0,NA,"25-NOV-95","6f9b91c6-ef88-4606-9a8a-88c6a3cd19e0","","","","","A"
"7397","DA3511001B",3,16,0,88,17,2,1,1,1,0,6.01,"09-09-2016","23:53:00","","N","N","PGCOPD","UNK",3,0,804,"CO","",0.23,"N","75TH AVE",0,"F","S",0,"UU","","END ROUNDABOUT",38.93060097,-76.88239932,1,0,1,"F",1,2,NA,99,10.88,1,1,51,"P",0,NA,0,"",NA,"N",NA,1,NA,"19-NOV-88  00:00:00","54856243-2216-41e7-ac03-e080ec15e764","MD","C","","","A"
"7398","DA35150010",1,16,0,0,11,1,NA,0,1,0,7.01,"02-24-2016","15:10:00","","N","N","PGCOPD","UNK",3,3,6534,"CO","",0.168,"S","HUNTCHASE DR",50,"F","S",6158,"CO","","MARLIEGH DR",38.95250908,-76.79397225,1,0,1,"M",1,2,NA,99,6,0,1,59,"P",0,NA,0,"",NA,"U",NA,0,NA,"29-JAN-73","1f294892-a734-42eb-9726-a299f9356312","MD","C","","","A"
"7399","DA3516000X",4,16,0,1,88,2,1,0,1,0,6.01,"03-18-2016","20:09:00","","N","N","PGCOPD","UNK",3,0,599,"CO","",4.78,"N","BRANDYWINE RD",50,"F","N",130,"CO","","SURRATTS RD",38.75594486,-76.89503387,1,0,2,"F",1,2,NA,3,6,1,1,52,"P",0,NA,0,"",NA,"Y",NA,1,NA,"18-DEC-02","4a3b30d1-414a-45ad-8e41-1b0e64267a2b","","","","","B"
"7400","DA3516000X",4,16,0,1,88,2,1,0,1,0,6.01,"03-18-2016","20:09:00","","N","N","PGCOPD","UNK",3,0,599,"CO","",4.78,"N","BRANDYWINE RD",50,"F","N",130,"CO","","SURRATTS RD",38.75594486,-76.89503387,1,0,2,"F",1,2,NA,3,6,1,1,52,"P",0,NA,0,"",NA,"Y",NA,1,NA,"15-OCT-02","d187909f-aba5-4a98-99b6-cc98c62fe5b0","","","","","A"
"7401","DA3516001L",6.02,16,0,1,11,2,1,1,1,0,6.01,"4/20/2017","19:58:00","","N","N","PGCOPD","UNK",4,0,3675,"CO","",2.84,"N","OLD BRANCH AVE",600,"F","N",126,"CO","","ALLENTOWN RD",38.80351587,-76.90673903,1,0,1,"M",1,4,NA,0,6,1,2,52,"P",0,NA,0,"",NA,"N",NA,1,NA,"21-Aug-98","584fb765-ec55-4ff0-bac7-788b162bcdea","MD","C","","","A"
"7402","DA35200002",1,16,0,2,11,2,1,1,3,0,6.01,"06-21-2016","08:51:00","","Y","Y","PGCOPD","UNK",3,0,6706,"CO","",0.201,"S","WATERFRONT STREET",0,"F","S",6711,"CO","","MARINER PASSAGE",38.78415758,-77.01672569,1,0,1,"F",1,3,NA,1,5,2,1,51,"P",0,NA,0,"",NA,"N",NA,1,NA,"17-OCT-92","f75747ca-19d3-43a3-86e4-96bc241d316c","MD","","","","A"
"7403","DA35200006",1,16,NA,3,12,2,1,1,2,0,6.01,"5/26/2017","6:59:00","","Y","N","PGCOPD","UNK",4,4,NA,"","",0,"","NATIONAL HARBOR BLVD",2,"F","N",NA,"","","HABORVIEW AVE.",38.79220048,-77.01304436,1,0,1,"M",1,2,NA,1,8,2,2,88,"P",0,NA,0,"",NA,"N",NA,21,NA,"19-Sep-84","88f7f842-391c-4745-988e-dcabbfbc0dda","MD","C","","",""
"7404","DA35220007",1,16,NA,2,88,2,1,1,4,0,0,"03-12-2015","08:40:00","","Y","N","PGCOPD","UNK",3,0,193,"MD","",4.44,"E","UNIVERSITY BLVD",0,"F","E",1291,"CO","","RHODE ISLAND AVE",38.99816649,-76.92563653,1,0,1,"M",1,3,NA,3,9.05,3,1,51,"P",0,NA,0,"",NA,"",NA,1,NA,"03-AUG-78","08f2896b-c6cd-4f38-8f09-6eb129265743","MD","C","","","A"
"7405","DA35220014",6.02,16,NA,NA,88,NA,NA,NA,NA,0,0,"09-16-2016","19:30:00","0238","N","N","PGCOPD","UNK",4,0,NA,"","",NA,"","",NA,"","",NA,"","","",38.94968059,-76.88665867,1,0,1,"M",1,1,NA,1,88,0,2,88,"P",0,NA,0,"",NA,"N",NA,1,NA,"07-DEC-90  00:00:00","dd8429f8-acf3-4f2c-8cdf-1784ea30530e","","","","",""
"7406","DA35250007",1,16,0,3,11,2,2,1,4,0,6.01,"03-08-2016","06:35:00","","N","N","PGCOPD","UNK",3,0,704,"MD","",4.8,"E","MARTIN LUTHER KING JR HWY",10,"F","W",992,"CO","","92ND AVE",38.94340265,-76.84978098,1,0,1,"F",1,4,NA,3,6,1,1,52,"P",0,NA,0,"",NA,"Y",NA,0,NA,"28-APR-94","1d44bdc7-f915-43d6-a3b8-d1777517cd3a","","","","","A"
"7407","DA35300002",1,16,NA,NA,17,NA,NA,NA,NA,0,6.01,"06-09-2015","11:30:00","","N","N","PGCOPD","UNK",1,3,NA,"","",NA,"","",NA,"","",NA,"","","",38.8361977,-76.88440561,1,0,1,"M",1,2,NA,1,88,0,1,55,"P",0,NA,0,"",NA,"",NA,0,NA,"10-JUL-98","3428c732-423b-49a2-9736-400d8fbae8d1","","","","","A"
"7408","DA35420007",1,16,NA,1,17,4,3,1,4,9,6.01,"02-15-2015","09:21:00","","N","N","PGCOPD","UNK",3,9,197,"MD","",13.07,"N","LAUREL BOWIE RD",50,"F","N",6,"CO","","CONTEE RD",39.07392744,-76.84812069,1,0,1,"M",1,2,NA,3,3,0,1,63.88,"P",0,NA,0,"",NA,"",NA,0,NA,"11-SEP-04","0baa70f9-be76-44e1-a15e-400470554921","","","","",""
"7409","DA35430002",1,16,0,1,17,0,1,1,1,0,0,"2/7/2017","16:55:00","","N","N","PGCOPD","UNK",3,0,4909,"CO","",0,"E","COLONELS CHOICE",50,"F","W",4864,"CO","","JOHN ROGERS BLVD",38.82285846,-76.76012278,1,1,1,"M",1,3,NA,3,6,1,1,55,"P",0,NA,0,"",NA,"Y",NA,1,NA,"23-Jun-05","fc10215b-414d-4854-b2b4-02abfaa20900","","","","","A"
"7410","DA3546000J",6.02,16,0,1,88,2,1,1,1,0,7.01,"12-10-2015","17:07:00","","N","N","PGCOPD","UNK",3,0,599,"CO","",4.15,"N","BRANDYWINE RD",100,"F","N",5886,"CO","","SYMPOSIUM WAY",38.74903793,-76.8964541,1,1,1,"F",1,4,NA,3,2,0,1,53,"P",0,NA,0,"",NA,"Y",NA,0,NA,"17-OCT-01","74100a3a-ca03-4123-b772-225d2c5483a5","","","","","A"
"7411","DA3546000Z",3,16,0,0,17,2,1,1,1,2,7.01,"5/15/2017","0:30:00","","N","N","PGCOPD","UNK",10,9,557,"CO","",2.16,"S","DANGERFIELD RD",500,"F","N",130,"CO","","SURRATTS RD",38.75076577,-76.86964676,1,3,1,"M",2,3,NA,0,15.88,0,88,88,"P",0,NA,0,"",NA,"N",NA,0,NA,"10-Jan-87","9beea0e0-6d8c-452c-ad8a-acc5f2280e03","","","","","A"
"7412","DA35500003",3,16,0,0,88,2,1,1,1,0,88,"10-21-2015","01:00:00","","N","N","PGCOPD","UNK",3,0,6705,"CO","",0,"S","NATIONAL HARBOR BLVD",200,"F","S",6706,"CO","","WATERFRONT STREET",38.77936319,-77.0172286,1,0,1,"F",1,3,NA,3,0,0,1,53,"P",0,NA,0,"",NA,"Y",NA,0,NA,"31-DEC-80","6000256c-8c42-43f3-8eae-308f2081e6d0","","","","","A"
"7413","DA3555000K",1,16,0,1,88,2,1,1,1,0,6.01,"09-17-2016","10:00:00","","N","N","PGCOPD","UNK",4,0,373,"MD","",2.25,"E","ACCOKEEK RD",20,"F","W",724,"CO","","BERRY RD",38.67263757,-76.95477068,1,0,1,"F",1,2,NA,1,6,0,2,53,"P",0,NA,0,"",NA,"N",NA,1,NA,"10-OCT-62  00:00:00","cfebd5cc-b834-454b-a9b5-24face4a1e11","","","","","A"
"7414","DA35590004",1,16,NA,NA,88,NA,NA,NA,NA,88,6.01,"04-20-2015","17:04:00","16","N","N","PGCOPD","UNK",3,3,NA,"","",NA,"","",NA,"","",NA,"","","",38.85040342,-76.91768646,1,0,1,"M",1,1,NA,1,6,0,1,53,"P",0,NA,0,"",NA,"",NA,0,NA,"14-OCT-93","90772d54-c491-4d19-baf0-e000e580c2fd","DC","","","",""
"7415","DA35620005",3,16,0,2,17,2,1,1,0,0,6.01,"10-23-2015","21:18:00","0422","Y","N","PGCOPD","UNK",3,3,523,"CO","",0.41,"S","HURON AVE",0,"F","S",218,"MD","","SUITLAND RD",38.85086297,-76.9288981,1,0,2,"F",1,3,NA,3,10.88,1,1,51,"P",0,NA,0,"",NA,"N",NA,0,NA,"31-JUL-76","276cb482-0a18-4320-ae7b-1d63063105bc","","","","","A"
"7416","DA35620005",3,16,0,2,17,2,1,1,0,0,6.01,"10-23-2015","21:18:00","0422","Y","N","PGCOPD","UNK",3,3,523,"CO","",0.41,"S","HURON AVE",0,"F","S",218,"MD","","SUITLAND RD",38.85086297,-76.9288981,1,0,2,"F",1,1,NA,2,10.88,1,1,51,"P",0,NA,0,"",NA,"N",NA,0,NA,"06-DEC-94","fe9678e9-33d8-4f79-9986-aad6889940cd","","","","",""
"7417","DA3562000X",1,16,0,2,17,2,1,1,1,0,6.01,"3/19/2017","15:33:00","","Y","N","PGCOPD","UNK",3,0,366,"CO","",1.81,"S","ADDISON RD",0,"F","S",2799,"CO","","RONALD RD",38.87302957,-76.89475089,1,1,1,"M",0,4,NA,2,9.05,3,1,51,"P",0,NA,0,"",NA,"Y",NA,1,NA,"18-Oct-94","457f86ca-4dbf-4d18-8e47-39d499dac745","","","","","A"
"7418","DA35630014",3,16,0,0,88,2,1,0,2,0,6.01,"11/7/2016","19:40:00","","N","N","PGCOPD","UNK",4,0,374,"CO","",0.09,"S","HEATH ST",20,"F","S",378,"CO","","BALBOA AVE",38.96523172,-77.23695517,1,0,1,"M",2,1,NA,2,6,0,2,52,"P",0,NA,0,"",NA,"Y",NA,1,NA,"10-Feb-66","1a6e35af-4147-4204-8e61-ba39ed9465b2","DC","","","","A"
"7419","DA3565000V",3,16,0,2,88,1,1,1,3,0,3,"1/21/2017","19:32:00","","Y","N","PGCOPD","UNK",4,0,410,"MD","",1.3,"E","EAST WEST HWY",0,"F","E",680,"CO","","23RD AVE",38.96875195,-76.97296277,1,0,1,"M",1,3,NA,2,9.05,3,2,51,"P",0,NA,0,"",NA,"Y",NA,1,NA,"16-Nov-99","ca958fcd-07c4-4d17-95e5-5f09bf96a058","","","","","A"
"7420","DA3566000T",1,16,NA,2,17,2,1,1,1,0,6.01,"06-16-2015","13:36:00","0225","Y","N","PGCOPD","UNK",3,0,324,"CO","",0.3,"E","ROANOKE AVE",0,"F","E",5348,"OP","","62ND AVE",38.96348823,-76.91139936,1,1,1,"M",99,3,NA,1,6,3,2,51,"P",0,NA,0,"",NA,"",NA,1,NA,"21-NOV-01","24498eb4-2264-4655-94ab-74802cfd1b13","","","","",""
"7421","DA35780006",3,16,NA,2,17,2,1,1,1,0,0,"02-03-2015","18:12:00","","Y","N","PGCOPD","UNK",3,0,2822,"CO","",0.25,"E","ROCHELLE AVE",0,"F","E",367,"CO","","WALKER MILL RD",38.86429721,-76.89438343,1,0,1,"M",1,2,NA,3,9.05,3,1,51,"P",0,NA,0,"",NA,"",NA,0,NA,"12-DEC-96","58176927-7743-42be-88d7-d3e1355a5d19","MD","ID","","","A"
"7422","DA35780018",1,16,0,2,17,1,1,1,4,0,7.01,"12-22-2015","13:58:00","","Y","N","PGCOPD","UNK",3,0,458,"MD","",1.41,"N","SILVER HILL RD",0,"F","N",81,"CO","","SUITLAND RD",38.84881586,-76.92455292,1,0,1,"F",1,2,NA,2,6,3,1,52,"P",0,NA,0,"",NA,"Y",NA,0,NA,"17-MAY-06","dd543792-e800-4007-aae9-cd4a927c10b6","","","","","A"
"7423","DA3578001D",3,16,0,1,17,1,NA,0,4,0,0,"02-09-2016","05:38:00","","N","N","PGCOPD","UNK",3,0,458,"MD","",2.4,"N","SILVER HILL RD",25,"F","N",972,"MD","A","OLD SILVER HILL RD",38.85537475,-76.9059813,1,0,1,"F",1,3,NA,2,6,1,1,52,"P",0,NA,0,"",NA,"Y",NA,1,NA,"21-MAY-74","aa05e40a-44ab-4fd3-86a5-8f647ae6c79f","MD","C","","","A"
"7424","DA35780025",3,16,0,8.04,1,2,1,1,1,0,6.01,"09-13-2016","00:01:00","","N","N","PGCOPD","UNK",2,1,2668,"CO","",0,"W","HIL MAR DR",1,"M","W",85,"CO","","WALTERS LA",38.84305858,-76.89631462,2,1,1,"M",1,2,NA,1,4,0,88,88,"P",0,NA,0,"",NA,"N",NA,0,NA,"26-OCT-87  00:00:00","5de1680b-38c1-4482-af53-0763199b2285","GA","C","","",""
"7425","DA3578002C",3,16,0,2,17,2,1,1,1,0,6.01,"11/6/2016","19:10:00","","Y","N","PGCOPD","UNK",6,0,1303,"CO","",0.49,"S","LORRING DR",0,"F","S",3074,"CO","","MARLBORO PIKE",38.85146456,-76.88273191,1,0,1,"M",1,3,NA,2,10.88,1,7,51,"P",0,NA,0,"",NA,"Y",NA,1,NA,"24-Apr-97","5a12cbd1-9e50-4d29-8a42-6d237ab47eab","MD","","","","A"
"7426","DA3578002F",3,16,0,2,12,2,1,1,4,0,6.01,"11/22/2016","21:28:00","","Y","N","PGCOPD","UNK",4,0,458,"MD","",2.183,"N","SILVER HILL RD",0,"F","N",705,"CO","","WEST AVE",38.8527262,-76.91180706,1,0,1,"M",1,3,NA,2,11.05,3,2,51,"P",0,NA,0,"",NA,"Y",NA,1,NA,"12-Jan-96","529b5aef-9b52-4685-a5d4-36d793500bab","MD","ID","","","A"
"7427","DA35790006",3,16,0,0,88,2,2,1,3,88,6.01,"09-12-2016","22:50:00","","Y","N","PGCOPD","UNK",3,0,76,"CO","",1.35,"S","BRIGHTSEAT RD",600,"F","S",202,"MD","","LANDOVER RD",38.91719074,-76.86028719,1,0,1,"M",1,2,NA,4,5,0,88,88,"P",0,NA,0,"",NA,"N",NA,25.88,NA,"27-FEB-84  00:00:00","723ffab8-3b71-42b3-9d39-5d985801830d","","","","",""
"7428","DA35880013",4,16,0,1,88,2,2,1,4,0,6.01,"11/15/2016","18:10:00","16","N","N","PGCOPD","UNK",3,0,223,"MD","",7.65,"N","WOODYARD RD",200,"F","S",4939,"CO","","MIKE SHAPIRO DR",38.76915861,-76.88311815,1,0,1,"F",1,2,NA,2,6,1,1,52,"P",0,NA,0,"",NA,"Y",NA,0,NA,"1-Oct-68","55bf6b31-5ef1-404d-9e46-0433b93157fa","","","","","A"
"7429","DA35880015",1,16,0,1,17,2,2,1,4,0,6.01,"12/9/2016","13:51:00","16","N","N","PGCOPD","UNK",3,0,223,"MD","",7.53,"N","WOODYARD RD",500,"F","S",5,"RP","","RAMP 2 FR MD 223 WB TO RAMP 3 (TO MD 5)",38.76725136,-76.88746333,1,0,1,"M",1,4,NA,1,6,99,1,52,"P",0,NA,0,"",NA,"N",NA,0,NA,"28-Dec-78","bf35455a-21be-46a5-8fe7-6fd1538a3e5e","","","","","A"
"7430","DA3589000B",1,16,0,88,88,2,1,1,2,88,6.01,"07-22-2015","12:37:00","","N","N","PGCOPD","UNK",3,0,373,"MD","",0.269,"E","LIVINGSTON RD",0,"F","E",0,"UU","","ACCOKEEK VILLAGE CENTER",38.6700838,-77.00826734,1,0,1,"F",1,3,NA,1,2,0,1,56,"P",0,NA,0,"",NA,"N",NA,26.88,NA,"22-DEC-67","08a58b4a-091a-443d-ba15-f5f3150fb154","","","","","A"
"7431","DA3589000T",1,16,NA,NA,17,NA,NA,NA,NA,0,0,"1/25/2017","16:45:00","","N","N","PGCOPD","UNK",3,0,NA,"","",NA,"","",NA,"","",NA,"","","",38.80419415,-76.9843635,1,0,1,"U",NA,1,NA,0,88,0,1,88,"P",0,NA,0,"",NA,"Y",NA,0,NA,"4-Oct-98","2d003a94-8f04-4e89-9c18-e224c34375af","","","","",""
"7432","DA35970009",1,16,NA,NA,0,NA,NA,NA,NA,0,6.01,"08-21-2015","16:18:00","","N","N","PGCOPD","UNK",3,0,NA,"","",NA,"","",NA,"","",NA,"","","",38.82173002,-76.99316919,1,0,1,"M",1,2,NA,3,88,0,1,55,"P",0,NA,0,"",NA,"Y",NA,0,NA,"09-OCT-12","4a04e8e5-ce08-463d-98e1-99efd0554874","","","","","A"
"7433","DA3597000P",4,16,NA,1,17,2,1,1,3,88,0,"12/28/2016","16:41:00","","N","N","PGCOPD","UNK",3,0,NA,"","",1.829,"E","ST BARNABAS RD",200,"F","W",0,"MD","","JOHN HANSON LA",38.80503128,-76.97627664,1,0,1,"M",1,3,NA,2,4,1,1,52,"P",0,NA,0,"",NA,"Y",NA,1,NA,"26-Oct-92","56cc871c-02db-4004-aa7e-971efa948f6e","","","","","A"
"7434","DA35990004",3,16,NA,1,17,2,2,1,4,0,6.01,"03-22-2015","01:12:00","16","N","N","PGCOPD","UNK",3,0,650,"MD","",1.85,"N","NEW HAMPSHIRE AVE",60,"F","N",193,"MD","","UNIVERSITY BLVD",38.99024487,-76.98745608,1,0,1,"M",2,3,NA,2,6,1,1,52,"P",0,NA,0,"",NA,"",NA,0,NA,"04-JAN-76","0762fc48-9904-42b4-adc1-da7d66277638","","","","","A"
"7435","DA3599000L",1,16,0,1,17,2,NA,1,1,7,6.01,"10/31/2016","8:21:00","16","N","N","PGCOPD","UNK",9,9,467,"CO","",0.08,"W","CARSON CIR",NA,"F","E",329,"CO","","LA SALLE RD",38.94741939,-76.9774206,1,0,1,"M",0,1,NA,0,0,0,88,88,"P",0,NA,0,"",NA,"N",NA,0,NA,"21-May-36","80e5b359-0a20-45df-a8af-63d4ce1140dd","","","","",""
"7436","DA3600000C",1,16,0,2,88,2,NA,1,1,0,6.01,"07-30-2015","15:58:00","","N","N","PGCOPD","UNK",3,0,218,"MD","",1.23,"E","SUITLAND RD",0,"F","E",3640,"CO","","SHADYSIDE AVE",38.85215805,-76.93264246,1,0,1,"M",1,2,NA,3,6,1,1,88,"P",0,NA,0,"",NA,"Y",NA,1,NA,"17-JAN-01","3ce3aac5-3293-48ff-95e1-b2ec54775380","","","","","A"
"7437","DA3602000H",1,16,NA,1,88,2,3,1,4,0,6.01,"05-06-2015","11:09:00","","N","N","PGCOPD","UNK",3,0,414,"MD","",4.069,"E","ST BARNABAS RD",100,"F","E",4015,"CO","","CLIFTON RD",38.82645261,-76.94535613,1,0,1,"M",1,2,NA,3,6,3,2,52,"P",0,NA,0,"",NA,"",NA,1,NA,"11-AUG-97","b28bd4c5-b4f3-4394-8d86-f28e0a1c71d7","MD","","","","A"
"7438","DA3602000P",4,16,0,1,88,2,1,1,3,0,6.01,"07-20-2015","20:44:00","","N","N","PGCOPD","UNK",3,0,114,"CO","",3.04,"S","OXON HILL RD",100,"F","N",4524,"CO","","LIVINGSTON RD",38.80350542,-76.98832512,1,0,1,"M",2,2,NA,2,4,3,1,52,"P",0,NA,0,"",NA,"Y",NA,1,NA,"01-JAN-83","dae2dd4d-a39f-458b-8b3e-9479cbfaf0fb","","","","","A"
"7439","DA3602000V",3,16,0,0,88,2,1,1,1,0,6.01,"09-24-2015","20:11:00","","Y","N","PGCOPD","UNK",3,0,1950,"CO","",0,"N","GLEN ROCK AVE",0,"F","N",122,"CO","","BRINKLEY RD",38.80575449,-76.96349859,1,4,1,"F",1,2,NA,2,5,1,1,51,"P",0,NA,0,"",NA,"N",NA,0,NA,"17-DEC-97","d551eefb-ea54-40ef-bffb-1a113d475fdd","","","","","A"
"7440","DA3602001J",1,16,NA,NA,88,NA,NA,NA,NA,0,6.01,"04-28-2016","17:45:00","","N","N","PGCOPD","UNK",3,0,NA,"","",NA,"","",NA,"","",NA,"","","",38.82463048,-76.94735169,1,0,1,"M",1,1,NA,1,3,0,2,63.88,"P",0,NA,0,"",NA,"N",NA,1,NA,"01-JAN-00","cd0bd4f8-a8f1-4dc7-93eb-b3a9f6ea0656","","","","",""
"7441","DA36020021",1,16,0,2,88,2,1,1,88,0,6.01,"10/15/2016","12:45:00","","Y","N","PGCOPD","UNK",3,0,5,"MD","",14.69,"N","BRANCH AVE",0,"F","N",0,"UU","","ENT TO BUSINESS",38.84893284,-76.9535315,1,0,1,"M",1,1,NA,3,1,0,1,99,"P",0,NA,0,"",NA,"U",NA,0,NA,"27-May-60","cb868c44-8a27-4091-85d0-127d8c4f715a","","","","",""
"7442","DA36020023",4,16,0,0,88,2,2,1,1,0,6.01,"11/16/2016","19:00:00","","N","N","PGCOPD","UNK",3,0,110,"CO","",1.64,"W","WHEELER RD",0,"U","E",563,"CO","","WHEELER HILL RD",38.83183514,-76.98619008,1,0,1,"M",2,4,NA,2,4,1,1,52,"P",0,NA,0,"",NA,"Y",NA,1,NA,"31-Jan-63","2d7ee5c0-52e4-43d9-a3ca-1ba69d1622be","","","","","A"
"7443","DA3605000J",1,16,NA,1,88,2,1,1,1,0,6.01,"09-09-2015","15:57:00","","N","N","PGCOPD","UNK",3,0,NA,"","",0,"","WALKER MILL RD",100,"F","S",NA,"","","ADDISON RD S",38.86771385,-76.89182997,1,0,1,"F",1,2,NA,1,6,1,1,88,"P",0,NA,0,"",NA,"Y",NA,0,NA,"21-FEB-06","30707b64-1645-4890-996c-055233b2bb72","","","","","A"
"7444","DA3605000V",1,16,NA,1,88,1,1,1,1,0,6.01,"01-27-2016","11:22:00","","N","N","PGCOPD","UNK",3,0,NA,"","",0,"","SUITLAND RD",50,"F","W",NA,"","","SILVER HILL RD",38.84891404,-76.92488015,1,0,1,"U",1,3,NA,2,88,1,1,56,"P",0,NA,0,"",NA,"N",NA,1,NA,"14-OCT-88","ae087551-9c0b-45b8-a3d4-473885a9e31b","","","","",""
"7445","DA3605001K",3,16,NA,2,17,1,2,1,4,0,3,"3/7/2017","21:13:00","","Y","N","PGCOPD","UNK",3,0,NA,"","",0,"","PENNSYLANIA RD ",0,"F","E",NA,"","","WALTERS LN",38.84532834,-76.89181924,1,0,1,"M",1,3,NA,2,2,99,1,51,"P",0,NA,0,"",NA,"N",NA,1,NA,"9-Nov-62","6be54289-22a3-4f2b-b6fb-25e2b59a6649","MD","D","","","A"
"7446","DA36130005",1,16,0,1,11,2,1,0,2,0,6.01,"09-28-2015","17:43:00","","N","N","PGCOPD","UNK",3,0,1239,"CO","",0.13,"E","BERKSHIRE DR",70,"F","E",1874,"CO","","PEABODY ST",38.962671,-76.996737,1,0,1,"M",1,3,NA,88,6,1,1,52,"P",0,NA,0,"",NA,"Y",NA,1,NA,"09-APR-09","2a5b5011-2266-4201-9681-e1f9ad19446c","","","","","A"
"7447","DA3617001L",1,16,0,1,1,0,1,0,1,0,6.01,"01-30-2016","14:17:00","","N","N","PGCOPD","UNK",4,0,123,"CO","",3.87,"N","TEMPLE HILL RD",100,"F","N",2720,"CO","","WELDON DR",38.80594678,-76.93489552,1,0,1,"M",1,3,NA,3,1,0,2,54,"P",0,NA,0,"",NA,"Y",NA,1,NA,"15-MAR-95","caa2492d-d9cc-4a6b-8cac-ef7e821dc79b","","","","","A"
"7448","DA3621000X",1,16,0,0,88,2,NA,0,0,0,6.01,"09-24-2015","17:10:00","","N","N","PGCOPD","UNK",3,0,4277,"CO","",0,"W","CHRYSLER DR",0,"M","W",301,"US","","CRAIN HWY",38.81936652,-76.73825473,1,0,1,"M",1,1,NA,2,5,0,1,88,"P",0,NA,0,"",NA,"N",NA,0,NA,"09-MAR-61","b0887586-09f3-484c-b7d3-59282c52d7a4","MD","C","","",""
"7449","DA3624000K",1,16,NA,3,8,2,1,1,1,0,6.01,"04-12-2015","18:15:00","","N","N","PGCOPD","UNK",4,0,1916,"CO","",0.15,"S","64TH AVE",15,"F","S",NA,"UU","","ROAD END",38.93707616,-76.90680206,1,0,1,"M",1,3,NA,3,1,1,2,51,"P",0,NA,0,"",NA,"",NA,1,NA,"02-DEC-96","255c1311-7c5f-4019-8817-4fcb5c24bccc","","","","","A"
"7450","DA3624001F",3,16,NA,NA,88,NA,NA,NA,NA,0,6.01,"10-31-2015","19:20:00","","N","N","PGCOPD","UNK",1,3,NA,"","",NA,"","",NA,"","",NA,"","","",39.02203441,-76.92447245,1,0,1,"M",1,1,NA,0,88,1,1,56,"P",0,NA,0,"",NA,"N",NA,0,NA,"30-MAY-58","df216d2a-ce74-484f-bea3-2609ca30ed3a","MD","C","","",""