"UNIQUE_ID","REPORT_NO","LIGHT_CODE","COUNTY_NO","MUNI_CODE","JUNCTION_CODE","COLLISION_TYPE_CODE","SURF_COND_CODE","LANE_CODE","RD_COND_CODE","RD_DIV_CODE","FIX_OBJ_CODE","WEATHER_CODE","ACC_DATE","ACC_TIME","LOC_CODE","SIGNAL_FLAG","C_M_ZONE_FLAG","AGENCY_CODE","AREA_CODE","HARM_EVENT_CODE1","HARM_EVENT_CODE2","RTE_NO","ROUTE_TYPE_CODE","RTE_SUFFIX","LOG_MILE","LOGMILE_DIR_FLAG","MAINROAD_NAME","DISTANCE","FEET_MILES_FLAG","DISTANCE_DIR_FLAG","REFERENCE_NO","REFERENCE_TYPE_CODE","REFERENCE_SUFFIX","REFERENCE_ROAD_NAME","LATITUDE","LONGITUDE","drv","occ","ped","SEX_CODE","CONDITION_CODE","INJ_SEVER_CODE","OCC_SEAT_POS_CODE","PED_VISIBLE_CODE","PED_LOCATION_CODE","PED_OBEY_CODE","PED_TYPE_CODE","MOVEMENT_CODE","PERSON_TYPE","ALCOHOL_TEST_CODE","ALCOHOL_TESTTYPE_CODE","DRUG_TEST_CODE","DRUG_TESTRESULT_CODE","BAC_CODE","FAULT_FLAG","EQUIP_PROB_CODE","SAF_EQUIP_CODE","EJECT_CODE","DATE_OF_BIRTH","PERSON_ID","LICENSE_STATE_CODE","CLASS","CDL_FLAG","VEHICLE_ID","EMS_UNIT_LABEL"
"7627","DA37950020",1,16,0,2,17,2,1,1,1,0,0,"6/7/2017","15:54:00","","Y","N","PGCOPD","UNK",3,0,126,"CO","",1.65,"N","ALLENTOWN RD",0,"F","N",120,"CO","","STEED RD",38.76252381,-76.95518374,1,0,1,"F",99,3,NA,2,10.88,3,1,51,"P",0,NA,0,"",NA,"Y",NA,1,NA,"2-Feb-05","6867a463-88e3-4c90-8280-da67c78b3011","","","","","A"
"7628","DA3796000P",3,16,0,0,88,1,1,0,1,0,88,"10-29-2015","06:55:00","","N","N","PGCOPD","UNK",3,0,114,"CO","",2.54,"S","OXON HILL RD",200,"F","N",88,"CO","","FORT FOOTE RD",38.76037481,-77.00405359,1,0,1,"M",1,2,NA,99,1,0,1,54,"P",0,NA,0,"",NA,"N",NA,0,NA,"01-OCT-96","a043ddaf-0a0b-4140-8fb1-5693193eaf83","MD","UNK","","","A"
"7629","DA37970026",1,16,0,1,17,1,1,1,1,0,3,"3/1/2017","14:37:00","","N","N","PGCOPD","UNK",3,0,123,"CO","",2.21,"N","TEMPLE HILL RD",50,"F","N",2557,"CO","","JEAN MARIE DR",38.7845862,-76.92438796,1,1,1,"F",1,3,NA,2,6,1,1,52,"P",0,NA,0,"",NA,"Y",NA,1,NA,"20-Aug-01","1fd2bc82-1d29-4617-ae48-05aa00e17742","","","","",""
"7630","DA37970028",6.02,16,NA,NA,88,NA,NA,NA,NA,0,6.01,"3/2/2017","17:18:00","","N","N","PGCOPD","UNK",3,0,NA,"","",NA,"","",NA,"","",NA,"","","",38.76548628,-76.89773083,1,0,1,"M",1,2,NA,1,88,1,1,88,"P",0,NA,0,"",NA,"N",NA,0,NA,"19-Jun-66","d00fad83-4d62-4f21-96da-d951e06d9da9","","","","","A"
"7631","DA38000015",3,16,0,2,17,2,2,1,1,0,0,"3/16/2017","21:49:00","","Y","N","PGCOPD","UNK",3,0,302,"CO","",1.88,"W","RIVERDALE RD",0,"F","W",618,"OP","","67TH AVE",38.96171133,-76.90227985,1,0,1,"M",1,4,NA,2,16.05,1,1,51,"P",0,NA,0,"",NA,"N",NA,1,NA,"20-Jul-85","8223a944-e8f0-453d-b19d-b56d5b07554d","MD","C","","","A"
"7632","DA38000019",1,16,0,5.01,88,2,NA,1,4,0,0,"4/27/2017","14:01:00","","Y","N","PGCOPD","UNK",4,0,450,"MD","",1.44,"E","ANNAPOLIS RD",0,"F","W",295,"RP","","RAMP 8 FR MD 295 SB TO MD 450 WB",38.9395265,-76.91561714,1,0,1,"M",1,2,NA,1,16.05,1,2,54,"P",0,NA,0,"",NA,"N",NA,21,NA,"2-Nov-57","a2170e52-b195-4ae7-864b-7abea05a8286","MD","C","","","A"
"7633","DA3801000C",1,16,NA,NA,17,NA,NA,NA,NA,10,6.01,"04-24-2015","14:22:00","0117","N","N","PGCOPD","UNK",9,0,NA,"","",NA,"","",NA,"","",NA,"","","",38.97193835,-76.97872281,1,2,1,"F",1,1,NA,1,3,1,1,63.88,"P",0,NA,0,"",NA,"",NA,0,NA,"25-JAN-78","60e246be-5274-4925-859f-367b535c44b5","","","","",""
"7634","DA3801000T",1,16,0,2,88,2,1,1,4,0,6.01,"09-14-2015","07:42:00","0127","Y","N","PGCOPD","UNK",4,0,680,"CO","",1.08,"S","23RD AVE",0,"F","S",410,"MD","","EAST WEST HWY",38.96883536,-76.97296143,1,0,1,"F",1,3,NA,1,6,1,2,51,"P",0,NA,0,"",NA,"Y",NA,21,NA,"01-OCT-75","4a0d24cb-f47c-43fb-9a27-9eebfe30e9b9","","cm","","","A"
"7635","DA3801001G",1,16,0,2,17,2,NA,1,4,0,6.01,"08-29-2016","19:37:00","0101","Y","N","PGCOPD","UNK",3,0,212,"MD","",3.83,"N","RIGGS RD",0,"F","N",105,"CO","","ADELPHI RD",39.00494295,-76.96888447,1,0,1,"M",1,3,NA,1,6,1,1,51,"P",0,NA,0,"",NA,"Y",NA,1,NA,"02-DEC-91  00:00:00","83c6433a-8b8b-40b9-91a7-84a4bc773331","","","","","A"
"7636","DA38010021",1,16,0,11.04,17,2,3,1,88,0,6.01,"3/19/2017","16:25:00","111","N","N","PGCOPD","UNK",4,0,193,"MD","",1.35,"E","UNIVERSITY BLVD",10,"F","E",680,"CO","","23RD AVE",38.98420195,-76.97168738,1,0,1,"F",1,1,NA,1,3,0,2,63.88,"P",0,NA,0,"",NA,"N",NA,1,NA,"15-Nov-78","172b1021-82e5-4069-9021-0b4727d3cc0e","MD","C","","",""
"7637","DA3801002C",5.02,16,0,3,88,2,1,0,3,0,7.01,"6/5/2017","17:58:00","118","N","N","PGCOPD","UNK",3,0,212,"MD","",2.09,"N","RIGGS RD",50,"F","N",193,"MD","","UNIVERSITY BLVD",38.98298955,-76.97917342,1,0,2,"M",1,3,NA,1,6,1,1,52,"P",0,NA,0,"",NA,"Y",NA,0,NA,"18-Jan-08","9f161529-7a77-4b7e-8853-9996cda7b98a","","","","","A"
"7638","DA3801002C",5.02,16,0,3,88,2,1,0,3,0,7.01,"6/5/2017","17:58:00","118","N","N","PGCOPD","UNK",3,0,212,"MD","",2.09,"N","RIGGS RD",50,"F","N",193,"MD","","UNIVERSITY BLVD",38.98298955,-76.97917342,1,0,2,"U",1,3,NA,1,6,1,1,52,"P",0,NA,0,"",NA,"Y",NA,1,NA,"10-Apr-10","d0c55c42-6b49-45ee-b995-f0e2941882c6","","","","","A"
"7639","DA3802000D",3,16,NA,1,88,2,1,1,1,0,6.01,"05-15-2015","21:07:00","","N","N","PGCOPD","UNK",3,3,3074,"CO","",3.99,"S","MARLBORO PIKE",100,"F","S",483,"CO","","FORESTVILLE RD",38.84495127,-76.87449753,1,5,1,"F",2,2,NA,3,6,1,1,52,"P",0,NA,99,"",NA,"",NA,0,NA,"24-JUN-88","ea68c04c-c4fb-4615-aea9-c1a5fd991e46","","","","","A"
"7640","DA3802000F",1,16,NA,2,88,2,1,1,1,0,6.01,"05-22-2015","11:10:00","","N","N","PGCOPD","UNK",3,3,3074,"CO","",3.39,"S","MARLBORO PIKE",0,"F","S",1303,"CO","","LORRING DR",38.84971409,-76.88264608,1,0,1,"M",1,2,NA,2,5,1,1,51,"P",0,NA,0,"",NA,"",NA,0,NA,"30-NOV-71","8010568a-9cd0-4b5b-9a44-105cf6b9c41a","","","","","A"
"7641","DA38020012",1,16,0,2,88,1,1,1,1,0,3,"02-24-2016","07:28:00","","Y","N","PGCOPD","UNK",3,3,2833,"CO","",0.84,"E","REGENCY PKWY",0,"F","E",81,"CO","","SUITLAND RD",38.8389952,-76.91160589,1,1,1,"F",1,3,NA,3,5,2,1,51,"P",0,NA,0,"",NA,"N",NA,0,NA,"31-AUG-88","9c52f30c-6922-4340-8235-2aec1377c452","","","","","A"
"7642","DA3803000J",1,16,NA,2,88,0,1,0,3,0,0,"06-19-2015","07:07:00","","Y","N","PGCOPD","UNK",3,0,302,"CO","",1.88,"W","RIVERDALE RD",0,"F","W",408,"CO","","67TH AVE",38.96181144,-76.90232277,1,1,1,"F",1,3,NA,1,5,2,1,51,"P",0,NA,0,"",NA,"",NA,0,NA,"11-JAN-82","261c9dc2-3da2-47c1-9e6d-9997b775cd53","","","","","A"
"7643","DA38030018",1,16,0,3,88,0,1,0,0,0,0,"03-09-2016","07:50:00","","N","N","PGCOPD","UNK",3,0,899,"CO","",0.17,"E","NEWTON ST",0,"F","E",1278,"CO","","54TH AVE",38.93620721,-76.92735583,1,0,1,"M",0,1,NA,3,5,0,1,51,"P",0,NA,0,"",NA,"N",NA,0,NA,"13-MAR-81","34504281-dac7-430a-a29d-4b8c1542736b","","","","",""
"7644","DA38030022",3,16,NA,NA,88,NA,NA,NA,NA,0,0,"11/22/2016","17:46:00","","N","N","PGCOPD","UNK",3,0,NA,"","",NA,"","",NA,"","",NA,"","","",38.94272987,-76.90718159,1,0,1,"M",0,2,NA,0,16.05,2,88,88,"P",0,NA,0,"",NA,"N",NA,0,NA,"11-Nov-16","44670dd4-6d7c-4b2b-a30c-749dcd63ec25","","","","","A"
"7645","DA3803002J",0,16,128,0,88,2,NA,0,4,0,0,"3/19/2017","19:11:00","","N","N","PGCOPD","UNK",3,0,201,"MD","",3.72,"N","KENILWORTH AVE",15,"F","N",1586,"CO","","NICHOLSON ST",38.95757339,-76.92112505,1,0,1,"M",1,4,NA,1,88,1,1,52,"P",0,NA,0,"",NA,"Y",NA,0,NA,"16-Mar-96","f7982c68-1c35-48fd-9d05-e0ce0cb7c0bc","","","","","A"
"7646","DA3805000C",4,16,0,1,1,2,1,3,1,0,6.01,"08-08-2015","20:33:00","","N","N","PGCOPD","UNK",3,0,725,"MD","",1.78,"E","MARLBORO PIKE",15,"F","E",0,"UU","","ENT TO BUSINESS",38.82389493,-76.73846126,1,0,1,"M",2,3,NA,2,4,1,1,52,"P",0,NA,0,"",NA,"Y",NA,1,NA,"01-JAN-60","cb48a2e0-c3e9-45b1-9745-7df7eb9f3307","","","","","A"
"7647","DA38050016",4,16,0,1,3,2,1,3,1,0,6.01,"05-14-2016","21:37:00","","N","N","PGCOPD","UNK",3,0,622,"CO","",0.16,"N","74TH AVE",NA,"M","S",713,"CO","","TAYLOR ST",38.94124138,-76.88591167,1,3,1,"M",1,3,NA,2,4,0,1,55,"P",0,NA,0,"",NA,"N",NA,1,NA,"23-JUL-10","61349d69-7af0-44a1-9bbb-34cd4f01889b","","","","","A"
"7648","DA3805002J",3,16,0,3,88,2,1,0,4,0,6.01,"10/10/2016","20:28:00","","Y","N","PGCOPD","UNK",3,1,450,"MD","",2.81,"E","ANNAPOLIS RD",0,"F","E",632,"CO","","71ST AVE",38.94629293,-76.8941474,2,0,1,"M",99,3,NA,2,5,99,1,51,"P",0,NA,0,"",NA,"N",NA,1,NA,"13-Mar-83","3637dc03-e9ab-4e2e-a04b-da0155b6dfb9","","","","","A"
"7649","DA38050031",1,16,37,2,8,2,NA,3,4,0,6.01,"1/31/2017","15:00:00","","Y","N","PGCOPD","UNK",4,0,1,"US","",4.32,"N","BALTIMORE AVE",0,"F","N",69,"SR","","CAMPUS DR",38.98853535,-76.93517447,1,0,1,"M",1,1,NA,6,5,2,2,51,"P",0,NA,0,"",NA,"N",NA,0,NA,"30-Mar-95","0a582080-077d-4919-ae01-11efc9c5dc5c","","","","",""
"7650","DA3806000F",1,16,NA,NA,17,NA,NA,NA,NA,88,6.01,"05-20-2015","11:00:00","","N","N","PGCOPD","UNK",9,0,NA,"","",NA,"","",NA,"","",NA,"","","",38.84251542,-76.77979946,1,0,1,"M",1,1,NA,0,0,0,88,0,"P",1,NA,0,"",NA,"",NA,0,NA,"25-DEC-71","723c4d53-d31e-427e-9986-ef353a2d5bf2","","","","",""
"7651","DA3806000G",1,16,NA,NA,88,NA,NA,NA,NA,0,6.01,"05-30-2015","10:56:00","","N","N","PGCOPD","UNK",3,0,NA,"","",NA,"","",NA,"","",NA,"","","",38.89079901,-76.8315661,1,0,1,"M",1,3,NA,3,88,1,1,55,"P",0,NA,0,"",NA,"",NA,0,NA,"02-NOV-06","63bc0fda-ae68-40ee-911d-ae43755780b6","","","","","A"
"7652","DA3807000X",1,16,NA,NA,17,NA,NA,NA,NA,0,6.01,"06-06-2016","16:45:00","0155","N","N","PGCOPD","UNK",3,3,NA,"","",NA,"","",NA,"","",NA,"","","",38.98591783,-76.98305458,1,0,1,"F",1,3,NA,3,3,88,1,88,"P",0,NA,0,"",NA,"N",NA,99,NA,"20-JUL-93","998592dd-0f00-44d8-8960-490bf14e17d2","MD","ID","","","A"
"7653","DA38080005",3,16,NA,2,11,2,4,1,4,0,6.01,"02-13-2015","18:11:00","","Y","N","PGCOPD","UNK",3,0,650,"MD","",0.81,"N","NEW HAMPSHIRE AVE",0,"F","N",410,"MD","","EAST WEST HWY",38.97409034,-76.99548125,1,0,1,"M",2,4,NA,2,5,3,1,51,"P",0,NA,0,"",NA,"",NA,1,NA,"02-SEP-82","ca3710de-34ee-469e-ae61-ec4852418aba","","","","","A"
"7654","DA3808000C",3,16,NA,2,11,1,NA,1,1,0,3,"03-31-2015","19:50:00","","Y","N","PGCOPD","UNK",4,0,232,"CO","",1.6,"S","ADELPHI RD",0,"F","S",193,"MD","B","CAMPUS DR",38.98554984,-76.95546806,1,0,1,"M",1,2,NA,3,5,2,2,51,"P",0,NA,0,"",NA,"",NA,1,NA,"16-JUN-97","f283efd8-003c-428b-acbc-ec6abfd7bb6c","MD","c","","",""
"7655","DA3808000S",3,16,0,2,11,2,2,1,4,0,6.01,"09-27-2015","21:03:00","","Y","N","PGCOPD","UNK",3,0,193,"MD","",0.15,"E","UNIVERSITY BLVD",0,"F","E",40,"MU","","ANNE AVE",38.99076188,-76.98956966,1,0,1,"M",2,4,NA,2,5,3,1,51,"P",0,NA,0,"",NA,"Y",NA,1,NA,"01-JAN-00","91574a08-a43d-4273-b530-f5a9dbdb0236","","","","","A"
"7656","DA3808001T",3,16,0,88,88,2,1,1,3,0,7.01,"1/20/2017","17:43:00","","N","N","PGCOPD","UNK",3,0,230,"CO","",0.34,"E","METZEROTT RD",5,"F","E",388,"OP","","NO NAME",39.00367775,-76.97630882,1,0,1,"F",NA,3,NA,3,10.88,1,1,51,"P",0,NA,0,"",NA,"N",NA,0,NA,"5-Aug-59","cbb6d985-30de-4951-88b7-f676100ee95e","MD","ID","","",""
"7657","DA38090013",3,16,0,2,17,2,1,1,1,0,0,"08-06-2016","01:04:00","","Y","N","PGCOPD","UNK",3,0,110,"CO","",1.81,"W","WHEELER RD",0,"F","W",0,"UU","","WASH DC LINE",38.8320608,-76.98721603,1,0,2,"F",1,4,NA,3,5,1,1,51,"P",0,NA,0,"",NA,"N",NA,0,NA,"15-OCT-90  00:00:00","392e8ea7-f376-4165-8ef9-87efe23e72bb","","","","","B"
"7658","DA38090013",3,16,0,2,17,2,1,1,1,0,0,"08-06-2016","01:04:00","","Y","N","PGCOPD","UNK",3,0,110,"CO","",1.81,"W","WHEELER RD",0,"F","W",0,"UU","","WASH DC LINE",38.8320608,-76.98721603,1,0,2,"F",1,4,NA,3,5,1,1,51,"P",0,NA,0,"",NA,"N",NA,0,NA,"24-MAY-95  00:00:00","c75c2939-bd6e-4c69-bb7b-d4df399d170b","","","","","A"
"7659","DA3810002C",3,16,0,0,88,2,1,1,0,0,6.01,"3/27/2017","20:02:00","16","N","N","PGCOPD","UNK",3,0,193,"MD","",17.51,"E","WATKINS PARK DR",50,"F","E",3574,"CO","","CHESTERTON DR",38.89874219,-76.79038346,1,0,1,"F",1,2,NA,1,88,88,1,51,"P",0,NA,0,"",NA,"Y",NA,0,NA,"14-Jul-69","0461f806-3db6-47ec-9fae-6fd460f5a815","","","","","A"
"7660","DA38110010",5.02,16,0,2,17,2,2,1,4,0,6.01,"10-23-2015","05:59:00","","N","N","PGCOPD","UNK",3,0,3074,"CO","",3.26,"S","MARLBORO PIKE",0,"F","S",1679,"CO","","DONNELL DR",38.84975169,-76.88496351,1,0,1,"M",99,4,NA,99,5,99,1,51,"P",0,NA,0,"",NA,"U",NA,1,NA,"11-FEB-60","ccc94b37-c76a-41cf-9dec-f3d242e30e81","","","","","A"
"7661","DA3812000V",1,16,0,0,17,2,1,1,1,0,6.01,"08-02-2016","18:23:00","","N","N","PGCOPD","UNK",3,0,23,"CO","",1.41,"S","OLD BALTIMORE PIKE",150,"F","S",22,"CO","","ODELL RD",39.04239351,-76.89816803,1,0,1,"M",99,4,NA,1,6,0,1,52,"P",0,NA,0,"",NA,"Y",NA,0,NA,"10-FEB-51  00:00:00","a2a0fd3e-6de4-4890-851b-fc66d11ca5c6","","","","","A"
"7662","DA3812000W",4,16,0,1,3,2,2,1,4,0,6.01,"08-18-2016","21:31:00","","N","N","PGCOPD","UNK",4,0,197,"MD","",12.28,"N","LAUREL BOWIE RD",NA,"M","S",21,"CO","","MUIRKIRK RD",39.06737105,-76.84067354,1,0,1,"U",99,1,NA,99,6,99,2,99,"P",0,NA,0,"",NA,"U",NA,99,NA,"18-AUG-16  00:00:00","2e7663c4-ae15-4c73-880c-8a105784590a","XX","UNK","","",""
"7663","DA38120012",3,16,0,2,88,2,1,0,3,0,6.01,"11/14/2016","17:14:00","","Y","N","PGCOPD","UNK",3,0,197,"MD","",13.07,"N","LAUREL BOWIE RD",0,"F","N",6,"CO","","CONTEE RD",39.07367756,-76.84764862,1,1,1,"F",1,4,NA,3,9.05,2,1,51,"P",0,NA,0,"",NA,"N",NA,0,NA,"25-Jun-84","0cf1cecb-7f20-4a72-8147-28e06b316785","MD","XX","","","A"
"7664","DA3813000P",1,16,0,0,11,2,1,1,1,0,6.01,"09-11-2015","16:58:00","","N","N","PGCOPD","UNK",5,5,6,"CO","",0.15,"W","CONTEE RD",25,"F","W",345,"OP","","DEERFIELD RD",39.07355263,-76.84860349,1,0,1,"M",1,1,NA,3,88,0,2,54,"P",0,NA,0,"",NA,"Y",NA,1,NA,"29-AUG-01","d1b8f071-f98c-4d9b-8784-bdb5eb8e483d","","","","",""
"7665","DA3814001P",1,16,NA,NA,88,NA,NA,NA,NA,0,6.01,"2/28/2017","11:43:00","","N","N","PGCOPD","UNK",3,3,NA,"","",NA,"","",NA,"","",NA,"","","",38.96428073,-76.84509516,1,0,1,"M",1,2,NA,0,0,0,1,88,"P",0,NA,0,"",NA,"N",NA,0,NA,"25-Dec-80","f33d5e35-966d-4fc3-843c-20b6b0f508aa","MD","C","","","A"
"7666","DA3816000R",1,16,0,1,88,2,1,1,1,0,6.01,"12-09-2015","15:20:00","","N","N","PGCOPD","UNK",3,0,6554,"CO","",0.21,"W","CHADDS FORD DR",900,"F","E",0,"UU","","GENERAL LAFAYETTE DR",38.67602885,-76.88155174,1,0,1,"M",1,2,NA,0,6,0,1,88,"P",0,NA,0,"",NA,"Y",NA,1,NA,"10-JUN-02","c7b81ed1-bda7-41e4-95da-f55fbaa0de0f","","","","","A"
"7667","DA3816000W",3,16,0,2,3,2,2,1,4,0,6.01,"01-01-2016","22:50:00","","Y","N","PGCOPD","UNK",3,1,4,"MD","",10.4,"N","PENNSYLVANIA AVE",0,"F","N",1679,"CO","","DONNELL DR",38.84381901,-76.88505471,2,1,1,"F",99,2,NA,3,5,3,1,51,"P",0,NA,0,"",NA,"Y",NA,1,NA,"15-MAR-97","0ce421b3-e5f9-48d2-9765-657223c3ae15","","","","","A"
"7668","DA3816000Z",1,16,0,88,88,1,NA,2,1,0,3,"02-03-2016","14:34:00","","N","N","PGCOPD","UNK",3,0,3074,"CO","",3.99,"S","MARLBORO PIKE",500,"F","N",483,"CO","","FORESTVILLE RD",38.84502334,-76.87458202,1,0,1,"M",1,3,NA,3,6,1,1,88,"P",0,NA,0,"",NA,"Y",NA,1,NA,"18-JAN-60","8f3328be-a786-4f58-87ab-b595df5ce83b","","","","","A"
"7669","DA3817000F",5.02,16,0,1,11,2,1,1,4,0,6.01,"08-26-2015","18:55:00","","N","N","PGCOPD","UNK",3,0,458,"MD","",0.7,"N","SILVER HILL RD",20,"F","N",2042,"CO","","MAYWOOD LA",38.84248617,-76.93399698,1,5,1,"F",1,3,NA,1,12.88,1,1,52,"P",0,NA,0,"",NA,"Y",NA,0,NA,"20-MAR-55","9123a8d6-0129-466e-ba0b-80db62e70f3b","","","","","A"
"7670","DA3818000B",1,16,NA,NA,17,NA,NA,NA,NA,0,7.01,"06-05-2015","06:52:00","","N","N","PGCOPD","UNK",3,0,NA,"","",NA,"","",NA,"","",NA,"","","",38.84263241,-76.89749479,1,0,1,"F",1,2,NA,1,88,0,1,88,"P",0,NA,0,"",NA,"",NA,1,NA,"23-JAN-82","576ad77d-659e-4d00-a32b-5ef38956eb2a","","","","","A"
"7671","DA3818000S",1,16,0,0,17,2,1,1,1,0,6.01,"05-02-2016","11:43:00","","N","N","PGCOPD","UNK",3,0,721,"CO","",0.16,"S","YOLANDA ST",100,"F","N",4127,"CO","","ELDER ST",38.88402625,-76.90081,1,0,1,"M",1,1,NA,2,88,1,1,56,"P",0,NA,0,"",NA,"N",NA,1,NA,"29-NOV-63","696f1428-beb6-4861-9af8-1b589695d77f","MD","AM","","",""
"7672","DA38190005",1,16,0,2,88,2,1,1,1,0,6.01,"08-05-2015","19:05:00","","Y","N","PGCOPD","UNK",4,3,126,"CO","",3.25,"N","ALLENTOWN RD",0,"F","N",949,"CO","","LUMAR DR",38.78193083,-76.94424033,1,0,1,"M",2,3,NA,0,10.88,3,2,51,"P",0,NA,0,"",NA,"Y",NA,1,NA,"20-NOV-70","0413e219-a8ef-48c4-a419-8a56951ed51a","","","","","A"
"7673","DA3819000D",1,16,0,88,88,2,2,1,4,0,7.01,"05-14-2016","14:48:00","","N","N","PGCOPD","UNK",88,0,5,"MD","",14.03,"N","BRANCH AVE",NA,"M","N",5466,"CO","","IVERSON ST",38.8387633,-76.94848895,1,0,1,"M",1,2,NA,2,5,0,1,52,"P",0,NA,0,"",NA,"N",NA,0,NA,"21-OCT-68","1a6dd963-14c8-4bdd-b510-cb39251d33e4","MD","","","","A"
"7674","DA38200011",1,16,0,0,88,2,1,1,1,0,6.01,"05-20-2016","15:59:00","","N","N","PGCOPD","UNK",4,0,1826,"CO","",0.08,"S","EDGE AVE",500,"F","S",1831,"CO","","WORREL AVE",38.97563235,-76.81604415,1,0,1,"M",88,3,NA,1,88,0,2,54,"P",0,NA,0,"",NA,"Y",NA,1,NA,"22-JAN-05","5863c9d4-d8da-4f69-b339-059236ed5721","","","","",""
"7675","DA3820001P",1,16,13,2,88,1,NA,0,3,0,3,"1/20/2017","15:45:00","","Y","N","PGCOPD","UNK",3,0,59,"CO","",0,"S","CHURCH RD",0,"F","S",450,"MD","B","OLD ANNAPOLIS RD",38.97057038,-76.76498294,1,0,1,"M",88,3,NA,3,10.88,1,1,51,"P",0,NA,0,"",NA,"N",NA,0,NA,"16-Oct-69","81fe7ff4-065c-4ade-a1ec-83b900bd7007","MD","","","","A"
"7676","DA38200022",1,16,0,2,88,2,2,1,1,0,6.01,"5/19/2017","17:05:00","","Y","N","PGCOPD","UNK",3,0,41,"CO","",0,"N","HILLMEADE RD",0,"F","N",450,"MD","","ANNAPOLIS RD",38.97154006,-76.78511694,1,0,1,"M",88,1,NA,1,10.88,1,1,51,"P",0,NA,0,"",NA,"Y",NA,0,NA,"19-May-90","340bdf93-65d5-49b4-89dd-0a2dba007d4e","","","","",""
"7677","DA38200028",1,16,0,2,88,2,NA,1,4,0,6.01,"6/26/2017","8:32:00","","Y","N","PGCOPD","UNK",4,0,450,"MD","",10.417,"E","ANNAPOLIS RD",0,"F","E",5068,"CO","","HIGH BRIDGE RD",38.9723137,-76.77357137,1,0,1,"M",1,2,NA,1,4,88,2,54,"P",0,NA,0,"",NA,"Y",NA,1,NA,"30-May-94","c1f28960-9dfe-421f-95cd-b35f15e90015","MD","C","","","A"
"7678","DA38210005",3,16,NA,1,17,0,1,1,2,0,0,"01-23-2015","01:01:00","","N","N","PGCOPD","UNK",3,3,564,"MD","",0.31,"E","LANHAM SEVERN RD",100,"F","E",28,"CO","","CIPRIANO RD",38.96416395,-76.8595469,1,0,2,"M",1,3,NA,2,6,1,1,52,"P",0,NA,0,"",NA,"",NA,1,NA,"02-MAY-95","783d0169-e66d-468d-8155-cd63af42647f","","","","","A"
"7679","DA38210005",3,16,NA,1,17,0,1,1,2,0,0,"01-23-2015","01:01:00","","N","N","PGCOPD","UNK",3,3,564,"MD","",0.31,"E","LANHAM SEVERN RD",100,"F","E",28,"CO","","CIPRIANO RD",38.96416395,-76.8595469,1,0,2,"M",1,3,NA,2,6,1,1,52,"P",0,NA,0,"",NA,"",NA,1,NA,"09-APR-94","f6995b38-0123-49dd-b164-ac200986107d","","","","","A"
"7680","DA3821000J",1,16,0,2,17,2,2,1,4,0,0,"07-22-2015","12:56:00","","Y","N","PGCOPD","UNK",3,0,42,"CO","",3.49,"E","GOOD LUCK RD",0,"F","E",28,"CO","","CIPRIANO RD",38.97786868,-76.8550837,1,0,1,"M",1,3,NA,1,5,99,1,51,"P",0,NA,0,"",NA,"N",NA,1,NA,"13-MAR-95","2541ff5c-5003-4b6c-8486-bca88f057aec","","","","","A"
"7681","DA3821001V",3,16,0,2,2,2,NA,1,4,0,6.01,"07-27-2016","20:21:00","","Y","N","PGCOPD","UNK",4,0,704,"MD","",6.53,"E","MARTIN LUTHER KING JR HWY",0,"F","E",450,"MD","","ANNAPOLIS RD",38.95601325,-76.82305679,1,0,1,"M",1,4,NA,4,6,3,2,51,"P",0,NA,0,"",NA,"Y",NA,21,NA,"19-MAY-60  00:00:00","ac6072a7-13a5-4b85-95d9-8c3983900123","MD","C","","","A"
"7682","DA38210022",1,16,0,2,3,2,3,1,4,0,0,"09-23-2016","14:25:00","","N","N","PGCOPD","UNK",4,0,193,"MD","",10.35,"E","GREENBELT RD",0,"F","E",0,"UU","","SPUR TO MD 564",38.98890227,-76.81961417,1,0,1,"M",1,3,NA,1,6,1,2,53,"P",0,NA,0,"",NA,"Y",NA,21,NA,"25-AUG-62  00:00:00","784040f4-c5e8-400c-abbc-a18ccefd56ba","","","","","A"
"7683","DA3821002L",1,16,0,0,17,2,1,1,1,0,6.01,"12/14/2016","9:50:00","","N","N","PGCOPD","UNK",3,0,74,"CO","",1.45,"S","WHITFIELD CHAPEL RD",100,"F","N",1389,"CO","","VARNUM ST",38.94336823,-76.85393304,1,0,1,"M",1,4,NA,4,6,0,1,59,"P",0,NA,0,"",NA,"N",NA,25.88,NA,"3-Dec-87","71b22d84-987a-4411-90b5-a34b9b472d0b","","","","","A"
"7684","DA3822000P",1,16,NA,3,17,2,1,1,3,0,6.01,"05-08-2015","16:42:00","","Y","N","PGCOPD","UNK",3,0,1203,"CO","",1.99,"N","LIVINGSTON RD",0,"F","N",414,"MD","","OXON HILL RD",38.80328803,-76.98959917,1,1,1,"M",1,2,NA,2,9.05,3,1,51,"P",0,NA,0,"",NA,"",NA,1,NA,"29-MAY-92","4eaa2c4e-8e9e-42a5-a8db-4769692e1fbe","","","","","A"
"7685","DA38220014",3,16,0,1,11,2,2,1,3,0,6.01,"10-19-2015","18:58:00","","N","N","PGCOPD","UNK",3,0,1203,"CO","",1.99,"N","LIVINGSTON RD",100,"F","S",414,"MD","","OXON HILL RD",38.8030163,-76.98913783,1,0,1,"F",1,2,NA,1,6,1,1,52,"P",0,NA,0,"",NA,"Y",NA,1,NA,"14-DEC-95","64728641-48a2-4dd9-b706-19218a0dd537","MD","C","","",""