"UNIQUE_ID","REPORT_NO","LIGHT_CODE","COUNTY_NO","MUNI_CODE","JUNCTION_CODE","COLLISION_TYPE_CODE","SURF_COND_CODE","LANE_CODE","RD_COND_CODE","RD_DIV_CODE","FIX_OBJ_CODE","WEATHER_CODE","ACC_DATE","ACC_TIME","LOC_CODE","SIGNAL_FLAG","C_M_ZONE_FLAG","AGENCY_CODE","AREA_CODE","HARM_EVENT_CODE1","HARM_EVENT_CODE2","RTE_NO","ROUTE_TYPE_CODE","RTE_SUFFIX","LOG_MILE","LOGMILE_DIR_FLAG","MAINROAD_NAME","DISTANCE","FEET_MILES_FLAG","DISTANCE_DIR_FLAG","REFERENCE_NO","REFERENCE_TYPE_CODE","REFERENCE_SUFFIX","REFERENCE_ROAD_NAME","LATITUDE","LONGITUDE","drv","occ","ped","SEX_CODE","CONDITION_CODE","INJ_SEVER_CODE","OCC_SEAT_POS_CODE","PED_VISIBLE_CODE","PED_LOCATION_CODE","PED_OBEY_CODE","PED_TYPE_CODE","MOVEMENT_CODE","PERSON_TYPE","ALCOHOL_TEST_CODE","ALCOHOL_TESTTYPE_CODE","DRUG_TEST_CODE","DRUG_TESTRESULT_CODE","BAC_CODE","FAULT_FLAG","EQUIP_PROB_CODE","SAF_EQUIP_CODE","EJECT_CODE","DATE_OF_BIRTH","PERSON_ID","LICENSE_STATE_CODE","CLASS","CDL_FLAG","VEHICLE_ID","EMS_UNIT_LABEL"
"8095","DA4024000N",1,16,0,2,17,2,2,1,1,88,6.01,"09-10-2016","14:23:00","","Y","N","PGCOPD","UNK",3,0,81,"CO","",2.98,"N","SUITLAND RD",0,"F","N",218,"MD","","SUITLAND RD (AHEAD)",38.86125531,-76.94986895,1,0,1,"M",1,3,NA,5,5,2,1,51,"P",0,NA,0,"",NA,"N",NA,1,NA,"18-JUL-59  00:00:00","619441c8-6540-4920-8cb6-36de43879d80","","","","","A"
"8096","DA40240013",1,16,0,2,17,1,3,1,4,0,3,"4/20/2017","8:56:00","","Y","N","PGCOPD","UNK",3,0,4,"MD","",11.92,"N","PENNSYLVANIA AVE",0,"F","N",458,"MD","","SILVER HILL RD",38.85311785,-76.90989196,1,0,1,"M",99,4,NA,1,5,3,1,51,"P",0,NA,0,"",NA,"Y",NA,1,NA,"21-Dec-88","5279b595-6fa5-4f1a-9262-24977a9d5120","","","","","A"
"8097","DA4025000H",6.02,16,0,1,88,2,5,1,4,0,88,"10/11/2016","6:42:00","","N","N","PGCOPD","UNK",3,3,5466,"CO","",1.39,"E","IVERSON ST",5,"F","E",5,"MD","","BRANCH AVE",38.83875285,-76.94579601,1,0,1,"F",1,3,NA,3,6,1,1,62.88,"P",0,NA,0,"",NA,"U",NA,1,NA,"22-Oct-01","29898abd-69ea-4b57-8979-508875282f5f","","","","","A"
"8098","DA40270010",1,16,0,3,88,2,1,1,1,0,6.01,"10/25/2016","16:50:00","","N","N","PGCOPD","UNK",3,3,3074,"CO","",3.99,"S","MARLBORO PIKE",NA,"M","N",483,"CO","","FORESTVILLE RD",38.84511421,-76.8747282,1,0,1,"M",1,3,NA,1,6,1,1,52,"P",0,NA,0,"",NA,"N",NA,1,NA,"18-Jan-59","90051426-343c-441b-9197-31cf87cddf4c","","","","","A"
"8099","DA40280010",4,16,0,1,11,1,2,1,1,0,3,"12/6/2016","19:02:00","","N","N","PGCOPD","UNK",3,0,193,"MD","",0.52,"E","UNIVERSITY BLVD",30,"M","E",908,"CO","","14TH AVE",38.98681536,-76.98444664,1,0,1,"M",1,2,NA,2,6,1,1,52,"P",0,NA,0,"",NA,"Y",NA,0,NA,"18-Aug-84","d58fb3dd-f2af-4ca2-a24a-373dc62cbb99","","","","","A"
"8100","DA4030000N",1,16,NA,NA,17,NA,NA,NA,NA,0,6.01,"12/7/2016","16:08:00","","N","N","PGCOPD","UNK",3,0,NA,"","",NA,"","",NA,"","",NA,"","","",38.80509608,-76.97445273,1,0,1,"M",NA,1,NA,2,3,1,2,63.88,"P",0,NA,0,"",NA,"Y",NA,1,NA,"28-Nov-01","3bb7da72-04b2-4bb8-b74b-b8f73af451ac","","","","",""
"8101","DA40300016",1,16,0,1,11,2,1,1,3,0,0,"5/4/2017","17:40:00","","N","N","PGCOPD","UNK",3,1,2977,"CO","",0.47,"N","CALTOR LA",5,"F","N",3214,"CO","","RHODESIA AVE",38.75958003,-76.97366953,1,2,1,"M",1,3,NA,99,6,0,2,55,"P",0,NA,0,"",NA,"Y",NA,99,NA,"28-Oct-06","45edef29-e214-4ed6-bda3-2a859edfefc6","","","","","A"
"8102","DA40310005",1,16,NA,NA,88,NA,NA,NA,NA,0,3,"1/2/2017","11:44:00","","N","N","PGCOPD","UNK",3,0,NA,"","",NA,"","",NA,"","",NA,"","","",38.95134099,-76.88703418,1,0,1,"F",1,2,NA,2,88,1,1,88,"P",0,NA,0,"",NA,"N",NA,1,NA,"24-Nov-82","3f89591d-cc14-444d-806e-fd6209c70c48","DC","D","","",""
"8103","DA4031000H",1,16,0,0,88,2,1,1,0,0,0,"3/17/2017","14:44:00","","N","N","PGCOPD","UNK",3,0,878,"CO","",0.14,"S","18TH AVE",100,"F","N",869,"CO","","KEOKEE ST",38.98834354,-76.97601914,1,0,1,"F",1,2,NA,1,1,0,1,63.88,"P",0,NA,0,"",NA,"N",NA,1,NA,"16-Nov-97","5be6570f-7ee8-4e4d-8a8a-d5c4b13dd09b","","","","","A"
"8104","DA40320006",1,16,37,1,88,2,1,1,1,0,6.01,"1/10/2017","7:45:00","","Y","Y","PGCOPD","UNK",3,3,230,"CO","",1.67,"E","METZEROTT RD",100,"F","W",1130,"MU","","ST ANDREWS PL",39.00285234,-76.95626736,1,0,1,"M",1,3,NA,4,1,0,1,59,"P",0,NA,0,"",NA,"N",NA,25.88,NA,"29-Mar-81","2a6d7306-12f7-4740-b4b9-02d48276c96c","MD","C","","","A"
"8105","DA4033001B",0,16,NA,NA,88,NA,NA,NA,NA,0,6.01,"6/14/2017","18:31:00","","N","N","PGCOPD","UNK",3,2,NA,"","",NA,"","",NA,"","",NA,"","","",38.80331312,-76.98723078,1,0,1,"F",1,3,NA,1,88,1,1,56,"P",0,NA,0,"",NA,"N",NA,1,NA,"5-Apr-88","d8c49680-5b9f-47dc-b7c9-95c3e39ba079","MD","C","","","A"
"8106","DA4034000B",1,16,0,2,17,2,1,1,4,0,6.01,"6/9/2017","14:40:00","","N","N","PGCOPD","UNK",3,0,1483,"CO","",0,"W","BARLOWE RD",0,"F","W",202,"MD","","LANDOVER RD",38.92066536,-76.86464176,1,0,1,"F",0,3,NA,1,5,2,1,51,"P",0,NA,0,"",NA,"N",NA,0,NA,"18-Dec-04","4e55a572-db96-4eab-95a1-b74bcdc9ae20","","","","","A"
"8107","DA40370003",3,16,0,1,88,0,2,1,4,0,0,"4/10/2017","20:46:00","","N","N","PGCOPD","UNK",3,0,210,"MD","",14.39,"N","INDIAN HEAD HWY",100,"F","S",0,"UU","","WASH DC LINE",38.82092339,-77.00113535,1,0,1,"F",2,3,NA,3,6,1,1,52,"P",0,NA,0,"",NA,"Y",NA,1,NA,"30-Dec-69","0ba393cd-77a9-4071-990a-7437cd48e22b","","","","","A"
"8108","DA40380001",1,16,9,2,17,2,2,1,0,0,0,"4/19/2017","8:00:00","","Y","N","PGCOPD","UNK",4,0,600,"MU","",0.23,"S","60TH AVE",0,"F","S",130,"MU","","RUATAN ST",38.99467275,-76.91154957,1,0,1,"M",1,3,NA,2,99,0,2,51,"P",0,NA,0,"",NA,"U",NA,21,NA,"12-Sep-70","df2a4301-b495-48f3-992b-b23adc407bc5","","","","",""
"8109","DA4039000K",1,16,0,2,17,2,2,1,88,88,6.01,"5/19/2017","11:40:00","","Y","N","PGCOPD","UNK",3,0,5,"MD","",14.03,"N","BRANCH AVE",0,"F","N",5466,"CO","","IVERSON ST",38.8393326,-76.946657,1,0,1,"M",0,3,NA,2,10.88,1,1,51,"P",0,NA,0,"",NA,"U",NA,0,NA,"6-Feb-68","9657c6e0-9fb2-4012-9d2f-ca3a9aac8236","","","","","A"
"8110","DA40400005",1,16,0,1,88,2,NA,1,88,88,6.01,"2/10/2017","12:00:00","","Y","N","PGCOPD","UNK",3,3,59,"CO","",7.14,"S","CHURCH RD",5,"F","N",101,"CO","","OAK GROVE RD",38.87883976,-76.75126076,1,0,1,"M",0,1,NA,1,6,0,1,59,"P",0,NA,0,"",NA,"N",NA,25.88,NA,"21-Mar-95","06b5f627-329e-4da4-98c3-f40f36676baa","","","","",""
"8111","DA40440005",5.02,16,0,2,11,0,1,1,1,0,0,"3/13/2017","8:25:00","","Y","N","PGCOPD","UNK",1,4,212,"MD","A",0.206,"E","POWDER MILL RD",0,"F","E",3524,"CO","","CAVERLY AVE",39.04907512,-76.91894174,1,0,1,"M",1,2,NA,2,1,99,2,51,"P",0,NA,0,"",NA,"N",NA,21,NA,"27-Feb-74","60c5171c-df46-468b-ad69-673d3cc5be8e","","","","",""
"8112","DA40460005",3,16,0,1,17,2,3,1,0,88,0,"3/29/2017","23:55:00","","Y","N","PGCOPD","UNK",3,0,210,"MD","",14.21,"N","INDIAN HEAD HWY",0,"U","S",660,"CO","","AUDREY LA",38.81909694,-76.99997663,1,0,1,"M",0,4,NA,2,2,1,1,52,"P",0,NA,0,"",NA,"Y",NA,0,NA,"12-May-76","6a6ecb1c-2e1f-49bf-8581-e54ae9d0c48a","","","","","A"
"8113","DA4048000D",1,16,0,0,88,2,2,1,4,0,6.01,"4/26/2017","13:58:00","","Y","N","PGCOPD","UNK",3,0,5466,"CO","",1.39,"E","IVERSON ST",0.25,"M","W",5,"MD","","BRANCH AVE",38.83880926,-76.94837496,1,0,1,"F",1,4,NA,2,5,1,1,52,"P",0,NA,0,"",NA,"N",NA,1,NA,"15-Jul-94","1bcde16d-e071-4bf2-8963-9aa296852e4d","","","","","A"
"8114","DA4048000F",1,16,0,1,11,2,1,1,1,0,6.01,"5/4/2017","18:00:00","","N","N","PGCOPD","UNK",4,0,2176,"OP","",0.33,"W","MAXWELL DR",50,"F","E",2197,"OP","","CARSWELL AVE",38.81659333,-76.89761817,1,0,1,"M",1,2,NA,99,6,1,2,52,"P",0,NA,0,"",NA,"U",NA,1,NA,"28-Apr-06","36f85d2b-198b-43ec-84ff-8f98ba9c3549","","","","","A"
"8115","DA40500002",1,16,NA,NA,88,NA,NA,NA,NA,0,10.04,"1/30/2017","14:02:00","","N","N","PGCOPD","UNK",3,3,NA,"","",NA,"","",NA,"","",NA,"","","",38.82405583,-76.94722027,1,0,1,"M",1,4,NA,99,88,1,1,56,"P",0,NA,0,"",NA,"N",NA,0,NA,"27-Mar-61","012dd425-7070-4c1a-a681-419173c565c4","","","","","A"
"8116","DA40520001",1,16,0,0,17,2,2,1,3,0,6.01,"2/8/2017","9:58:00","","N","N","PGCOPD","UNK",3,0,3074,"CO","",3.21,"S","MARLBORO PIKE",NA,"M","N",4725,"CO","","WHITNEY PL",38.85002742,-76.88670158,1,0,1,"M",1,1,NA,1,6,1,1,52,"P",0,NA,0,"",NA,"Y",NA,1,NA,"20-Feb-51","9555c7da-45a9-4075-bcb8-df7c87a2654f","MD","","","",""
"8117","DA40520002",1,16,NA,NA,17,NA,NA,NA,NA,0,6.01,"2/24/2017","11:55:00","","N","N","PGCOPD","UNK",3,0,NA,"","",NA,"","",0,"","",NA,"","","",38.89514334,-76.82441801,1,0,1,"M",1,3,NA,3,88,0,1,52,"P",0,NA,0,"",NA,"N",NA,0,NA,"27-Feb-82","e6b0b17a-62de-4fad-9ecd-803cd2218888","","","","","A"
"8118","DA40520005",3,16,NA,NA,17,NA,NA,NA,NA,0,6.01,"3/17/2017","20:01:00","","N","N","PGCOPD","UNK",3,0,NA,"","",NA,"","",NA,"","",NA,"","","",38.90307351,-76.83429122,1,0,1,"F",1,2,NA,3,88,1,1,88,"P",0,NA,0,"",NA,"N",NA,1,NA,"4-Sep-92","a728b650-0eeb-4c2d-8c35-15a56be51226","","","","","A"
"8119","DA4053000G",1,16,NA,NA,88,NA,NA,NA,NA,4,0,"5/1/2017","7:15:00","","N","N","PGCOPD","UNK",9,3,NA,"","",NA,"","",NA,"","",NA,"","","",38.96553516,-77.00221896,1,1,1,"M",1,2,NA,3,3,0,1,62.88,"P",0,NA,0,"",NA,"N",NA,0,NA,"9-Jul-93","5b874a07-487a-4039-b435-7b2de6c12806","","","","","A"
"8120","DA40540003",1,16,102,1,1,2,NA,1,1,0,7.01,"1/19/2017","9:30:00","","N","N","PGCOPD","UNK",4,0,483,"CO","",0.06,"N","FORESTVILLE RD",100,"F","N",95,"IS","","CAPITAL BELTWAY",38.82814096,-76.87875152,1,0,1,"M",0,4,NA,2,6,0,2,52,"P",0,NA,0,"",NA,"Y",NA,1,NA,"23-Sep-57","63bf2834-fc8e-479b-aafa-401b8faf4956","","","","","A"
"8121","DA4055000F",1,16,NA,0,88,2,1,1,1,0,6.01,"4/15/2017","16:39:00","","N","N","PGCOPD","UNK",3,0,138,"CO","",0,"","MOUNT CALVERT RD ",300,"F","S",NA,"","","GREY FOX TRAIL",38.77099157,-76.75272927,1,0,1,"F",1,3,NA,3,1,0,1,53,"P",0,NA,0,"",NA,"Y",NA,0,NA,"3-Dec-90","b41c3bfd-8706-483b-9730-2badc04d39ec","MD","C","","",""
"8122","DA40560009",1,16,0,2,11,2,1,1,4,0,6.01,"4/9/2017","17:19:00","","Y","N","PGCOPD","UNK",3,0,197,"MD","",12.28,"N","LAUREL BOWIE RD",0,"F","N",21,"CO","","MUIRKIRK RD",39.06467939,-76.83938608,1,0,1,"M",1,1,NA,3,5,99,2,51,"P",0,NA,0,"",NA,"N",NA,1,NA,"24-Jan-01","805541ce-6b92-40ca-a619-7cbeb76ebcdf","","","","",""
"8123","DA40570007",3,16,0,3,17,1,1,1,1,0,3,"3/13/2017","19:19:00","","N","N","PGCOPD","UNK",3,0,3074,"CO","",0.25,"S","MARLBORO PIKE",400,"F","N",282,"CO","","EDGEWICK AVE",38.8731935,-76.93056107,1,0,1,"F",1,2,NA,3,3,0,1,51,"P",0,NA,0,"",NA,"N",NA,0,NA,"7-Nov-86","8d405769-88ff-44c1-bb3d-64398de46d2c","","","","","A"
"8124","DA40580001",1,16,NA,NA,17,NA,NA,NA,NA,0,6.01,"2/17/2017","17:00:00","","N","N","PGCOPD","UNK",3,0,NA,"","",NA,"","",NA,"","",NA,"","","",38.89790094,-76.82280466,1,0,1,"M",1,1,NA,0,5,0,1,53,"P",0,NA,0,"",NA,"N",NA,1,NA,"24-Apr-87","661f64cc-fd60-40cd-a484-9509b61c27a2","","","","",""
"8125","DA40580002",4,16,0,2,17,2,NA,1,1,0,6.01,"2/18/2017","21:44:00","","N","N","PGCOPD","UNK",3,0,5095,"CO","",0.51,"N","CAMPUS WAY NORTH",0,"F","N",5254,"CO","","ARBOR PARK PL",38.90494373,-76.82623386,1,0,1,"M",1,2,NA,3,5,0,1,51,"P",0,NA,0,"",NA,"N",NA,1,NA,"28-Apr-04","81565e2b-b097-4771-b2a3-5dc4a55c28c0","","","","","A"
"8126","DA40580006",1,16,0,9.04,88,2,NA,1,0,0,6.01,"3/30/2017","11:20:00","","N","N","PGCOPD","UNK",3,1,858,"CO","",0,"E","KENT TOWN DR",5,"F","E",3688,"CO","","KENT TOWN PL (BACK)",38.92589052,-76.88675255,1,0,1,"M",1,2,NA,0,3,1,1,63.88,"P",0,NA,0,"",NA,"N",NA,1,NA,"20-Aug-34","a9fe8e72-eefa-40a0-b2ec-2d879f7e835a","","","","","A"
"8127","DA4058000C",1,16,0,1,88,2,2,1,3,0,7.01,"5/12/2017","15:49:00","","Y","N","PGCOPD","UNK",1,3,75,"CO","",1.11,"W","SHERIFF RD",5,"F","W",3191,"CO","","BELLE HAVEN DR",38.91281437,-76.88076854,1,1,1,"M",1,2,NA,2,88,0,1,62.88,"P",0,NA,0,"",NA,"U",NA,1,NA,"4-Sep-02","b2673b95-087f-4d74-961c-8a8a20e5e70d","","","","","A"
"8128","DA4059000K",3,16,0,1,8,2,2,3,4,0,6.01,"5/2/2017","8:46:00","","N","Y","PGCOPD","UNK",1,3,4,"MD","",9.79,"N","PENNSYLVANIA AVE",0.3,"M","N",483,"CO","","FORESTVILLE RD",38.84216445,-76.87921286,2,0,1,"F",1,3,NA,0,88,0,88,56,"P",0,NA,0,"",NA,"N",NA,0,NA,"28-Nov-77","5c65dbc0-8dae-46c0-bc36-42829e3dda43","MD","C","","","B"
"8129","DA4059000Z",3,16,0,2,0,2,NA,1,3,0,6.01,"6/18/2017","22:20:00","","Y","N","PGCOPD","UNK",3,0,85,"CO","",0.58,"S","WALTERS LA",0,"F","S",2668,"CO","","HIL MAR DR",38.84330927,-76.8921572,1,0,1,"M",2,3,NA,2,6,1,1,51,"P",0,NA,0,"",NA,"U",NA,1,NA,"2-Jul-80","4087fb5f-7ebd-4a78-a883-aa73e467e9b7","","","","","A"
"8130","DA4061000K",1,16,NA,NA,11,NA,NA,NA,NA,0,6.01,"4/16/2017","17:52:00","","N","N","PGCOPD","UNK",3,1,NA,"","",NA,"","",NA,"","",NA,"","","",39.06346941,-76.84139639,1,0,1,"M",1,2,NA,0,2,1,2,63.88,"P",0,NA,0,"",NA,"N",NA,1,NA,"3-Sep-06","30e63f6e-8f59-418f-926b-7c862b7e4fee","","","","",""
"8131","DA4063000F",1,16,0,2,88,0,2,1,4,88,0,"3/12/2017","14:11:00","","N","N","PGCOPD","UNK",1,3,193,"MD","",0.52,"E","UNIVERSITY BLVD",0,"F","E",908,"CO","","14TH AVE",38.98704157,-76.9848302,1,0,1,"M",2,3,NA,2,2,1,1,51,"P",0,NA,0,"",NA,"Y",NA,1,NA,"1-Dec-83","af1a7476-3cd1-4c14-a0b6-c9017e92c2da","","","","","A"
"8132","DA40640007",1,16,0,2,88,2,1,1,1,88,6.01,"3/21/2017","12:49:00","","Y","N","PGCOPD","UNK",3,3,930,"CO","",0.31,"E","2ND ST",0,"F","E",2407,"CO","","HARDWOOD DR",38.97277768,-76.8474099,1,0,2,"U",99,4,NA,99,99,99,1,99,"P",99,NA,99,"",NA,"U",NA,99,NA,"2-Dec-95","681418b4-a5a8-4e7d-a7ac-030cb4e8733b","","","","","B"
"8133","DA40640007",1,16,0,2,88,2,1,1,1,88,6.01,"3/21/2017","12:49:00","","Y","N","PGCOPD","UNK",3,3,930,"CO","",0.31,"E","2ND ST",0,"F","E",2407,"CO","","HARDWOOD DR",38.97277768,-76.8474099,1,0,2,"M",99,4,NA,99,99,99,1,99,"P",99,NA,99,"",NA,"U",NA,99,NA,"6-Jun-97","8d552fe4-86dc-42da-8656-5e6b2e6f6b85","","","","","A"
"8134","DA4065000F",1,16,NA,1,88,1,1,1,0,0,3,"6/5/2017","12:56:00","","N","N","PGCOPD","UNK",3,0,NA,"","",0,"","BROOKE RD",5,"F","W",NA,"","","INGLEBERRY",38.87130574,-76.90991074,1,0,1,"M",NA,3,NA,1,88,99,1,56,"P",0,NA,0,"",NA,"N",NA,0,NA,"6-Dec-78","7286d9de-58da-4904-8804-1ecc10bdec5b","","","","","A"
"8135","DA40660005",6.02,16,0,2,17,2,1,1,4,0,0,"2/6/2017","18:13:00","","N","N","PGCOPD","UNK",3,0,692,"CO","",0,"S","DREXEL ST",0,"F","S",212,"MD","","RIGGS RD",38.97985368,-76.9784224,1,0,1,"M",1,3,NA,3,5,1,1,51,"P",0,NA,0,"",NA,"N",NA,0,NA,"13-Jun-73","f9d66cce-af37-4eb6-b2b0-851ee9d890db","","","","",""
"8136","DA40660009",1,16,37,5.01,17,2,NA,1,88,88,6.01,"4/3/2017","9:46:00","","N","N","PGCOPD","UNK",4,0,430,"MD","",0,"E","GREENBELT RD",50,"F","W",1,"US","","BALTIMORE AVE",39.00216032,-76.93118334,1,0,1,"M",1,3,NA,3,5,1,2,52,"P",0,NA,0,"",NA,"N",NA,0,NA,"4-Jan-96","542d4012-9dfe-4e6e-b0e1-3ad669bd60e3","MD","C","","","A"
"8137","DA4066000D",3,16,9,1,17,2,2,1,4,0,0,"5/7/2017","2:55:00","","N","N","PGCOPD","UNK",3,0,193,"MD","",5.04,"E","GREENBELT RD",50,"F","E",580,"MU","","58TH AVE",38.99816649,-76.91755235,1,0,1,"M",2,3,NA,3,6,1,1,88,"P",0,NA,0,"",NA,"N",NA,1,NA,"29-Aug-87","a5737049-c653-4985-a97e-a35d74be3b5b","DC","D","","","A"
"8138","DA40750006",1,16,0,2,6,2,1,1,1,7,6.01,"6/28/2017","7:20:00","","Y","N","PGCOPD","UNK",1,9,75,"CO","",1.75,"W","SHERIFF RD",0,"F","W",704,"MD","","MARTIN LUTHER KING JR HWY",38.90965766,-76.89174011,2,0,1,"M",0,1,NA,0,15.88,0,88,0,"P",0,NA,0,"",NA,"N",NA,0,NA,"9-Apr-70","fac99815-65fa-49e9-ab40-b3fa69b174f0","","","","",""
"8139","DA40790004",1,16,0,1,17,0,NA,1,1,0,6.01,"6/26/2017","11:15:00","","N","N","PGCOPD","UNK",3,0,5477,"CO","",0,"S","ROYAL PLAZA DR",5,"F","S",458,"MD","","SILVER HILL RD",38.85199094,-76.91747725,1,0,1,"U",1,3,NA,1,1,99,1,54,"P",0,NA,0,"",NA,"N",NA,1,NA,"2-Nov-06","d6adb776-94ed-4941-a044-0d3816e6a18d","","","","","A"
"8140","DA40800006",1,16,0,0,17,2,NA,1,4,9,6.01,"6/16/2017","10:25:00","","N","N","PGCOPD","UNK",3,9,414,"MD","",2.079,"E","ST BARNABAS RD",1,"F","E",95,"RP","","RAMP 4 FR MD 414 NB TO IS 95 EB",38.80749559,-76.97137758,1,1,1,"F",99,3,NA,99,5,99,1,60,"P",0,NA,0,"",NA,"N",NA,0,NA,"3-Sep-65","65c40e84-459a-4277-8d61-8542bc589a3c","","","","","A"
"8141","DA40820003",3,16,0,3,88,2,NA,1,0,0,6.01,"6/10/2017","22:10:00","","N","N","PGCOPD","UNK",4,0,458,"MD","",2.4,"N","SILVER HILL RD",15,"F","S",972,"MD","A","OLD SILVER HILL RD",38.85372882,-76.90812707,1,0,1,"M",1,2,NA,2,5,1,2,51,"P",0,NA,0,"",NA,"N",NA,1,NA,"2-May-90","90699543-376a-48b8-afc5-ab20770cc39d","","","","",""
"8142","DA40870002",1,16,NA,NA,9,NA,NA,NA,NA,9,6.01,"6/4/2017","6:42:00","","N","N","PGCOPD","UNK",1,9,NA,"","",NA,"","",NA,"","",NA,"","","",38.98946099,-76.98720932,2,1,1,"F",1,1,NA,0,0,0,88,0,"P",0,NA,0,"",NA,"N",NA,0,NA,"22-Mar-75","cd234798-a736-4dd0-a3f3-4b3617c92214","","","","",""
"8143","DA40870006",1,16,37,1,17,2,3,1,4,0,6.01,"6/14/2017","18:14:00","","N","N","PGCOPD","UNK",4,0,193,"MD","",2.22,"E","UNIVERSITY BLVD",200,"F","E",232,"CO","","ADELPHI RD",38.98827683,-76.95433617,1,0,1,"F",1,1,NA,1,8,1,2,53,"P",0,NA,0,"",NA,"N",NA,1,NA,"20-Sep-55","987664fc-0570-4b73-8c4e-baca75465785","MD","","","",""
"8144","DA40900001",1,16,NA,NA,88,NA,NA,NA,NA,88,3,"5/28/2017","13:49:00","","N","N","PGCOPD","UNK",3,0,NA,"","",NA,"","",NA,"","",NA,"","","",38.8052194,-76.98527813,1,0,1,"M",1,1,NA,2,88,0,1,88,"P",0,NA,0,"",NA,"N",NA,1,NA,"8-Nov-72","77e926c3-ca86-495b-a3c4-4920467afcd6","","","","",""
"8145","DA40950002",6.02,16,0,1,88,2,1,0,4,0,7.01,"6/5/2017","18:00:00","114","N","N","PGCOPD","UNK",3,0,193,"MD","",0.52,"E","UNIVERSITY BLVD",25,"F","E",908,"CO","","14TH AVE",38.98590427,-76.98269516,1,0,1,"M",2,3,NA,1,6,1,1,99,"P",0,NA,0,"",NA,"Y",NA,1,NA,"1-Jan-01","828ea189-15ea-44fc-9154-7791fcedea89","","","","","A"
"8146","DD55020019",1,15,NA,1,88,2,1,1,3,0,6.01,"06-16-2015","12:30:00","54112","N","N","ROCKVILLE","UNK",3,0,1160,"MU","",0.13,"E","FREDERICK AVE",100,"F","E",1670,"MU","","LENMOR AVE",39.09484833,-77.14877,1,0,1,"M",1,3,NA,3,6,1,1,52,"P",0,NA,0,"",NA,"",NA,1,NA,"24-MAY-11","1f5125cd-7822-4438-b7f5-4598c674b18e","","","","","A"
"8147","DD5502001V",3,15,130,3,12,2,3,1,4,4,6.01,"12-10-2015","17:19:00","54114","N","N","ROCKVILLE","UNK",1,3,355,"MD","",9.05,"N","ROCKVILLE PIKE",50,"F","N",2560,"MU","","RICHARD MONTGOMERY DR",39.08007667,-77.144365,2,0,1,"M",1,3,NA,99,3,0,1,63.88,"P",0,NA,0,"",NA,"N",NA,0,NA,"08-APR-48","6dd461f8-a64e-4f9d-b807-21b1aac1824b","MD","c","","","A"
"8148","DD55020020",3,15,130,0,2,1,2,1,4,0,3,"02-01-2016","17:39:00","54112","N","N","ROCKVILLE","UNK",3,0,355,"MD","",9.32,"N","ROCKVILLE PIKE",30,"F","N",2138,"MU","","MONROE PL",39.08291333,-77.14681,1,1,1,"F",1,3,NA,3,6,99,1,52,"P",0,NA,0,"",NA,"Y",NA,1,NA,"05-OCT-47","816206ec-db7e-44f6-9fa6-8429380b4d90","","","","","A"
"8149","DD55020029",1,15,130,2,88,2,1,1,4,0,7.01,"04-27-2016","17:44:00","54144","N","N","ROCKVILLE","UNK",3,0,2405,"MU","",0.35,"N","PICCARD DR",0,"F","N",845,"MU","","CURIE CT",39.10587333,-77.17983,1,0,1,"F",1,2,NA,2,6,1,1,51,"P",0,NA,0,"",NA,"Y",NA,1,NA,"25-NOV-88","9d99eaa8-f5cc-4bb1-9ed6-af7d7ed95a7d","MD","ID","","","A"
"8150","DD5502002C",1,15,130,2,88,2,1,1,4,0,7.01,"05-03-2016","12:15:00","54122","Y","N","ROCKVILLE","UNK",3,0,355,"MD","",10,"N","HUNGERFORD DR",0,"F","N",5,"MU","","A ST",39.09198065,-77.15315089,1,0,2,"F",1,3,NA,3,5,2,1,51,"P",0,NA,0,"",NA,"N",NA,88,NA,"07-NOV-13","31922c59-4345-4af0-9b63-18a795503581","","","","","A"
"8151","DD5502002C",1,15,130,2,88,2,1,1,4,0,7.01,"05-03-2016","12:15:00","54122","Y","N","ROCKVILLE","UNK",3,0,355,"MD","",10,"N","HUNGERFORD DR",0,"F","N",5,"MU","","A ST",39.09198065,-77.15315089,1,0,2,"F",1,3,NA,3,5,2,1,51,"P",0,NA,0,"",NA,"N",NA,1,NA,"10-AUG-85","305316f3-d050-4dc5-920b-76a02f99ee4f","","","","","A"
"8152","DD5502002Y",3,15,130,3,88,1,1,1,3,0,3,"2/28/2017","19:00:00","54112","Y","N","ROCKVILLE","UNK",3,0,2000,"MU","",0.45,"E","MARTINS LA",10,"F","E",3151,"MU","","N WASHINGTON ST",39.09098167,-77.15364333,1,0,1,"F",1,3,NA,3,5,2,1,51,"P",0,NA,0,"",NA,"N",NA,0,NA,"20-Feb-50","59a22041-284c-44d8-b65a-6cb86cc12fcb","","","","","A"
"8153","DD55020032",1,15,130,3,88,1,2,1,3,0,3,"3/24/2017","10:23:00","54144","Y","N","ROCKVILLE","UNK",3,0,272,"MU","",0.91,"E","BEALL AVE #2",5,"F","E",355,"MD","","HUNGERFORD DR",39.08728167,-77.150345,1,0,1,"M",1,3,NA,3,5,2,1,51,"P",0,NA,0,"",NA,"N",NA,0,NA,"7-Aug-49","31707e75-5632-4c54-88d5-a970910b089e","","","","","A"