"UNIQUE_ID","REPORT_NO","LIGHT_CODE","COUNTY_NO","MUNI_CODE","JUNCTION_CODE","COLLISION_TYPE_CODE","SURF_COND_CODE","LANE_CODE","RD_COND_CODE","RD_DIV_CODE","FIX_OBJ_CODE","WEATHER_CODE","ACC_DATE","ACC_TIME","LOC_CODE","SIGNAL_FLAG","C_M_ZONE_FLAG","AGENCY_CODE","AREA_CODE","HARM_EVENT_CODE1","HARM_EVENT_CODE2","RTE_NO","ROUTE_TYPE_CODE","RTE_SUFFIX","LOG_MILE","LOGMILE_DIR_FLAG","MAINROAD_NAME","DISTANCE","FEET_MILES_FLAG","DISTANCE_DIR_FLAG","REFERENCE_NO","REFERENCE_TYPE_CODE","REFERENCE_SUFFIX","REFERENCE_ROAD_NAME","LATITUDE","LONGITUDE","drv","occ","ped","SEX_CODE","CONDITION_CODE","INJ_SEVER_CODE","OCC_SEAT_POS_CODE","PED_VISIBLE_CODE","PED_LOCATION_CODE","PED_OBEY_CODE","PED_TYPE_CODE","MOVEMENT_CODE","PERSON_TYPE","ALCOHOL_TEST_CODE","ALCOHOL_TESTTYPE_CODE","DRUG_TEST_CODE","DRUG_TESTRESULT_CODE","BAC_CODE","FAULT_FLAG","EQUIP_PROB_CODE","SAF_EQUIP_CODE","EJECT_CODE","DATE_OF_BIRTH","PERSON_ID","LICENSE_STATE_CODE","CLASS","CDL_FLAG","VEHICLE_ID","EMS_UNIT_LABEL"
"8384","DE41610013",1,22,NA,NA,2,NA,NA,NA,NA,0,6.01,"5/26/2017","14:18:00","","N","N","SALISBURY","UNK",4,0,NA,"","",NA,"","",NA,"","",NA,"","","",38.34812696,-75.59789747,1,0,1,"F",1,3,NA,88,88,0,2,88,"P",0,NA,0,"",NA,"N",NA,1,NA,"26-Jul-77","940a23ee-910f-4084-9474-a5a0496a3d6f","MD","ID","","","A"
"8385","DE41870003",1,22,NA,NA,17,NA,NA,NA,NA,0,6.01,"07-24-2015","10:22:00","","N","N","SALISBURY","UNK",3,0,NA,"","",NA,"","",NA,"","",NA,"","","",38.34135326,-75.580616,1,0,1,"M",1,3,NA,2,88,0,1,88,"P",0,NA,0,"",NA,"Y",NA,1,NA,"04-JUN-98","1d786b09-a3a0-4ff7-8e5a-f8f0e59d9f2e","","","","","A"
"8386","DE5121000R",4,22,NA,0,17,2,1,1,1,0,0,"01-19-2015","17:57:00","","N","N","SALISBURY","UNK",3,0,992,"MD","A",0.411,"E","JOHN DEERE DR",25,"F","E",NA,"UU","A","MID ATLANTIC LA",38.37220005,-75.52126944,1,0,1,"F",1,3,NA,2,6,1,1,53,"P",0,NA,0,"",NA,"",NA,1,NA,"16-DEC-87","a80fe1ea-ff71-438c-9973-a04b22a26b98","MD","C","","","A"
"8387","DE5121000T",1,22,NA,1,17,2,1,1,1,0,6.01,"02-07-2015","12:28:00","","N","N","SALISBURY","UNK",4,0,520,"MU","",0.97,"W","E CHURCH ST",25,"F","W",1331,"MU","","E ISABELLA ST",38.36939481,-75.5923748,1,0,1,"M",1,1,NA,3,6,0,2,53,"P",0,NA,0,"",NA,"",NA,1,NA,"25-JUL-92","7e2e2a2f-cdbc-4eaa-9275-84f9bcdc734e","MD","ID","","",""
"8388","DE51270009",1,22,133,1,88,2,1,1,1,0,6.01,"3/22/2017","14:52:00","","N","N","SALISBURY","UNK",3,0,2910,"MU","",0.5,"N","WAVERLY DR",0.5,"M","N",2831,"MU","","W VINE ST",38.36121714,-75.59985414,1,0,1,"M",1,2,NA,1,6,1,1,52,"P",0,NA,0,"",NA,"N",NA,1,NA,"8-Oct-46","93a36425-60bf-429a-aecd-954716e886ea","","","","",""
"8389","DE5144000B",1,22,NA,NA,11,NA,NA,NA,NA,0,6.01,"09-05-2015","18:03:00","","N","N","SALISBURY","UNK",1,0,NA,"","",NA,"","",NA,"","",NA,"","","",38.35582971,-75.60099676,1,0,1,"M",1,3,NA,0,88,0,2,88,"P",0,NA,0,"",NA,"Y",NA,0,NA,"29-JAN-94","105af557-076e-4277-8de4-e1ee6d15bb67","MD","","","",""
"8390","DE5144001M",1,22,NA,NA,0,NA,NA,NA,NA,0,6.01,"08-05-2016","09:23:00","","N","N","SALISBURY","UNK",19,1,NA,"","",NA,"","",NA,"","",NA,"","","",38.36599115,-75.59558675,2,1,1,"M",0,2,NA,0,88,0,1,57,"P",0,NA,0,"",NA,"N",NA,0,NA,"07-FEB-47  00:00:00","784649f6-c124-4e0a-aaae-f7a214ca955c","","","","",""
"8391","DE51440026",1,22,NA,NA,17,NA,NA,NA,NA,2,7.01,"11/25/2016","14:46:00","","N","N","SALISBURY","UNK",88,0,NA,"","",NA,"","",NA,"","",NA,"","","",38.38305093,-75.58238089,1,0,2,"F",0,3,NA,0,15.88,0,88,56,"P",0,NA,0,"",NA,"N",NA,0,NA,"8-Jul-00","61530410-def7-43ad-970c-0c68a4e8bd90","","","","","B"
"8392","DE51440026",1,22,NA,NA,17,NA,NA,NA,NA,2,7.01,"11/25/2016","14:46:00","","N","N","SALISBURY","UNK",88,0,NA,"","",NA,"","",NA,"","",NA,"","","",38.38305093,-75.58238089,1,0,2,"F",0,3,NA,0,15.88,0,88,56,"P",0,NA,0,"",NA,"N",NA,0,NA,"20-May-84","82f27863-cdea-42ca-9075-050d8b8d1e5f","","","","","A"
"8393","DE51440029",4,22,NA,NA,0,NA,NA,NA,NA,0,3,"1/12/2017","6:32:00","","N","N","SALISBURY","UNK",19,3,NA,"","",NA,"","",NA,"","",NA,"","","",38.35932124,-75.60005933,1,0,1,"F",1,2,NA,2,88,0,1,52,"P",0,NA,0,"",NA,"Y",NA,0,NA,"8-Mar-82","53493c65-06e8-4ad0-9368-098c7e2b6a0e","MD","C","","",""
"8394","DE5162000W",3,22,133,0,17,2,1,1,1,0,6.01,"09-21-2016","07:27:00","","N","N","SALISBURY","UNK",3,0,2447,"MU","",0.95,"N","ROBINS AVE",100,"F","S",12,"MD","","SNOW HILL RD",38.33967656,-75.58470637,1,0,1,"M",1,3,NA,3,1,1,1,53,"P",0,NA,0,"",NA,"N",NA,1,NA,"05-DEC-75  00:00:00","879c58bc-95a7-4cea-b159-f8689614242f","DE","D","","","A"
"8395","DE51620011",1,22,133,0,17,2,1,1,1,0,6.01,"11/8/2016","15:43:00","","N","N","SALISBURY","UNK",3,0,1331,"MU","",0.47,"E","E ISABELLA ST",150,"F","W",2700,"MU","","TILGHMAN ST",38.36906254,-75.59196174,1,0,1,"M",0,4,NA,3,88,0,1,55,"P",0,NA,0,"",NA,"Y",NA,0,NA,"14-Oct-09","8597028a-249d-4be4-9d3b-a48f7553e163","","","","","A"
"8396","DE5191000B",1,22,133,2,17,2,1,1,1,0,7.01,"09-26-2015","07:44:00","","N","N","SALISBURY","UNK",3,0,410,"MU","",0.3,"E","W CARROLL ST",0,"F","E",771,"MU","","S DIVISION ST",38.36311522,-75.59943974,1,0,1,"F",0,1,NA,2,5,0,1,51,"P",0,NA,0,"",NA,"Y",NA,1,NA,"07-OCT-80","7432a870-ba6f-49af-8c9d-2cb23a8ca39b","","","","",""
"8397","DE5191000D",1,22,133,2,17,2,1,1,1,0,6.01,"07-28-2015","13:00:00","","Y","N","SALISBURY","UNK",4,0,520,"MU","",0.67,"W","E CHURCH ST",0,"F","W",1900,"MU","","NAYLOR ST",38.37117806,-75.58776677,1,0,1,"M",1,1,NA,2,6,99,2,51,"P",0,NA,0,"",NA,"U",NA,1,NA,"07-MAR-99","42ba19ec-c78e-4062-ade4-de0164bfeac3","","","","",""
"8398","DE6106000S",1,22,NA,NA,88,NA,NA,NA,NA,0,3,"12/6/2016","10:43:00","","N","N","SALISBURY","UNK",3,0,NA,"","",NA,"","",NA,"","",NA,"","","",38.4174852,-75.56749463,1,0,1,"M",1,2,NA,3,88,0,1,56,"P",0,NA,0,"",NA,"N",NA,0,NA,"20-Jul-58","df018794-cbf3-4eff-b16e-ac8b9d08aaca","MD","CM","","",""
"8399","DE6121000J",1,22,133,2,2,2,1,1,1,0,6.01,"10/10/2016","11:50:00","","Y","N","SALISBURY","UNK",4,0,2095,"MU","",0.33,"S","PARSONS RD",0,"F","S",1800,"MU","","MITCHELL RD",38.36558106,-75.61557323,1,0,1,"M",7,3,NA,0,88,3,2,54,"P",0,NA,0,"",NA,"Y",NA,1,NA,"9-Mar-98","7ca19499-d58a-4818-ae14-961b9c58ad0c","MD","ID","","","A"
"8400","DE71910008",3,22,133,3,17,2,1,1,1,0,6.01,"2/16/2017","21:19:00","","Y","N","SALISBURY","UNK",3,0,12,"MD","",7.06,"N","SNOW HILL RD",0,"F","N",415,"MU","","E CARROLL ST",38.36266515,-75.59178472,1,0,1,"M",1,3,NA,2,6,1,1,52,"P",0,NA,0,"",NA,"Y",NA,1,NA,"1-Oct-59","6b8cc66e-c28d-4e49-a34d-a7bf981afbce","MD","C","","","A"
"8401","DGSP02170003",1,2,NA,2,88,2,2,1,3,0,6.01,"6/6/2017","15:08:00","","N","N","DGS","UNK",3,3,NA,"","",0,"","COLLEGE AVE",0,"F","E",NA,"","","BLADDEN ST",38.97959826,-76.49197564,1,1,1,"M",1,2,NA,1,9.05,1,1,51,"P",0,NA,0,"",NA,"N",NA,1,NA,"9-Aug-72","f5ed9bd4-d078-4aa9-a8e0-8afc940c6511","MD","C","","","A"
"8402","DJ01030003",1,16,NA,NA,11,NA,NA,NA,NA,0,6.01,"02-18-2015","13:51:00","","Y","N","SEATPLEASANT","UNK",3,0,NA,"","",NA,"","",NA,"","",NA,"","","",38.89699497,-76.90487623,1,0,1,"M",1,3,NA,2,6,1,1,88,"P",0,NA,0,"",NA,"",NA,0,NA,"10-APR-82","4f9a2edc-dd2a-49ca-892c-161403ad32f5","MD","","","","A"
"8403","DJ01030011",1,16,134,2,11,2,1,1,4,4,6.01,"12/18/2016","15:12:00","","Y","N","SEATPLEASANT","UNK",3,9,704,"MD","",0.67,"E","MARTIN LUTHER KING JR HWY",0,"F","E",160,"MU","","GREIG ST",38.90043509,-76.90210819,1,0,1,"F",1,3,NA,1,88,0,1,51,"P",0,NA,0,"",NA,"N",NA,1,NA,"11-Jul-00","011a0154-c1db-41e8-9cd2-27790a2437d2","","","","","A"
"8404","DJ0105001P",1,16,134,1,17,1,NA,1,1,0,3,"09-28-2016","09:55:00","0330","N","N","SEATPLEASANT","UNK",3,0,704,"MD","",0.37,"E","MARTIN LUTHER KING JR HWY",200,"F","W",9650,"MU","","65TH AVE",38.89697097,-76.90607518,1,0,1,"M",4,3,NA,2,6,1,1,52,"P",0,NA,0,"",NA,"Y",NA,0,NA,"03-FEB-71  00:00:00","9c58389a-3d5c-4366-bd77-c025af97e1f1","MD","C","","","A"
"8405","DJ01080003",1,16,NA,2,88,2,3,1,4,0,6.01,"04-20-2015","13:38:00","0320","N","N","SEATPLEASANT","UNK",4,0,214,"MD","",0.87,"E","CENTRAL AVE",0,"F","E",366,"CO","","ADDISON RD",38.88718305,-76.89649701,1,0,1,"M",1,3,NA,2,3,0,2,54,"P",0,NA,0,"",NA,"",NA,1,NA,"10-APR-65","5e00cfa0-571d-40a0-a1b8-0958a2474f0c","DC","id","","","A"
"8406","DJ01090004",3,16,134,2,0,2,NA,1,1,0,0,"11-30-2015","21:20:00","0320","N","N","SEATPLEASANT","UNK",3,0,366,"CO","",0.33,"S","ADDISON RD",0,"F","S",70,"MU","","DRYLOG ST",38.89305367,-76.90260172,1,0,1,"M",9.88,4,NA,2,99,99,1,99,"P",99,NA,99,"",NA,"U",NA,0,NA,"14-JAN-71","3f0f64f3-9a5e-4d6e-a45e-a162634d8d78","MD","","","","A"
"8407","DJ01210005",1,16,NA,1,88,0,1,1,4,0,6.01,"06-10-2015","15:30:00","","N","N","SEATPLEASANT","UNK",3,0,214,"MD","",1.13,"E","CENTRAL AVE",50,"F","E",409,"OP","","SOPER LA",38.88742106,-76.89351976,1,1,1,"M",NA,3,NA,2,6,1,1,52,"P",0,NA,0,"",NA,"",NA,0,NA,"02-MAY-93","e546d819-c942-4da9-8340-42c6dd25522f","MD","","","",""
"8408","DJ01210006",1,16,NA,2,88,2,1,1,1,0,7.01,"07-02-2015","09:01:00","","Y","N","SEATPLEASANT","UNK",3,0,NA,"MU","",0.38,"N","CROWN ST",0,"F","N",NA,"CO","","ADDISON RD",38.89183136,-76.90185204,1,0,1,"F",NA,3,NA,2,6,1,1,51,"P",0,NA,0,"",NA,"",NA,0,NA,"05-JAN-97","93b8f419-e234-492d-a543-5ba19cb36158","MD","","","",""
"8409","DJ0121000H",4,16,134,1,88,1,2,1,4,0,3,"09-30-2016","20:10:00","","N","N","SEATPLEASANT","UNK",3,0,704,"MD","",0.51,"E","MARTIN LUTHER KING JR HWY",50,"F","E",9690,"MU","","69TH PL",38.89876202,-76.9041869,1,2,1,"M",NA,4,NA,2,6,1,1,52,"P",0,NA,0,"",NA,"Y",NA,0,NA,"12-MAR-77  00:00:00","a699e942-4ae5-4573-a048-0cc02ab54e32","","","","",""
"8410","DM8207000F",3,15,0,1,17,2,3,1,4,88,6.01,"08-07-2015","23:32:00","54142","N","N","TAKOMA","UNK",3,0,193,"MD","",6.7,"E","UNIVERSITY BLVD E",30,"F","E",0,"UU","","PRINCE GEORGES CO/L",38.98825,-76.98681667,1,2,1,"M",2,2,NA,2,6,1,1,52,"P",0,NA,0,"",NA,"Y",NA,0,NA,"20-DEC-77","60a8de91-863e-4535-934c-f0eefda36052","","","","","A"
"8411","DM82660003",1,15,NA,2,2,2,1,1,1,0,6.01,"05-26-2015","10:10:00","5411","Y","N","TAKOMA","UNK",4,0,1330,"MU","",0.27,"W","WILLOW AVE",0,"F","W",1250,"MU","","TULIP AVE",38.97624833,-77.01205167,1,0,1,"M",1,3,NA,3,10.88,88,2,51,"P",0,NA,0,"",NA,"",NA,0,NA,"11-SEP-54","09c2dbf3-6241-4338-a45f-a44a3c6e6caf","MD","","","","A"
"8412","DM8266000D",1,15,143,1,88,2,1,1,1,0,6.01,"07-12-2016","11:45:00","54122","N","N","TAKOMA","UNK",3,0,230,"MU","",0.27,"S","CHICAGO AVE",25,"F","N",410,"MD","","PHILADELPHIA AVE",38.98627167,-77.02176667,1,0,1,"M",1,3,NA,2,88,1,1,52,"P",0,NA,0,"",NA,"Y",NA,0,NA,"11-AUG-69  00:00:00","20db5c92-002b-40d4-bb00-40b870456db5","","","","","A"
"8413","DM8270000C",1,15,143,1,88,1,1,1,1,0,7.01,"4/23/2017","18:01:00","8T3/807","N","N","TAKOMA","UNK",3,0,410,"MD","",6.06,"E","ETHAN ALLEN AVE",50,"M","E",1120,"MU","","PRINCE GEORGES AVE",38.97713471,-76.99922562,1,0,1,"F",NA,4,NA,1,6,1,1,52,"P",0,NA,0,"",NA,"U",NA,0,NA,"22-May-95","62f981c6-1b80-41fe-a578-bbf867ddc83a","","","","","A"
"8414","DM8336000R",1,15,143,0,88,2,1,1,1,0,6.01,"04-21-2016","16:55:00","54112","N","N","TAKOMA","UNK",3,3,690,"MU","",0,"E","HOLTON LA",50,"F","E",743,"MU","","JACKSON AVE",38.98579377,-76.99170068,1,0,1,"M",1,3,NA,99,0,0,1,56,"P",0,NA,0,"",NA,"U",NA,0,NA,"11-JUN-01","4c64b792-a274-4f2e-870f-3bf817485e18","","","","",""
"8415","DM83380008",1,16,0,3,88,2,NA,1,88,0,0,"10-30-2015","16:15:00","54142","N","N","TAKOMA","UNK",3,0,193,"MD","",0.34,"E","UNIVERSITY BLVD",10,"F","E",0,"UU","","SPUR TO MD 650",38.98902,-76.98776,1,0,1,"F",1,3,NA,0,5,0,1,51,"P",0,NA,0,"",NA,"N",NA,0,NA,"10-JUL-00","4a057ac3-06e7-4952-83c9-a137950b0caf","","","","",""
"8416","DM8338000T",3,15,143,1,88,2,1,1,1,0,0,"3/3/2017","19:58:00","54142","N","N","TAKOMA","UNK",3,0,320,"MD","",0.03,"N","PINEY BRANCH RD",0.02,"M","N",1225,"MU","","TAKOMA AVE",38.98000694,-77.01715887,1,0,1,"M",9.88,4,NA,99,6,0,1,88,"P",0,NA,0,"",NA,"Y",NA,0,NA,"7-Oct-00","690a19bd-6171-4ad8-9200-c4272d6c45a2","","","","","A"
"8417","DM83390009",1,15,143,3,8,2,2,1,1,0,6.01,"01-05-2016","09:03:00","54142","N","N","TAKOMA","UNK",3,0,410,"MD","",6.27,"E","ETHAN ALLEN AVE",0,"F","E",0,"UU","","ALLEY",38.97534167,-76.99543667,1,0,1,"F",1,3,NA,2,88,1,1,88,"P",0,NA,0,"",NA,"N",NA,0,NA,"18-NOV-94","f8328dd1-5e75-4b01-b064-6a08db52275e","","","","","A"
"8418","DM8339000J",1,16,0,3,17,2,1,1,4,0,6.01,"08-31-2016","13:55:00","54112","Y","N","TAKOMA","UNK",3,3,193,"MD","",0.17,"E","UNIVERSITY BLVD",10,"F","E",0,"UU","","ENT TO BUSINESS",38.99062116,-76.98955894,1,0,2,"M",1,3,NA,99,6,1,1,52,"P",0,NA,0,"",NA,"N",NA,0,NA,"23-DEC-13  00:00:00","85c10d2b-81f6-48da-94fe-18653f436d2e","","","","","B"
"8419","DM8339000J",1,16,0,3,17,2,1,1,4,0,6.01,"08-31-2016","13:55:00","54112","Y","N","TAKOMA","UNK",3,3,193,"MD","",0.17,"E","UNIVERSITY BLVD",10,"F","E",0,"UU","","ENT TO BUSINESS",38.99062116,-76.98955894,1,0,2,"F",1,3,NA,3,6,1,1,52,"P",0,NA,0,"",NA,"Y",NA,0,NA,"30-OCT-90  00:00:00","3cac4982-4c1f-457f-8ee2-514274909c68","MD","C","","","A"
"8420","DM8374000Q",3,15,143,2,88,2,NA,1,1,0,7.01,"05-10-2016","20:19:00","5414","Y","N","TAKOMA","UNK",3,0,930,"MU","",0.49,"E","MAPLE AVE",0,"F","E",410,"MD","","PHILADELPHIA AVE",38.981335,-77.01154,1,0,1,"F",1,3,NA,2,5,2,1,51,"P",0,NA,0,"",NA,"N",NA,0,NA,"19-JUL-84","36cd0868-4e7c-4a49-b677-0957fdfdc313","","","","","A"
"8421","DM8374000R",1,15,143,2,2,2,1,0,1,0,6.01,"06-02-2016","18:25:00","54142","N","N","TAKOMA","UNK",4,4,410,"MD","",6.16,"E","ETHAN ALLEN AVE",0,"F","E",390,"MU","","ELM AVE",38.97596,-76.99699833,1,2,1,"M",1,3,NA,1,6,0,2,53,"P",0,NA,0,"",NA,"N",NA,1,NA,"12-NOV-89","493b6bd6-349a-4d8e-b10b-fb9c56f1c5a3","","","","","A"
"8422","DM83740015",1,15,143,2,88,2,1,1,4,0,6.01,"2/8/2017","16:16:00","54122","Y","N","TAKOMA","UNK",3,3,650,"MD","",0.83,"N","NEW HAMPSHIRE AVE",0,"F","N",690,"MU","","HOLTON LA",38.98581167,-76.98761333,1,0,1,"F",1,1,NA,1,5,2,1,51,"P",0,NA,0,"",NA,"N",NA,0,NA,"24-Jul-87","04ac473c-be38-4d96-9b38-3c1b2942a8cb","","","","",""
"8423","DM83740019",3,15,NA,NA,88,NA,NA,NA,NA,0,6.01,"3/8/2017","19:57:00","54242","N","N","TAKOMA","UNK",3,0,NA,"","",NA,"","",NA,"","",NA,"","","",38.98760333,-76.98608,1,0,1,"F",1,2,NA,1,88,0,1,88,"P",0,NA,0,"",NA,"Y",NA,0,NA,"26-Apr-11","da5d8202-bfe7-4aa2-9c8c-9f784a37f4b6","","","","","A"
"8424","DM84230014",1,15,0,9.04,88,2,1,1,1,0,6.01,"11/18/2016","16:15:00","","N","N","TAKOMA","UNK",3,0,1289,"CO","",0,"E","MERRIMAC DR",50,"F","E",193,"MD","","UNIVERSITY BLVD E",38.99547333,-77.024265,1,0,1,"U",1,4,NA,0,6,0,1,52,"P",0,NA,0,"",NA,"Y",NA,0,NA,"27-Sep-00","4e64f5a3-afd0-49c1-bde1-2e04f126605d","","","","","A"
"8425","DM84230017",1,15,143,2,88,2,1,0,1,0,6.01,"12/12/2016","15:20:00","54112","N","N","TAKOMA","UNK",3,0,410,"MD","",4.56,"E","PHILADELPHIA AVE",0,"F","E",230,"MU","","CHICAGO AVE",38.98651333,-77.02152333,1,0,1,"F",1,3,NA,1,9.05,0,1,51,"P",0,NA,0,"",NA,"U",NA,0,NA,"20-Nov-78","a3381a24-7657-43f1-9485-9e25874ecf92","MD","C","","","A"
"8426","DM8430000Q",1,15,143,1,88,0,NA,1,0,88,6.01,"3/28/2017","13:17:00","DM","N","N","TAKOMA","UNK",3,3,1175,"MU","",0,"N","SHERIDAN ST",0.2,"M","S",650,"MD","","NEW HAMPSHIRE AVE",38.96673667,-77.00201833,1,0,1,"M",1,2,NA,3,0,1,1,88,"P",0,NA,0,"",NA,"N",NA,0,NA,"31-Mar-66","f20ce920-27d7-43f3-b497-a9b5dde31abf","DC","","","",""
"8427","DM8437000K",1,15,NA,NA,88,NA,NA,NA,NA,0,6.01,"05-18-2015","15:38:00","5411","N","N","TAKOMA","UNK",3,0,NA,"","",NA,"","",NA,"","",NA,"","","",38.97482833,-77.014025,1,0,1,"F",1,2,NA,3,3,0,1,55,"P",0,NA,0,"",NA,"",NA,0,NA,"21-NOV-06","fd536c2a-fc80-4160-bd6d-505f3e5ed5b8","","","","","A"
"8428","DM8437000Y",1,15,0,2,88,2,NA,1,4,0,6.01,"07-20-2016","18:20:00","5414","Y","N","TAKOMA","UNK",3,0,193,"MD","",6.69,"E","UNIVERSITY BLVD E",0,"F","E",960,"MU","","MERRIMAC DR",38.98154833,-77.0095,1,0,1,"M",1,4,NA,1,5,3,1,51,"P",0,NA,0,"",NA,"Y",NA,1,NA,"12-JAN-50  00:00:00","07b1ec1c-4308-4b65-8b3e-83eace51d570","MD","","","","A"
"8429","DM84370014",1,15,NA,NA,88,NA,NA,NA,NA,0,6.01,"11/6/2016","16:40:00","5424","N","N","TAKOMA","UNK",3,0,NA,"","",NA,"","",NA,"","",NA,"","","",38.98847333,-77.00094167,1,0,1,"F",1,4,NA,2,88,1,1,88,"P",0,NA,0,"",NA,"N",NA,0,NA,"22-Dec-57","5370cfa3-d9db-4fbc-b602-89fa6d4ae7e3","MD","C","","","A"
"8430","DM8437001N",1,15,143,2,88,2,1,1,1,0,6.01,"4/8/2017","15:05:00","5411","Y","N","TAKOMA","UNK",4,0,930,"MU","",0.98,"E","MAPLE AVE",0,"F","E",3,"GV","","SLIGO CREEK PKWY",38.98613361,-77.00365663,1,0,1,"F",1,2,NA,3,5,2,2,51,"P",0,NA,0,"",NA,"N",NA,21,NA,"2-Dec-57","a154a944-6cb5-4663-9577-95c7f7bbf746","","","","","A"
"8431","DM8439000Y",1,15,NA,NA,3,NA,NA,NA,NA,0,6.01,"01-14-2016","12:13:00","54242","N","N","TAKOMA","UNK",3,2,NA,"","",NA,"","",NA,"","",NA,"","","",38.98579833,-76.987405,1,0,1,"F",1,3,NA,3,88,0,1,56,"P",0,NA,0,"",NA,"N",NA,0,NA,"11-JAN-48","02ca4ced-3ef0-44b8-b49f-b1e5e51d9f4d","","","","","B"
"8432","DM8447000H",1,15,NA,NA,17,NA,NA,NA,NA,0,6.01,"03-23-2015","15:40:00","","N","N","TAKOMA","UNK",3,0,NA,"","",NA,"","",NA,"","",NA,"","","",38.988001,-76.987934,1,0,1,"M",1,3,NA,0,88,1,1,52,"P",0,NA,0,"",NA,"",NA,0,NA,"10-DEC-10","abec3cf9-e38a-47cd-b19a-467fc07170bd","","","","","A"
"8433","DM8447000V",3,15,0,1,11,1,3,1,4,0,3,"03-27-2016","21:09:00","","N","N","TAKOMA","UNK",3,0,193,"MD","",6.69,"E","UNIVERSITY BLVD E",15,"F","E",960,"MU","","MERRIMAC DR",38.992718,-76.991393,1,0,1,"M",99,2,NA,3,6,1,1,52,"P",99,0,99,"A",NA,"Y",NA,1,NA,"30-SEP-76","5441a21a-cd0e-47ef-bcfa-6d67b8b2fdf0","","","","","A"
"8434","DM84470016",3,15,143,2,17,2,4,1,4,0,6.01,"11/4/2016","19:40:00","","Y","N","TAKOMA","UNK",3,0,650,"MD","",0.83,"N","NEW HAMPSHIRE AVE",0,"F","N",690,"MU","","HOLTON LA",38.985899,-76.988181,1,0,1,"M",1,2,NA,2,6,3,1,51,"P",0,NA,0,"",NA,"Y",NA,1,NA,"14-Nov-77","4222d904-8af2-4b72-a3ca-7fa7b8873c29","","","","","A"
"8435","DM8450000B",1,15,NA,NA,88,NA,NA,NA,NA,0,7.01,"09-26-2015","15:05:00","","N","N","TAKOMA","UNK",3,0,NA,"","",NA,"","",NA,"","",NA,"","","",38.99138167,-76.99416167,1,0,1,"F",99,1,NA,0,88,1,1,55,"P",0,NA,0,"",NA,"Y",NA,1,NA,"07-JUL-11","bb77807a-603e-4089-a6c5-3c8f171f70d7","","","","","A"
"8436","DM8453000C",1,15,NA,NA,1,NA,NA,NA,NA,0,6.01,"06-23-2015","15:54:00","","N","N","TAKOMA","UNK",4,0,NA,"","",NA,"","",NA,"","",NA,"","","",38.98126317,-77.01094151,1,0,1,"M",99,3,NA,3,3,0,2,63.88,"P",0,NA,0,"",NA,"",NA,0,NA,"25-DEC-94","af3148b9-d69d-4824-a1cb-8b415c4250f0","","","","","A"
"8437","DM8453000L",1,15,143,0,88,2,1,1,3,0,6.01,"10/10/2016","8:53:00","5414-2","N","N","TAKOMA","UNK",3,0,410,"MD","",4.56,"E","PHILADELPHIA AVE",0,"F","E",230,"MU","","CHICAGO AVE",38.98666317,-77.02147186,1,0,1,"F",1,3,NA,99,9.05,1,1,51,"P",0,NA,0,"",NA,"U",NA,0,NA,"9-Dec-97","ab8ef9fa-b6ce-44b5-a508-3a9f59997b1c","MD","","","",""
"8438","DM8453000N",3,15,143,1,88,2,1,1,1,0,6.01,"2/3/2017","18:21:00","5414-2","N","N","TAKOMA","UNK",3,0,195,"MD","",0.65,"N","CARROLL AVE",15,"F","N",921,"MU","","MANOR CIR",38.97959931,-77.00479656,1,0,1,"M",1,2,NA,0,0,1,1,52,"P",0,NA,0,"",NA,"Y",NA,0,NA,"11-Mar-09","c5a949bb-070a-461d-a7ab-160e5356b3b8","","","","","A"
"8439","DM8456000F",1,15,143,1,0,2,NA,1,1,0,6.01,"3/25/2017","15:30:00","54112","N","N","TAKOMA","UNK",3,3,120,"MU","",0.18,"S","BOYD AVE",100,"F","N",740,"MU","","JACKSON AVE",38.97849167,-77.001665,1,0,1,"M",1,3,NA,1,6,1,2,53,"P",0,NA,0,"",NA,"U",NA,21,NA,"6-May-51","1a4a86b8-8fde-4ac3-98fc-6b87d0b9cb5a","","","","","A"
"8440","DM8456000V",1,15,143,2,0,2,1,1,4,0,6.01,"6/18/2017","13:00:00","54142","Y","N","TAKOMA","UNK",3,0,650,"MD","",1.04,"N","NEW HAMPSHIRE AVE",0,"F","N",193,"MD","","UNIVERSITY BLVD",38.98634,-76.98856167,1,0,1,"M",1,2,NA,3,6,1,1,52,"P",0,NA,0,"",NA,"Y",NA,1,NA,"21-Apr-44","fa0bcdc3-971a-4350-90f0-c687f2a519de","","","","","A"
"8441","DP01070008",1,10,146,3,17,2,1,1,1,0,6.01,"4/13/2017","7:06:00","","Y","N","THURMONT","UNK",3,0,77,"MD","",7.92,"E","E MAIN ST",5,"F","W",350,"MU","","SUMMIT AVE",39.6209678,-77.4035418,1,0,1,"M",1,3,NA,2,5,88,1,52,"P",0,NA,0,"",NA,"Y",NA,1,NA,"16-Jun-05","ebcb78d0-ae3f-4988-8ef3-9aa2784f283c","","","","","A"
"8442","DP01270008",1,10,NA,NA,17,NA,NA,NA,NA,0,6.01,"04-12-2015","17:51:00","","N","N","THURMONT","UNK",3,3,NA,"","",NA,"","",NA,"","",NA,"","","",39.63395223,-77.4102366,1,1,1,"F",1,3,NA,3,88,1,1,88,"P",0,NA,0,"",NA,"",NA,1,NA,"06-APR-86","95a93527-bb69-46bf-a4f9-0e8a400bca8d","PA","c","","","A"