"UNIQUE_ID","REPORT_NO","LIGHT_CODE","COUNTY_NO","MUNI_CODE","JUNCTION_CODE","COLLISION_TYPE_CODE","SURF_COND_CODE","LANE_CODE","RD_COND_CODE","RD_DIV_CODE","FIX_OBJ_CODE","WEATHER_CODE","ACC_DATE","ACC_TIME","LOC_CODE","SIGNAL_FLAG","C_M_ZONE_FLAG","AGENCY_CODE","AREA_CODE","HARM_EVENT_CODE1","HARM_EVENT_CODE2","RTE_NO","ROUTE_TYPE_CODE","RTE_SUFFIX","LOG_MILE","LOGMILE_DIR_FLAG","MAINROAD_NAME","DISTANCE","FEET_MILES_FLAG","DISTANCE_DIR_FLAG","REFERENCE_NO","REFERENCE_TYPE_CODE","REFERENCE_SUFFIX","REFERENCE_ROAD_NAME","LATITUDE","LONGITUDE","drv","occ","ped","SEX_CODE","CONDITION_CODE","INJ_SEVER_CODE","OCC_SEAT_POS_CODE","PED_VISIBLE_CODE","PED_LOCATION_CODE","PED_OBEY_CODE","PED_TYPE_CODE","MOVEMENT_CODE","PERSON_TYPE","ALCOHOL_TEST_CODE","ALCOHOL_TESTTYPE_CODE","DRUG_TEST_CODE","DRUG_TESTRESULT_CODE","BAC_CODE","FAULT_FLAG","EQUIP_PROB_CODE","SAF_EQUIP_CODE","EJECT_CODE","DATE_OF_BIRTH","PERSON_ID","LICENSE_STATE_CODE","CLASS","CDL_FLAG","VEHICLE_ID","EMS_UNIT_LABEL"
"8616","GD3164000F",3,16,NA,1,0,2,3,1,4,0,6.01,"02-04-2015","18:20:00","","Y","N","LANDOVER","UNK",3,0,450,"MD","",2.2,"E","ANNAPOLIS RD",3,"F","E",332,"CO","","COOPER LA",38.94168678,-76.90334201,1,0,1,"F",1,2,NA,1,5,2,1,51,"P",0,NA,0,"",NA,"",NA,0,NA,"08-NOV-80","e2b3a363-18e0-4a1b-ac77-91fb80c77211","MD","","","","A"
"8617","GE02340001",1,16,NA,NA,88,NA,NA,NA,NA,88,12.04,"03-01-2015","11:30:00","509","N","N","MORNINGSIDE","UNK",2,0,NA,"","",NA,"","",NA,"","",NA,"","","",38.83107877,-76.88850269,1,0,1,"F",NA,1,NA,0,0,0,1,0,"P",0,NA,0,"",NA,"",NA,0,NA,"04-NOV-51","aef2bfe1-2e51-4ef4-94cd-ab7497717bed","MD","","","",""
"8618","GE02340006",1,16,102,2,11,2,1,1,4,0,6.01,"07-28-2015","13:37:00","","Y","N","MORNINGSIDE","UNK",1,1,337,"MD","",1.61,"N","ALLENTOWN RD",0,"F","N",81,"CO","","SUITLAND RD",38.82108639,-76.88654065,2,0,2,"M",0,1,NA,0,12.88,0,1,56,"P",0,NA,0,"",NA,"N",NA,0,NA,"03-JUN-89","0aece7c1-aef4-421f-9333-87be4ef5ef1e","","","","",""
"8619","GE02340006",1,16,102,2,11,2,1,1,4,0,6.01,"07-28-2015","13:37:00","","Y","N","MORNINGSIDE","UNK",1,1,337,"MD","",1.61,"N","ALLENTOWN RD",0,"F","N",81,"CO","","SUITLAND RD",38.82108639,-76.88654065,2,0,2,"M",0,1,NA,99,12.88,0,1,56,"P",0,NA,0,"",NA,"N",NA,0,NA,"10-OCT-84","d53121bf-dafc-4d6a-9cfb-a299211a938b","","","","",""
"8620","GE02340008",1,16,102,2,11,2,1,1,4,0,6.01,"08-01-2015","17:23:00","709I","Y","N","MORNINGSIDE","UNK",1,1,337,"MD","",1.61,"N","ALLENTOWN RD",0,"F","N",81,"CO","","SUITLAND RD",38.82116998,-76.88661575,2,3,3,"F",0,1,NA,0,0,0,88,88,"P",0,NA,0,"",NA,"N",NA,0,NA,"26-SEP-69","edf557c7-a5f0-4021-8798-e1553f9d4115","MD","c","","",""
"8621","GE02340008",1,16,102,2,11,2,1,1,4,0,6.01,"08-01-2015","17:23:00","709I","Y","N","MORNINGSIDE","UNK",1,1,337,"MD","",1.61,"N","ALLENTOWN RD",0,"F","N",81,"CO","","SUITLAND RD",38.82116998,-76.88661575,2,3,3,"M",0,1,NA,0,0,0,88,0,"P",0,NA,0,"",NA,"N",NA,0,NA,"09-MAR-61","ebed9ff1-8dc3-4ac9-8d20-984a43b77f7e","MT","","","",""
"8622","GE02340008",1,16,102,2,11,2,1,1,4,0,6.01,"08-01-2015","17:23:00","709I","Y","N","MORNINGSIDE","UNK",1,1,337,"MD","",1.61,"N","ALLENTOWN RD",0,"F","N",81,"CO","","SUITLAND RD",38.82116998,-76.88661575,2,3,3,"M",0,1,NA,0,0,0,88,0,"P",0,NA,0,"",NA,"N",NA,0,NA,"20-APR-63","44c0e613-6129-417b-a452-36d0c608b6ca","","","","",""
"8623","GE0234000F",1,16,0,2,11,2,1,1,1,0,6.01,"11-17-2015","16:30:00","","Y","N","MORNINGSIDE","UNK",4,0,127,"CO","",0.2,"W","AUTH RD",0,"F","W",1109,"CO","","MORRIS AVE",38.8162485,-76.90054178,1,0,1,"F",1,1,NA,3,6,1,2,54,"P",0,NA,0,"",NA,"U",NA,1,NA,"30-MAR-97","d127272d-9a4c-4ea2-bf45-b43f4af0a412","","","","",""
"8624","GE02390002",1,16,NA,1,0,2,1,1,1,0,6.01,"04-21-2015","19:02:00","509","N","N","MORNINGSIDE","UNK",3,3,2467,"CO","",0.78,"S","JOHN ST",60,"F","S",5792,"CO","","WOODCREST CT",38.82394665,-76.89593174,1,0,1,"M",1,3,NA,3,6,99,2,52,"P",0,NA,0,"",NA,"",NA,1,NA,"17-DEC-04","52e7cdd0-6c1b-4cba-9923-071595c9e2f1","","","","","A"
"8625","GE0242000K",3,16,102,0,88,2,1,1,3,0,6.01,"3/29/2017","21:25:00","","N","N","MORNINGSIDE","UNK",3,0,81,"CO","",0.4,"N","SUITLAND RD",200,"F","S",120,"MU","","MARIANNE DR",38.82517378,-76.89149737,1,0,1,"M",99,4,NA,0,6,1,1,52,"P",0,NA,0,"",NA,"U",NA,1,NA,"26-Aug-84","3f548ed5-e5b3-48a1-8d6f-624fbeaa11e6","","","","","A"
"8626","GK00270009",1,16,150,1,0,2,1,1,3,0,6.01,"04-20-2016","11:58:00","","N","N","UMARLBORO","UNK",3,0,725,"MD","",0.78,"E","MAIN ST",75,"F","W",717,"MD","","WATER ST",38.81467899,-76.75896406,1,0,1,"F",NA,4,NA,1,5,1,1,51,"P",0,NA,0,"",NA,"N",NA,0,NA,"18-MAY-46","99a7dfbc-41c7-411c-ad3b-e29e53692838","MD","","","","A"
"8627","GK00280005",1,16,150,1,17,2,NA,1,1,88,0,"08-20-2015","09:59:00","","N","N","UMARLBORO","UNK",10,3,90,"MU","",0.22,"W","RECTORY LA",NA,"F","E",140,"MU","","WILSON LA",38.81667274,-76.76134586,1,0,1,"F",NA,1,NA,1,3,0,88,57,"P",0,NA,0,"",NA,"N",NA,25.88,NA,"23-NOV-75","ecd0f440-c666-4259-a5ed-606a69cdf09f","","","","",""
"8628","GPDM57000W",4,22,0,0,88,2,1,1,4,0,6.01,"07-10-2016","20:49:00","","N","N","DELMAR","UNK",3,0,13,"US","",15.72,"N","OCEAN HWY",75,"F","N",528,"CO","","CHESTNUT ST",38.45319382,-75.55872917,1,2,1,"F",3,3,NA,2,6,1,1,52,"P",0,NA,88,"U",NA,"Y",NA,1,NA,"23-JAN-70  00:00:00","6831aae8-87ef-4b9f-bda8-06d474ed381a","MD","","","","A"
"8629","GPDM58000L",1,22,43,0,17,2,1,1,1,0,6.01,"10-31-2015","13:38:00","","N","N","DELMAR","UNK",3,0,30,"MU","",0.37,"E","E EAST ST",40,"F","W",9050,"MU","","S FIFTH ST",38.45514019,-75.57156354,1,0,1,"F",1,3,NA,3,6,1,1,55,"P",0,NA,0,"",NA,"Y",NA,1,NA,"04-JUL-12","e529f384-e5b5-4d80-b3dc-01bd21da3e05","","","","","A"
"8630","GPDM63000D",3,22,43,2,17,2,2,1,4,0,6.01,"08-15-2015","04:36:00","","Y","N","DELMAR","UNK",3,0,13,"US","",15.89,"N","OCEAN HWY",0,"F","N",0,"UU","","DELAWARE ST/L",38.45549665,-75.55838719,1,0,1,"M",99,5,NA,1,10.88,1,1,51,"P",99,0,99,"A",NA,"U",NA,1,NA,"25-MAY-63","2517ffa8-6b83-42ce-b487-21c2330179c6","MD","ID","","",""
"8631","GS0421000D",1,22,NA,3,17,2,2,1,3,0,6.01,"04-12-2015","17:24:00","","Y","N","FRUITLAND","UNK",3,0,13,"US","BU",2.08,"N","N FRUITLAND BLVD",45,"F","N",195,"MU","BU","E MAIN ST",38.32245505,-75.61930418,1,3,1,"F",1,3,NA,1,6,3,2,52,"P",0,NA,0,"",NA,"",NA,1,NA,"17-APR-04","d461eaaa-9157-47f3-957a-b6e82a98bd0a","","","","",""
"8632","GS04320006",1,22,NA,9.04,17,1,NA,1,1,0,3,"03-20-2015","15:45:00","","N","N","FRUITLAND","UNK",3,0,190,"MU","",0.71,"S","W MAIN ST",75,"F","S",38,"MU","","S CAMDEN AVE",38.32785444,-75.62363863,1,0,1,"F",1,2,NA,0,6,1,1,52,"P",0,NA,0,"",NA,"",NA,0,NA,"16-DEC-31","c2b68dea-3922-4e58-a8fa-ebd996ae628d","MD","","","","A"
"8633","GS0437000D",1,22,NA,NA,88,NA,NA,NA,NA,0,6.01,"02-20-2016","15:30:00","","N","N","FRUITLAND","UNK",3,0,NA,"","",NA,"","",NA,"","",NA,"","","",38.33057923,-75.61407521,1,0,1,"M",1,3,NA,3,88,0,1,56,"P",0,NA,0,"",NA,"N",NA,0,NA,"23-OCT-73","5cdd29b8-acbd-4257-9681-9765e21d8144","MD","","","","A"
"8634","GS0441000J",3,22,61,0,17,1,1,1,1,2,3,"02-24-2016","23:45:00","","N","N","FRUITLAND","UNK",9,0,10,"MU","",0.09,"N","ANDERSON ST",100,"F","N",90,"MU","","CHURCH ST",38.32004771,-75.61547935,1,0,1,"F",1,1,NA,0,15.88,0,88,0,"P",0,NA,0,"",NA,"N",NA,1,NA,"25-AUG-91","41e35764-929f-4b60-8f48-cba5d91e85e2","","","","",""
"8635","GS0445000P",1,22,NA,NA,88,NA,NA,NA,NA,0,0,"4/12/2017","11:40:00","","N","N","FRUITLAND","UNK",2,2,NA,"","",NA,"","",NA,"","",NA,"","","",38.32835943,-75.61044216,1,0,1,"F",0,1,NA,0,88,0,88,0,"P",0,NA,0,"",NA,"N",NA,0,NA,"13-Sep-82","27523a09-4581-49d5-b1f6-e075b30837f6","MD","","","",""
"8636","GS0450000G",1,22,NA,NA,17,NA,NA,NA,NA,0,6.01,"01-31-2016","16:10:00","","N","N","FRUITLAND","UNK",3,0,NA,"","",NA,"","",NA,"","",NA,"","","",38.32516953,-75.61818302,1,0,1,"F",1,3,NA,3,88,0,1,88,"P",0,NA,0,"",NA,"Y",NA,0,NA,"02-OCT-43","42a8c4e4-6e04-45b6-a544-cb939f2c7545","MD","","","","A"
"8637","GS04510005",1,22,NA,NA,0,NA,NA,NA,NA,0,88,"06-04-2015","19:45:00","","N","N","FRUITLAND","UNK",3,3,NA,"","",NA,"","",NA,"","",NA,"","","",38.32735787,-75.61396122,1,0,2,"M",1,3,NA,2,0,0,1,56,"P",0,NA,0,"",NA,"",NA,0,NA,"07-MAR-86","582aeb28-9d07-49d6-aa75-98384baa904a","","","","",""
"8638","GS04510005",1,22,NA,NA,0,NA,NA,NA,NA,0,88,"06-04-2015","19:45:00","","N","N","FRUITLAND","UNK",3,3,NA,"","",NA,"","",NA,"","",NA,"","","",38.32735787,-75.61396122,1,0,2,"F",1,3,NA,3,88,0,1,88,"P",0,NA,0,"",NA,"",NA,0,NA,"14-JUL-91","eb0a2f06-30ce-4d2c-99dc-466a98977575","","","","",""
"8639","GS0451000F",1,22,NA,NA,88,NA,NA,NA,NA,0,88,"04-20-2016","16:20:00","GS","N","N","FRUITLAND","UNK",3,0,NA,"","",NA,"","",NA,"","",NA,"","","",38.32651621,-75.61802745,1,0,1,"M",1,4,NA,1,6,88,1,52,"P",0,NA,0,"",NA,"N",NA,1,NA,"29-JUN-39","8d3f66a7-ca22-4c65-b036-f058898b4877","MD","C","","","A"
"8640","HA22800004",1,15,NA,88,11,2,1,1,4,0,6.01,"03-23-2015","08:25:00","H06","Y","N","MCPARK","UNK",3,0,50,"MU","",0.67,"W","DORSET AVE",500,"F","W",33,"GV","","LITTLE FALLS PKWY",38.968515,-77.10124167,1,0,1,"M",1,3,NA,1,5,1,2,51,"P",0,NA,0,"",NA,"",NA,21,NA,"08-NOV-71","145b10ac-7f8b-4d90-9035-63cf23c7dcd3","MD","","","","A"
"8641","HA22800007",1,15,0,2,11,2,1,1,3,0,6.01,"10-20-2015","08:46:00","P18","Y","N","MCPARK","UNK",5,1,33,"GV","",0.18,"S","LITTLE FALLS PKWY",0,"F","S",362,"CO","","ARLINGTON RD",38.97343975,-77.10134268,1,0,1,"M",1,3,NA,4,9.05,88,2,51,"P",0,NA,0,"",NA,"Y",NA,21,NA,"19-APR-83","a0be7736-bac3-484b-81c2-ef547e091878","MD","","","","A"
"8642","HA22800009",1,15,0,1,3,2,1,1,3,0,6.01,"08-08-2016","13:26:00","P47","N","N","MCPARK","UNK",4,0,28,"GV","",0.82,"S","BEACH DR",15,"F","S",547,"MD","","KNOWLES AVE",39.03010333,-77.08701833,1,0,1,"M",NA,3,NA,1,6,0,2,53,"P",0,NA,0,"",NA,"N",NA,21,NA,"05-APR-52  00:00:00","08c4c122-5f8d-47fb-9556-f4a9add7f958","MD","","","","A"
"8643","HA22880002",1,15,NA,NA,11,NA,NA,NA,NA,0,6.01,"08-10-2016","10:30:00","","Y","N","MCPARK","UNK",4,0,NA,"","",NA,"","",NA,"","",NA,"","","",38.97379945,-77.10178927,1,0,1,"M",1,3,NA,0,9.05,1,2,51,"P",0,NA,0,"",NA,"N",NA,0,NA,"28-FEB-97  00:00:00","178c3cac-140d-4bd1-bc89-12699e1e0904","","","","","A"
"8644","HA22880003",1,15,NA,1,11,2,2,1,88,0,0,"09-08-2016","07:20:00","","Y","N","MCPARK","UNK",4,0,NA,"","",0,"","LITTLE FALLS PKWY",100,"F","S",NA,"","","ARLINGTON ROAD",39.00101833,-77.08166833,1,0,1,"F",NA,3,NA,0,9.05,2,2,51,"P",0,NA,0,"",NA,"N",NA,0,NA,"16-JUN-98  00:00:00","3aacdd70-a5cb-4803-9704-8e40da7353f8","","","","","A"
"8645","HA22880009",1,15,NA,1,3,2,1,1,1,0,7.01,"2/11/2017","12:10:00","","N","N","MCPARK","UNK",4,0,NA,"","",0,"","BEACH DRIVE",10,"F","S",NA,"","","CONNECTICUT AVENUE",39.0080777,-77.0801197,1,0,1,"M",NA,1,NA,1,0,0,2,0,"P",0,NA,0,"",NA,"Y",NA,0,NA,"11-Feb-17","127bceec-06c3-43c5-ac67-c066a362f756","","","","",""
"8646","HA23300007",1,15,0,2,88,2,3,1,4,0,6.01,"07-06-2015","10:11:00","","Y","N","MCPARK","UNK",3,3,193,"MD","",2.74,"E","UNIVERSITY BLVD W",0,"F","E",7,"GV","","SLIGO CREEK PKWY",39.07366167,-77.00741167,1,0,1,"F",NA,3,NA,2,88,88,1,88,"P",0,NA,0,"",NA,"Y",NA,0,NA,"09-SEP-55","43b919f3-198f-4aab-b2d9-18797a218b3f","","","","","A"
"8647","HA23680008",1,15,0,88,11,2,1,1,4,0,6.01,"04-16-2016","11:00:00","","N","N","MCPARK","UNK",5,0,33,"GV","",0.29,"S","LITTLE FALLS PKWY",500,"F","S",442,"GV","","HILLANDALE RD",38.9733897,-77.10132122,1,0,1,"M",NA,2,NA,3,5,0,2,88,"P",0,NA,0,"",NA,"N",NA,1,NA,"13-SEP-58","371634cf-ee91-44e7-9241-8de7758a79a3","","","","",""
"8648","HA2399000M",1,15,0,88,88,2,2,1,4,0,6.01,"05-08-2016","13:18:00","","N","N","MCPARK","UNK",4,0,33,"GV","",0.18,"S","LITTLE FALLS PKWY",NA,"F","S",362,"CO","","ARLINGTON RD",38.97340833,-77.10141333,1,0,1,"F",1,2,NA,0,16.05,99,2,51,"P",0,NA,0,"",NA,"Y",NA,99,NA,"09-JAN-93","bb1d698a-bd1d-4008-ad66-20d87ea83b0b","MD","C","","","A"
"8649","HA2399000Q",1,15,0,88,11,2,2,1,4,0,6.01,"11/7/2016","8:02:00","","N","N","MCPARK","UNK",4,0,33,"GV","",0.18,"S","LITTLE FALLS PKWY",NA,"M","S",362,"CO","","ARLINGTON RD",38.97335842,-77.1013239,1,0,1,"M",1,3,NA,3,9.05,0,2,51,"P",0,NA,0,"",NA,"N",NA,21,NA,"1-Mar-73","50efc924-a225-4e7d-ae18-2a925649bed9","MD","","","",""
"8650","HA24010008",1,15,NA,3,11,2,1,1,1,0,6.01,"05-01-2015","12:18:00","","Y","N","MCPARK","UNK",1,4,319,"CO","",1.32,"E","CEDAR LA",0,"F","E",28,"GV","","BEACH DR",39.01238567,-77.09093034,2,0,1,"M",1,1,NA,1,0,2,2,51,"P",0,NA,0,"",NA,"",NA,21,NA,"01-DEC-64","b44b8975-1953-44c1-8800-71b9777e46db","","","","",""
"8651","HA2413000C",1,15,NA,NA,88,NA,NA,NA,NA,0,6.01,"03-17-2016","07:26:00","","N","N","MCPARK","UNK",4,1,NA,"","",NA,"","",NA,"","",NA,"","","",39.15187644,-77.28348613,1,0,1,"M",1,1,NA,0,9.05,1,2,51,"P",0,NA,0,"",NA,"N",NA,0,NA,"27-MAY-00","08c62822-ba60-4126-bc4c-d7c036d7cc33","","","","","A"
"8652","HA24160005",3,15,0,2,88,1,3,1,1,0,3,"09-27-2016","05:41:00","","Y","N","MCPARK","UNK",3,3,29,"US","",1.74,"N","COLESVILLE RD",0,"F","N",7,"GV","","SLIGO CREEK PKWY",39.00761292,-77.02021122,1,0,1,"M",1,3,NA,5,5,2,1,51,"P",0,NA,0,"",NA,"N",NA,26.88,NA,"28-AUG-68  00:00:00","2f5ed632-b301-4c7d-b88d-71c518e2a69e","MD","C","","",""
"8653","HA24350002",1,15,0,2,17,2,NA,1,88,0,7.01,"2/28/2017","13:47:00","P58","Y","N","MCPARK","UNK",3,0,668,"CO","",1.19,"E","WAYNE AVE",0,"F","E",7,"GV","","SLIGO CREEK PKWY",38.999865,-77.01059833,1,0,1,"F",1,4,NA,99,9.05,2,1,51,"P",0,NA,0,"",NA,"N",NA,0,NA,"28-Apr-52","30359ec8-7f50-4c63-b828-816965a34540","","","","","A"
"8654","HB03330001",1,16,NA,NA,17,NA,NA,NA,NA,0,6.01,"06-09-2016","20:16:00","","N","N","PGPARK","UNK",3,0,NA,"","",NA,"","",NA,"","",NA,"","","",38.99423081,-76.91998243,1,0,1,"M",1,3,NA,1,88,88,1,88,"P",0,NA,0,"",NA,"U",NA,1,NA,"07-JUL-10","7cebd119-e050-4af6-9ea8-d4ad95dad366","","","","","A"
"8655","HB03350003",3,16,NA,NA,0,NA,NA,NA,NA,0,3,"02-02-2015","06:30:00","","N","N","PGPARK","UNK",3,0,NA,"","",NA,"","",NA,"","",NA,"","","",38.81089614,-76.74952269,1,0,1,"F",1,2,NA,2,88,1,1,52,"P",0,NA,0,"",NA,"",NA,1,NA,"23-MAR-59","4c9fa28d-1454-454a-8101-582b958dab7a","","","","","A"
"8656","HB03380002",1,16,NA,NA,0,NA,NA,NA,NA,0,0,"06-26-2016","18:43:00","N71/11","N","N","PGPARK","UNK",1,3,NA,"","",NA,"","",NA,"","",NA,"","","",38.98268514,-76.96441591,1,0,1,"M",1,3,NA,0,88,0,1,53,"P",0,NA,0,"",NA,"N",NA,0,NA,"26-JUL-77","c293a8f5-4fbf-4ad1-bc11-fe28c338a792","MD","C","","","A"
"8657","HB03980002",1,16,0,0,17,2,NA,1,1,88,6.01,"07-18-2015","17:46:00","","N","N","PGPARK","UNK",3,0,1442,"CO","",0,"S","FENWOOD AVE",100,"F","S",1444,"CO","","FENWOOD PL",38.81230667,-76.98617333,1,0,1,"M",1,3,NA,0,16.05,1,1,55,"P",0,NA,0,"",NA,"Y",NA,1,NA,"01-OCT-10","a75a88de-022e-4fa8-a165-c113ef3629c5","","","","","A"
"8658","HB04120003",1,16,0,2,88,1,2,1,4,0,3,"12/17/2016","12:36:00","","Y","N","PGPARK","UNK",3,0,21,"CO","",0,"S","MUIRKIRK RD",0,"F","S",197,"MD","","LAUREL BOWIE RD",39.06457318,-76.83963418,1,0,1,"M",1,3,NA,88,5,3,1,51,"P",0,NA,0,"",NA,"U",NA,0,NA,"8-Jun-95","f4bfd27f-33fc-4b9f-b7b8-82c25b8885ea","","","","","A"
"8659","HB04400001",3,16,NA,NA,88,NA,NA,NA,NA,0,7.01,"12/17/2016","0:22:00","","N","N","PGPARK","UNK",3,0,NA,"","",NA,"","",NA,"","",NA,"","","",38.92790828,-76.81383133,1,0,3,"F",NA,3,NA,0,88,1,1,56,"P",0,NA,0,"",NA,"N",NA,0,NA,"9-Jul-56","be7f3388-f2ff-4cbb-bb1e-ff67a31f1f84","MD","C","","","B"
"8660","HB04400001",3,16,NA,NA,88,NA,NA,NA,NA,0,7.01,"12/17/2016","0:22:00","","N","N","PGPARK","UNK",3,0,NA,"","",NA,"","",NA,"","",NA,"","","",38.92790828,-76.81383133,1,0,3,"M",1,3,NA,0,88,0,1,56,"P",0,NA,0,"",NA,"N",NA,0,NA,"14-Apr-58","7f13ce05-da97-4c5c-8b63-ef5dbb91bb63","MD","C","","","A"
"8661","HB04400001",3,16,NA,NA,88,NA,NA,NA,NA,0,7.01,"12/17/2016","0:22:00","","N","N","PGPARK","UNK",3,0,NA,"","",NA,"","",NA,"","",NA,"","","",38.92790828,-76.81383133,1,0,3,"M",1,3,NA,0,88,1,1,56,"P",0,NA,0,"",NA,"N",NA,0,NA,"21-Aug-47","8193b118-d8eb-4859-ac91-021830532c5f","MD","C","","","B"
"8662","HF0333000L",1,24,999,2,0,1,2,1,0,0,8.04,"02-09-2016","12:30:00","","Y","N","COPPIN","UNK",3,0,1023,"MU","",1.38,"E","GWYNNS FALLS PKWY",0,"F","E",3095,"MU","","TIOGA PKWY",39.31567349,-76.65900886,1,0,1,"F",1,3,NA,2,5,3,1,51,"P",0,NA,0,"",NA,"Y",NA,1,NA,"14-AUG-97","743ad96e-b885-4810-93ff-bcf3e1813e28","MD","ID","","",""
"8663","HF03330010",1,24,999,2,88,2,NA,1,4,0,6.01,"09-27-2016","18:36:00","","Y","N","COPPIN","UNK",3,0,2210,"MU","",0.471,"W","W NORTH AVE",0,"F","W",0,"UU","","N WARWICK AVE",39.30938554,-76.65721312,1,0,1,"F",1,2,NA,99,9.05,99,1,51,"P",0,NA,0,"",NA,"N",NA,1,NA,"06-NOV-72  00:00:00","95dbba2c-b78e-41df-bf8c-8e4f89730ba3","","","","",""
"8664","HM01080003",4,23,NA,NA,0,NA,NA,NA,NA,0,6.01,"06-27-2015","23:58:00","","N","N","OCEANPINES","UNK",3,0,NA,"","",NA,"","",NA,"","",NA,"","","",38.38945388,-75.15888691,1,0,1,"F",2,2,NA,3,3,0,1,56,"P",0,NA,0,"",NA,"N",NA,1,NA,"17-MAY-91","fbdfff97-acf2-497a-9285-705390f4155e","MD","c","","","A"
"8665","HM01490004",1,23,NA,NA,0,NA,NA,NA,NA,0,6.01,"08-23-2015","07:27:00","","N","N","OCEANPINES","UNK",4,0,NA,"","",NA,"","",NA,"","",NA,"","","",38.37580422,-75.15966475,1,0,1,"M",1,4,NA,1,10.88,0,2,51,"P",0,NA,0,"",NA,"N",NA,21,NA,"09-JAN-69","deda00a1-3a6a-40b1-8d65-9a6f10771539","MD","C","","","A"
"8666","HV0098000H",1,16,0,2,8,2,2,1,3,0,6.01,"4/12/2017","17:04:00","","Y","N","UNIVERSITYPARK","UNK",4,0,1,"US","",2.97,"N","BALTIMORE AVE",0,"F","N",150,"MU","","VAN BUREN ST",38.96979672,-76.93834215,1,0,1,"M",1,3,NA,4,8,1,2,53,"P",0,NA,0,"",NA,"N",NA,25.88,NA,"10-Sep-89","6ead2d41-abd5-4978-9f10-5ea05697371a","MD","C","","","A"
"8667","HV01230008",3,16,0,3,3,1,1,1,1,0,3,"12-14-2015","17:43:00","","N","N","UNIVERSITYPARK","UNK",4,0,232,"CO","",2.07,"S","ADELPHI RD",15,"F","S",160,"MU","","WELLS PKWY",38.97895189,-76.95418194,1,0,1,"F",NA,2,NA,2,0,0,2,53,"P",0,NA,0,"",NA,"N",NA,21,NA,"05-SEP-80","287e4db6-8c03-41a1-9b1a-d861bdecbb7d","","","","","A"
"8668","HV01270002",1,16,NA,1,8,2,NA,1,4,0,6.01,"05-13-2015","18:01:00","","Y","N","UNIVERSITYPARK","UNK",4,0,130,"MU","",0.37,"W","TUCKERMAN ST",0,"F","W",105,"MU","","QUEENS CHAPEL RD",38.9683015,-76.94502354,1,0,1,"M",1,3,NA,1,10.88,0,2,51,"P",0,NA,0,"",NA,"N",NA,21,NA,"27-JUN-08","28ca3d0f-67b7-4d7d-bd74-07ecf565891e","","","","","A"
"8669","HV0129000H",1,16,0,2,88,2,2,1,4,0,6.01,"05-07-2016","17:05:00","","Y","N","UNIVERSITYPARK","UNK",4,0,232,"CO","",2.89,"S","ADELPHI RD",0,"F","S",120,"MU","","TENNYSON RD",38.96825875,-76.94883496,1,1,1,"F",1,1,NA,1,9.05,2,2,51,"P",0,NA,0,"",NA,"N",NA,0,NA,"20-OCT-93","87823e0b-2aa4-4236-a748-6fc1f0fc3164","","","","",""
"8670","HZ01210001",1,22,NA,NA,2,NA,NA,NA,NA,88,6.01,"11-04-2015","11:19:00","","N","N","SALISBURYUNIV","UNK",4,0,NA,"","",NA,"","",NA,"","",NA,"","","",38.34825317,-75.60586631,1,1,1,"M",NA,2,NA,3,10.88,1,2,52,"P",0,NA,0,"",NA,"N",NA,1,NA,"02-MAY-91","64d97137-4d67-4dc4-b130-cc869a2423fb","MD","c","","","A"
"8671","HZ01280002",1,22,NA,NA,11,NA,NA,NA,NA,0,6.01,"02-12-2015","12:20:00","","Y","N","SALISBURYUNIV","UNK",1,0,NA,"","",NA,"","",NA,"","",NA,"","","",38.34207367,-75.60778677,1,0,1,"F",1,2,NA,3,88,3,2,52,"P",0,NA,0,"",NA,"",NA,21,NA,"01-MAR-94","137f405d-a276-41ac-834e-bd207f5b5023","DE","","","",""
"8672","HZ01340001",1,22,NA,NA,88,NA,NA,NA,NA,0,6.01,"11/29/2016","13:52:00","","N","N","SALISBURYUNIV","UNK",3,0,NA,"","",NA,"","",NA,"","",NA,"","","",38.34628845,-75.60423553,1,0,1,"F",1,3,NA,2,88,1,1,52,"P",0,NA,0,"",NA,"Y",NA,0,NA,"17-Nov-96","2cefd58f-d28d-43a7-84ab-cfb6375651c2","","","","",""
"8673","JB33160009",3,19,NA,NA,88,NA,NA,NA,NA,88,6.01,"02-20-2016","00:00:00","","N","N","UMES","UNK",3,0,NA,"","",NA,"","",NA,"","",NA,"","","",38.21871136,-75.68986773,1,0,1,"F",1,3,NA,2,88,0,1,53,"P",0,NA,0,"",NA,"N",NA,1,NA,"17-SEP-93","31468aaf-8bc4-4d13-9986-e15a712a4066","","","","",""
"8674","JB33260002",1,19,123,2,11,2,1,1,1,0,6.01,"07-25-2016","15:17:00","","Y","N","UMES","UNK",4,0,822,"MD","",0.495,"E","UMES BLVD",0,"F","E",0,"UU","","ENT TO ARDENS RUN APTS",38.21715616,-75.68959147,1,1,1,"F",1,2,NA,2,5,88,2,51,"P",0,NA,0,"",NA,"Y",NA,1,NA,"01-JAN-01  00:00:00","398709d3-acdc-4c79-81ae-98056aad6a8d","MD","C","","",""
"8675","JC03390001",3,24,NA,NA,88,NA,NA,NA,NA,88,6.01,"5/10/2017","22:06:00","","N","N","UMB","UNK",3,1,NA,"","",NA,"","",NA,"","",NA,"","","",39.24721968,-76.54977456,1,0,1,"M",1,2,NA,2,5,0,1,59,"P",0,NA,0,"",NA,"N",NA,0,NA,"30-Aug-93","00ed63a8-eb30-4ff0-a097-b716200b5659","MD","C","","",""