"UNIQUE_ID","REPORT_NO","LIGHT_CODE","COUNTY_NO","MUNI_CODE","JUNCTION_CODE","COLLISION_TYPE_CODE","SURF_COND_CODE","LANE_CODE","RD_COND_CODE","RD_DIV_CODE","FIX_OBJ_CODE","WEATHER_CODE","ACC_DATE","ACC_TIME","LOC_CODE","SIGNAL_FLAG","C_M_ZONE_FLAG","AGENCY_CODE","AREA_CODE","HARM_EVENT_CODE1","HARM_EVENT_CODE2","RTE_NO","ROUTE_TYPE_CODE","RTE_SUFFIX","LOG_MILE","LOGMILE_DIR_FLAG","MAINROAD_NAME","DISTANCE","FEET_MILES_FLAG","DISTANCE_DIR_FLAG","REFERENCE_NO","REFERENCE_TYPE_CODE","REFERENCE_SUFFIX","REFERENCE_ROAD_NAME","LATITUDE","LONGITUDE","drv","occ","ped","SEX_CODE","CONDITION_CODE","INJ_SEVER_CODE","OCC_SEAT_POS_CODE","PED_VISIBLE_CODE","PED_LOCATION_CODE","PED_OBEY_CODE","PED_TYPE_CODE","MOVEMENT_CODE","PERSON_TYPE","ALCOHOL_TEST_CODE","ALCOHOL_TESTTYPE_CODE","DRUG_TEST_CODE","DRUG_TESTRESULT_CODE","BAC_CODE","FAULT_FLAG","EQUIP_PROB_CODE","SAF_EQUIP_CODE","EJECT_CODE","DATE_OF_BIRTH","PERSON_ID","LICENSE_STATE_CODE","CLASS","CDL_FLAG","VEHICLE_ID","EMS_UNIT_LABEL"
"9017","MCP2191000M",1,15,0,2,8,2,3,1,4,0,7.01,"09-12-2015","09:30:00","5411","Y","N","MONTGOMERY","UNK",3,0,29,"US","",0.58,"N","GEORGIA AVE",0,"F","N",636,"CO","","THAYER AVE",38.992996,-77.02717,1,0,1,"M",NA,2,NA,0,5,2,1,51,"P",0,NA,0,"",NA,"N",NA,0,NA,"31-AUG-68","fcec94c8-4392-4656-b5cd-b4afdfbc99f0","","","","","B"
"9018","MCP2191000P",1,15,0,2,11,2,1,1,1,0,6.01,"11-04-2015","06:59:00","","Y","N","MONTGOMERY","UNK",4,0,164,"CO","",1.49,"W","TUCKERMAN LA",0,"F","W",6197,"CO","","SUGARBUSH LA",39.03212667,-77.11793667,1,0,1,"F",NA,2,NA,1,9.05,2,2,51,"P",0,NA,0,"",NA,"N",NA,21,NA,"03-FEB-86","2ccf370d-9d7d-4e7d-a401-2ca4475ce7da","","","","","A"
"9019","MCP2191000V",1,15,NA,NA,11,NA,NA,NA,NA,0,6.01,"03-10-2016","14:22:00","","N","N","MONTGOMERY","UNK",5,0,NA,"","",NA,"","",NA,"","",NA,"","","",39.04840167,-77.11371333,1,0,1,"M",0,4,NA,2,3,0,2,63.88,"P",0,NA,0,"",NA,"N",NA,1,NA,"13-MAY-98","dfdaf24c-ddd9-4a24-aa1d-e290a10ea3df","","","","","A"
"9020","MCP2192001F",1,15,0,1,88,2,1,1,1,0,6.01,"10-13-2015","13:44:00","54112","N","N","MONTGOMERY","UNK",3,0,29,"US","",0.13,"N","GEORGIA AVE",20,"F","S",1297,"CO","","KING ST",38.98628167,-77.02696833,1,0,1,"F",1,2,NA,3,4,0,1,52,"P",0,NA,0,"",NA,"Y",NA,0,NA,"25-DEC-58","a3acb0b2-0234-489d-9ce6-29182b421064","","","","","A"
"9021","MCP21950009",1,15,0,1,88,2,1,1,4,0,6.01,"2/22/2017","12:10:00","54242","N","N","MONTGOMERY","UNK",4,0,3815,"CO","",1.55,"E","E GUDE DR",300,"F","E",355,"MD","","FREDERICK RD",39.10954983,-77.18127283,2,0,2,"M",NA,2,NA,1,3,0,2,63.88,"P",0,NA,0,"",NA,"N",NA,1,NA,"14-May-58","0382707f-a1d8-41d5-b842-59380286da85","","","","","A"
"9022","MCP2195000P",1,15,130,2,11,1,1,1,1,0,3,"04-01-2016","09:50:00","5414","Y","N","MONTGOMERY","UNK",3,3,140,"CO","",1.28,"W","SOUTHLAWN LA",0,"F","W",3815,"CO","","E GUDE DR",39.09779667,-77.13708167,1,0,1,"M",NA,2,NA,2,9.05,2,1,51,"P",0,NA,0,"",NA,"N",NA,0,NA,"27-JUL-87","6ff96cb5-39bc-490f-ade7-b58104d84751","","","","",""
"9023","MCP21990005",6.02,15,0,3,17,2,2,1,4,0,6.01,"11-04-2015","17:35:00","44112","Y","N","MONTGOMERY","UNK",3,0,141,"CO","",0,"E","MIDDLEBROOK RD",0,"F","E",4556,"CO","","FATHER HURLEY BLVD",39.18380322,-77.27381945,1,0,1,"U",1,3,NA,3,9.05,3,1,62.88,"P",0,NA,0,"",NA,"Y",NA,0,NA,"22-MAR-99","47c564aa-8210-4fb4-bcff-9a7429d53aad","MD","","","",""
"9024","MCP2201000C",3,15,NA,1,11,1,3,1,4,0,12.04,"03-04-2015","20:21:00","54142","Y","N","MONTGOMERY","UNK",3,0,668,"CO","",0.1,"E","WAYNE AVE",100,"F","E",669,"CO","","DIXON AVE",38.99446429,-77.02791452,1,0,1,"M",1,2,NA,2,6,88,1,52,"P",0,NA,0,"",NA,"",NA,1,NA,"08-JUL-70","8f5516c3-46d0-4287-b4d2-ea40a30d1bcb","","","","","A"
"9025","MCP2201000Y",3,15,0,2,11,2,2,1,1,0,6.01,"6/1/2017","20:14:00","54142","Y","N","MONTGOMERY","UNK",3,0,384,"MD","",0.39,"E","COLESVILLE RD",0,"F","E",1300,"CO","","SECOND AVE",38.99394417,-77.03144968,1,0,1,"F",1,2,NA,2,5,3,1,51,"P",0,NA,0,"",NA,"Y",NA,1,NA,"1-May-96","72de848e-5281-4623-827c-aca573fed069","","","","","A"
"9026","MCP2203000M",3,15,NA,3,11,2,3,1,4,0,0,"02-01-2015","06:55:00","54144","N","N","MONTGOMERY","UNK",3,0,97,"MD","",3.1,"N","GEORGIA AVE",6,"F","N",1579,"CO","","PRICHARD RD",39.03660833,-77.05022833,1,0,1,"M",1,4,NA,3,9.05,3,1,51,"P",0,NA,0,"",NA,"",NA,1,NA,"01-AUG-87","de59e9ad-736c-4a0c-9c77-6a5d4507ddf3","","","","","A"
"9027","MCP2203000N",1,15,NA,2,17,2,2,1,4,0,6.01,"05-11-2015","15:10:00","54144","Y","N","MONTGOMERY","UNK",3,0,185,"MD","",5.04,"N","CONNECTICUT AVE",0,"F","N",295,"CO","","DENFELD AVE",39.03896333,-77.07703833,1,0,1,"M",1,3,NA,1,5,3,1,62.88,"P",0,NA,0,"",NA,"",NA,0,NA,"18-DEC-02","16cf5a0b-fc9a-42f8-958e-d21c1c8b3912","","","","",""
"9028","MCP2231001J",1,15,0,1,3,2,1,1,1,5,6.01,"11-21-2015","08:20:00","54114","N","N","MONTGOMERY","UNK",1,3,191,"MD","",3.41,"N","BRADLEY BLVD",50,"F","S",2319,"CO","","HOWELL RD",38.99733333,-77.13142833,3,0,1,"M",1,3,NA,4,1,1,1,59,"P",0,NA,0,"",NA,"N",NA,25.88,NA,"31-MAR-65","d38a91e8-a45a-4d26-80aa-f32424f6713b","","","","",""
"9029","MCP2231001Y",1,15,0,8.04,17,2,1,1,1,0,7.01,"04-22-2016","14:57:00","54112","N","N","MONTGOMERY","UNK",3,0,1122,"CO","",0.09,"E","AUGUSTA LA",100,"F","W",1121,"CO","","MARLYN DR",38.96081869,-77.11842299,1,0,1,"F",1,2,NA,1,1,1,1,56,"P",0,NA,0,"",NA,"N",NA,1,NA,"24-NOV-99","52ff3653-ed82-464e-ac66-6685dd1aecb1","","","","","A"
"9030","MCP2239000M",1,15,NA,NA,88,NA,NA,NA,NA,0,6.01,"3/3/2017","7:47:00","","N","N","MONTGOMERY","UNK",3,0,NA,"","",NA,"","",NA,"","",NA,"","","",39.10109983,-77.23770967,1,0,1,"F",9.88,3,NA,3,6,0,1,52,"P",0,NA,0,"",NA,"Y",NA,1,NA,"11-Jul-63","fcbb1f14-429a-4c00-be0f-3e430d32d1d3","MD","C","","","A"
"9031","MCP2240000M",1,15,NA,2,11,2,NA,1,4,0,6.01,"05-07-2015","15:37:00","54144","Y","N","MONTGOMERY","UNK",4,1,212,"CO","",6.52,"N","SHADY GROVE RD",0,"F","N",115,"MD","","MUNCASTER MILL RD",39.14884,-77.14724833,1,0,1,"M",1,3,NA,3,6,3,2,51,"P",0,NA,0,"",NA,"",NA,99,NA,"01-NOV-63","a9fc4b96-63c9-463f-8331-3074731b63b7","","","","","A"
"9032","MCP22430006",5.02,15,0,2,88,2,1,1,1,0,6.01,"10-08-2015","18:37:00","54142","Y","N","MONTGOMERY","UNK",3,0,739,"CO","",0.22,"E","KENNEBEC AVE",0,"F","E",787,"MD","","FLOWER AVE",38.9896111,-77.00151086,1,0,1,"F",1,2,NA,3,5,1,1,51,"P",0,NA,0,"",NA,"N",NA,0,NA,"04-JUL-89","7dec106d-64a3-4d5a-95ae-2cf5cba2d7f8","MD","","","",""
"9033","MCP2244000R",4,15,0,0,88,2,1,1,88,0,6.01,"12-07-2015","19:00:00","54142","N","N","MONTGOMERY","UNK",3,0,6451,"CO","",0.06,"W","TIMBERWOOD AVE",0,"F","W",698,"CO","","SUTHERLAND RD",39.02183436,-77.01278687,1,0,1,"M",1,3,NA,2,5,1,1,51,"P",0,NA,0,"",NA,"N",NA,1,NA,"12-APR-71","401fd56a-ffce-4a78-8586-15572c6d821e","MD","c","","","A"
"9034","MCP2244000S",4,15,0,1,88,2,1,1,88,0,6.01,"01-31-2016","19:50:00","54142","N","N","MONTGOMERY","UNK",3,0,650,"MD","",3.1,"N","NEW HAMPSHIRE AVE",50,"F","N",495,"RP","","RAMP 6 FR IS 495 EB TO MD 650 SB",39.01791041,-76.97699413,1,1,1,"M",2,3,NA,2,12.88,88,1,52,"P",0,NA,0,"",NA,"Y",NA,1,NA,"10-JUN-68","115cec73-693d-453b-a55d-59acbc2b6bbd","MD","C","","","A"
"9035","MCP2246000C",3,15,NA,NA,88,NA,NA,NA,NA,0,6.01,"01-31-2015","19:11:00","5522","N","N","MONTGOMERY","UNK",2,2,NA,"","",NA,"","",NA,"","",NA,"","","",38.98996968,-77.02413797,1,0,1,"M",NA,1,NA,0,3,0,88,0,"P",0,NA,0,"",NA,"",NA,0,NA,"01-JAN-01","74ed8ac5-0707-44a1-9c58-a0da78f3bb3c","","","","",""
"9036","MCP2246000S",3,15,0,2,88,1,1,1,4,0,3,"12-14-2015","17:10:00","54142","Y","N","MONTGOMERY","UNK",3,0,598,"CO","",0.65,"W","SPRING ST",0,"F","W",1300,"CO","","SECOND AVE",38.99112833,-77.027345,1,0,1,"F",1,3,NA,2,5,0,1,51,"P",0,NA,0,"",NA,"N",NA,1,NA,"23-FEB-89","f8af28fe-d37c-467e-b4ed-c07429b68266","","","","",""
"9037","MCP2246001G",3,15,0,2,88,2,2,1,1,0,6.01,"1/5/2017","19:20:00","54142","Y","N","MONTGOMERY","UNK",3,0,668,"CO","",0.8,"E","WAYNE AVE",0,"F","E",7074,"CO","","DALE DR",38.99938,-77.01772333,1,0,1,"M",NA,3,NA,2,9.05,3,1,51,"P",0,NA,0,"",NA,"Y",NA,0,NA,"9-May-54","ed4ffeb4-4702-4b3d-93ce-19cca9b7ae9b","","","","","A"
"9038","MCP2247000X",3,15,NA,NA,11,NA,NA,NA,NA,0,10.04,"08-20-2015","20:43:00","54114","Y","N","MONTGOMERY","UNK",6,0,NA,"","",NA,"","",NA,"","",NA,"","","",39.08165167,-76.94591,1,0,1,"F",5,3,NA,2,10.88,0,7,51,"P",0,NA,0,"",NA,"Y",NA,0,NA,"26-AUG-72","eabd8ce9-d580-43f0-8f99-af4ee9238df5","VA","","","","A"
"9039","MCP2251001F",7.88,15,0,1,88,3,NA,1,4,0,8.04,"02-15-2016","05:38:00","54122","N","N","MONTGOMERY","UNK",3,0,586,"MD","",2.85,"E","VEIRS MILL RD",100,"F","E",1592,"CO","","PARKLAND DR",39.057305,-77.08481833,1,0,1,"M",1,3,NA,0,3,0,1,56,"P",0,NA,0,"",NA,"N",NA,0,NA,"08-JUN-55","06c6a35d-1bfe-4d7e-a7d3-bf2773eb9a38","","","","","A"
"9040","MCP22540003",1,15,NA,NA,17,NA,NA,NA,NA,2,12.04,"01-03-2015","08:38:00","54312","N","N","MONTGOMERY","UNK",9,0,NA,"","",NA,"","",NA,"","",NA,"","","",39.24463,-77.262015,1,0,1,"F",NA,1,NA,0,88,0,88,0,"P",0,NA,0,"",NA,"",NA,0,NA,"01-JAN-60","e8e2538b-bf21-4673-be66-3f6c49b90f93","","","","",""
"9041","MCP22540007",1,15,0,2,11,2,1,1,1,0,6.01,"07-26-2015","13:27:00","5414-2","N","N","MONTGOMERY","UNK",3,0,7606,"CO","",0.14,"S","TAILOR SHOP PLACE",0,"F","S",0,"UU","","GUARDRAIL",39.24363833,-77.281995,1,0,1,"M",NA,3,NA,1,10.88,1,88,51,"P",0,NA,0,"",NA,"Y",NA,1,NA,"29-DEC-05","7982b346-3115-47d0-a39c-d7f4b0c86a95","","","","","A"
"9042","MCP22540009",1,15,0,2,11,2,2,1,1,0,0,"09-18-2015","07:52:00","5414-2","N","N","MONTGOMERY","UNK",4,0,7669,"CO","",0.22,"S","LITTLE SENECA PKWY",0,"F","S",0,"UU","","CROSSOVER",39.23001,-77.252645,1,0,1,"F",1,3,NA,1,88,0,2,53,"P",0,NA,0,"",NA,"N",NA,21,NA,"01-JAN-60","ca4f5f4f-3dda-41e9-9dd8-c0abedab1244","","","","","A"
"9043","MCP22550002",3,15,63,1,0,2,1,1,3,0,6.01,"6/18/2017","2:09:00","54142","N","N","MONTGOMERY","UNK",3,0,355,"MD","",14.86,"N","FREDERICK RD",100,"F","N",50,"MU","","DALAMAR ST",39.146945,-77.20524667,1,0,1,"F",NA,4,NA,2,6,88,1,52,"P",99,NA,0,"",NA,"Y",NA,0,NA,"18-Nov-93","0d9771ea-7fd7-4587-8c57-15a886adb8b9","","","","","A"
"9044","MCP22600017",1,15,NA,NA,17,NA,NA,NA,NA,0,0,"04-07-2016","18:11:00","54244","N","N","MONTGOMERY","UNK",3,0,NA,"","",NA,"","",NA,"","",NA,"","","",39.057725,-77.124665,1,0,1,"F",1,3,NA,3,88,1,1,88,"P",0,NA,0,"",NA,"N",NA,0,NA,"21-MAR-73","c2a5315e-efd2-4147-af84-b9fe5c3cfaac","","","","","A"
"9045","MCP2260001P",6.02,15,0,1,88,2,2,1,1,0,0,"5/8/2017","16:53:00","54144","N","N","MONTGOMERY","UNK",3,0,2043,"CO","",0.39,"W","HUNTERS LA",0.2,"F","E",1659,"CO","","RANDOLPH RD",39.05365167,-77.099125,1,0,1,"M",0,2,NA,3,5,1,2,88,"P",0,NA,0,"",NA,"N",NA,1,NA,"9-Dec-99","1bef9cb9-4725-4200-a202-90d27387981b","","","","","A"
"9046","MCP22690006",1,15,NA,NA,88,NA,NA,NA,NA,0,6.01,"08-19-2015","15:45:00","54212","N","N","MONTGOMERY","UNK",4,0,NA,"","",NA,"","",NA,"","",NA,"","","",39.175048,-77.204355,1,0,1,"M",1,2,NA,3,88,0,2,88,"P",0,NA,0,"",NA,"U",NA,1,NA,"26-SEP-66","618aac34-ca09-41a6-be75-e70dfd0f6a3d","","XXXXXXXXXXXXXX","","","A"
"9047","MCP2274000R",1,15,63,2,2,2,2,1,4,0,6.01,"05-26-2016","08:35:00","54112","N","N","MONTGOMERY","UNK",4,0,12,"MU","",0,"W","BANK ST",0,"F","W",124,"MD","","QUINCE ORCHARD RD",39.14035833,-77.22306833,1,0,1,"M",1,4,NA,4,99,0,2,51,"P",0,NA,0,"",NA,"Y",NA,99,NA,"18-AUG-57","ac598001-1d24-4eaf-8f5a-d6216b0d8047","","","","","A"
"9048","MCP2278000N",1,15,NA,2,88,2,3,1,4,0,6.01,"06-15-2015","06:06:00","54112","Y","N","MONTGOMERY","UNK",4,0,187,"MD","",1.74,"N","OLD GEORGETOWN RD",0,"F","N",4392,"CO","","OAKMONT AVE",39.0042447,-77.11063385,1,0,1,"M",1,4,NA,5,6,2,2,54,"P",0,NA,0,"",NA,"",NA,21,NA,"10-SEP-66","ffbddf2b-c193-4646-8e34-ec578c16a089","","","","","A"
"9049","MCP22780016",6.02,15,0,1,88,2,2,1,1,0,0,"03-03-2016","05:00:00","54122","Y","N","MONTGOMERY","UNK",1,0,103,"CO","",0.55,"E","CALVERTON BLVD",20,"F","W",3480,"CO","","GALWAY DR",39.05621431,-76.94444284,1,0,1,"M",1,3,NA,3,1,1,1,53,"P",0,NA,0,"",NA,"N",NA,0,NA,"12-JUN-49","e0fa2ce4-a975-412b-8765-63df2b274676","","","","",""
"9050","MCP22860015",1,15,NA,NA,88,NA,NA,NA,NA,0,0,"06-20-2016","19:06:00","54224","N","N","MONTGOMERY","UNK",3,0,NA,"","",NA,"","",NA,"","",NA,"","","",39.12679833,-77.17284833,1,0,1,"M",1,2,NA,1,88,1,1,52,"P",0,NA,0,"",NA,"N",NA,0,NA,"20-MAR-69","1a5f2681-def2-4023-b3e7-715590856ef0","MD","C","","",""
"9051","MCP2286001G",1,15,0,2,17,2,NA,1,1,0,6.01,"1/18/2017","15:15:00","55242","Y","N","MONTGOMERY","UNK",1,0,1757,"CO","",1.55,"S","GAINSBOROUGH RD",0,"F","S",164,"CO","","TUCKERMAN LA",39.04096545,-77.172786,1,0,1,"F",1,1,NA,3,5,99,1,62.88,"P",0,NA,0,"",NA,"Y",NA,1,NA,"19-Jan-01","ca302c58-aa1c-490a-aca6-4530ed141ac3","","","","",""
"9052","MCP2286001K",6.02,15,NA,NA,11,NA,NA,NA,NA,0,6.01,"2/20/2017","18:38:00","54244","N","N","MONTGOMERY","UNK",3,0,NA,"","",NA,"","",NA,"","",NA,"","","",39.15127012,-77.21286625,1,0,1,"F",1,3,NA,3,5,88,1,88,"P",0,NA,0,"",NA,"N",NA,1,NA,"28-Oct-65","4fa5573b-7839-48c0-9f5e-cf8dd6987928","MD","CM","","",""
"9053","MCP2290000J",1,15,0,2,17,2,2,1,3,0,6.01,"3/7/2017","14:05:00","54114","Y","N","MONTGOMERY","UNK",3,0,4991,"CO","",1.53,"S","CRABBS BRANCH WAY",0,"F","S",5052,"CO","","INDIANOLA DR",39.11474513,-77.15701059,1,1,1,"M",1,2,NA,3,5,2,1,51,"P",0,NA,0,"",NA,"N",NA,1,NA,"21-Jun-87","54677785-90aa-4647-8f2a-c237da8da9b3","","","","","A"
"9054","MCP2290000M",1,15,NA,NA,17,NA,NA,NA,NA,0,7.01,"5/25/2017","12:05:00","54114","N","N","MONTGOMERY","UNK",3,0,NA,"","",NA,"","",NA,"","",NA,"","","",39.05568424,-77.11784363,1,0,1,"F",1,4,NA,3,0,0,1,88,"P",0,NA,0,"",NA,"N",NA,0,NA,"1-Jun-32","ee4f8be4-3a3c-454d-8017-ccb72baf907a","","","","","A"
"9055","MCP22910015",1,15,NA,NA,88,NA,NA,NA,NA,88,6.01,"05-17-2015","17:49:00","54114","N","N","MONTGOMERY","UNK",2,9,NA,"","",NA,"","",NA,"","",NA,"","","",38.96341667,-77.09098333,2,0,1,"F",1,2,NA,0,2,0,1,56,"P",0,NA,0,"",NA,"",NA,0,NA,"03-FEB-87","c4d96c75-b143-4126-ac1f-305a9427f23a","","","","",""
"9056","MCP22910016",1,15,NA,2,17,2,1,1,4,0,6.01,"06-11-2015","17:40:00","54142","Y","N","MONTGOMERY","UNK",3,0,185,"MD","",2.83,"N","CONNECTICUT AVE",0,"F","N",28,"GV","","BEACH DR",39.00809646,-77.08016396,1,0,1,"M",1,3,NA,3,10.88,1,2,52,"P",0,NA,0,"",NA,"",NA,1,NA,"25-JAN-93","6644dd18-3e29-45f3-be01-4e247ea33136","","","","",""
"9057","MCP2291001G",1,15,0,1,17,2,3,1,4,0,6.01,"10-23-2015","14:50:00","54142","N","N","MONTGOMERY","UNK",3,0,355,"MD","",1.02,"N","WISCONSIN AVE",60,"F","N",424,"CO","","NORWOOD DR",38.97484667,-77.09015667,1,0,1,"M",NA,3,NA,3,3,0,2,63.88,"P",0,NA,0,"",NA,"Y",NA,21,NA,"22-MAR-01","5345c387-be06-43b7-8724-3e46c5f9eb39","","","","","A"
"9058","MCP2298004F",1,15,NA,2,88,2,NA,1,3,0,6.01,"02-12-2015","15:33:00","54142","Y","N","MONTGOMERY","UNK",3,0,4556,"CO","",1.03,"S","FATHER HURLEY BLVD",0,"F","S",4555,"CO","","WYNNFIELD DR",39.186365,-77.27426167,1,0,1,"M",1,3,NA,0,9.05,88,1,51,"P",0,NA,0,"",NA,"",NA,0,NA,"25-FEB-01","a1c9e4e8-6b7b-43d8-989b-6eb114a6833b","","","","","A"
"9059","MCP2298004G",1,15,NA,NA,88,NA,NA,NA,NA,0,0,"02-18-2015","14:10:00","54242","N","N","MONTGOMERY","UNK",3,3,NA,"","",NA,"","",NA,"","",NA,"","","",39.19981002,-77.25581646,1,0,1,"F",1,3,NA,0,88,0,1,88,"P",0,NA,0,"",NA,"",NA,0,NA,"19-AUG-39","961767c6-9543-41f1-b146-1ee2af459ba0","MD","c","","","A"
"9060","MCP2298005D",1,15,NA,2,13,2,1,1,3,0,6.01,"04-29-2015","18:02:00","54142","Y","N","MONTGOMERY","UNK",1,4,7608,"CO","",0,"W","TANNERY RIDGE DR",0,"F","W",2,"CO","","CLARKSBURG RD",39.24287,-77.27976,1,0,1,"F",1,3,NA,99,6,88,2,88,"P",0,NA,0,"",NA,"",NA,1,NA,"02-APR-02","47cd84b7-b675-4811-bf01-5f45d11a6dbd","MD","X","","","A"
"9061","MCP2298005P",1,15,NA,NA,88,NA,NA,NA,NA,0,0,"07-23-2015","18:45:00","54244","N","N","MONTGOMERY","UNK",3,0,NA,"","",NA,"","",NA,"","",NA,"","","",39.18155782,-77.27135181,1,0,1,"M",1,3,NA,1,88,0,1,53,"P",0,NA,0,"",NA,"N",NA,0,NA,"15-JAN-87","0c0ae430-fc0b-4ac0-b975-7cba73fee8cf","MD","C","","","A"
"9062","MCP2298005W",1,15,0,88,88,2,1,1,3,0,6.01,"08-13-2015","16:24:00","45114","N","N","MONTGOMERY","UNK",4,0,5380,"CO","",0,"S","REXMORE DR",25,"F","S",5379,"CO","","LOCBURY DR",39.18472631,-77.26615906,1,0,1,"M",1,1,NA,3,4,3,2,54,"P",0,NA,0,"",NA,"Y",NA,1,NA,"26-FEB-92","40f8bd2e-eaab-486f-a9cb-bbdf6562c9fd","MD","","","",""
"9063","MCP2298006Q",1,15,0,2,3,2,1,1,3,0,6.01,"11-03-2015","15:25:00","54123","N","N","MONTGOMERY","UNK",1,3,355,"MD","",20.36,"N","FREDERICK RD",0,"F","N",27,"CO","","BRINK RD",39.21385143,-77.24928796,2,0,1,"M",NA,1,NA,2,6,0,1,56,"P",0,NA,0,"",NA,"N",NA,0,NA,"02-APR-59","53c626e7-e07d-4b71-a08a-ecc687c2d27b","MD","CM","","",""
"9064","MCP2298006W",6.02,15,0,2,88,1,NA,1,4,0,5,"11-10-2015","17:26:00","54144","Y","N","MONTGOMERY","UNK",3,0,4556,"CO","",2.43,"S","FATHER HURLEY BLVD",0,"F","S",5292,"CO","","HOPKINS RD",39.16919019,-77.28293896,1,0,1,"F",1,3,NA,1,9.05,3,1,51,"P",0,NA,0,"",NA,"Y",NA,1,NA,"13-MAY-65","6b82e6c9-c3a2-4e42-833a-07f8d101064c","MD","C","","",""
"9065","MCP2298006X",3,15,NA,NA,88,NA,NA,NA,NA,0,6.01,"11-13-2015","19:13:00","54112","N","N","MONTGOMERY","UNK",3,0,NA,"","",NA,"","",NA,"","",NA,"","","",39.181165,-77.26164833,1,0,1,"M",1,3,NA,3,88,0,1,63.88,"P",0,NA,0,"",NA,"U",NA,1,NA,"16-JAN-65","e7abab42-5a70-4151-b788-8f851ba8af10","MD","","","","A"
"9066","MCP2298007N",4,15,0,2,88,2,1,1,4,0,6.01,"02-10-2016","19:21:00","54142","Y","N","MONTGOMERY","UNK",3,0,119,"MD","",6.83,"N","GREAT SENECA HWY",0,"F","N",0,"UU","","GROTTO LA",39.16792833,-77.26765,1,0,1,"F",1,3,NA,2,12.88,0,1,51,"P",0,NA,0,"",NA,"N",NA,0,NA,"23-MAY-69","fd5be2cb-9138-4540-aab7-517f00f4034e","MD","C","","","A"
"9067","MCP2298008T",1,15,NA,NA,17,NA,NA,NA,NA,0,3,"05-13-2016","13:07:00","54244","N","N","MONTGOMERY","UNK",3,0,NA,"","",NA,"","",NA,"","",NA,"","","",39.17852,-77.271585,1,0,1,"F",1,3,NA,2,6,0,1,88,"P",0,NA,0,"",NA,"N",NA,0,NA,"10-SEP-71","282d4ad0-6c7e-4607-ae8e-b916bb2d0920","MD","C","","","A"
"9068","MCP22980098",0,15,0,1,88,2,NA,1,1,0,6.01,"08-18-2016","13:00:00","54124","Y","N","MONTGOMERY","UNK",3,0,6136,"CO","",0.53,"E","SHAKESPEARE BLVD",0,"F","E",355,"MD","","FREDERICK RD",39.19834669,-77.24505812,1,0,1,"M",1,2,NA,3,5,2,2,51,"P",0,NA,0,"",NA,"N",NA,21,NA,"12-JUN-94  00:00:00","08281d21-c5d4-407c-ba37-460388dbc3fa","MD","C","","",""
"9069","MCP2298009X",1,15,0,2,88,2,NA,1,3,0,6.01,"09-09-2016","14:54:00","54114","N","N","MONTGOMERY","UNK",3,0,4897,"CO","",0.16,"W","GUNNERS BRANCH RD",0,"F","W",2195,"CO","","ARCHDALE RD",39.17523704,-77.24095501,1,0,1,"F",1,2,NA,3,5,1,1,51,"P",0,NA,0,"",NA,"N",NA,1,NA,"03-SEP-97  00:00:00","a21fe666-cb04-4a45-9097-bf475781289e","MD","ID","","","A"
"9070","MCP229800B9",3,15,0,2,88,0,NA,1,4,0,6.01,"11/7/2016","20:01:00","54114","N","N","MONTGOMERY","UNK",4,0,117,"MD","",7.66,"E","CLOPPER RD",0,"F","E",7010,"CO","","LIBERTY MILL RD",39.16217474,-77.28160657,1,0,3,"M",3,1,NA,3,10.88,1,2,51,"P",0,NA,0,"",NA,"N",NA,1,NA,"11-Aug-00","1be559dc-eae2-4cd8-af04-54880e437cb8","","","","",""
"9071","MCP229800B9",3,15,0,2,88,0,NA,1,4,0,6.01,"11/7/2016","20:01:00","54114","N","N","MONTGOMERY","UNK",4,0,117,"MD","",7.66,"E","CLOPPER RD",0,"F","E",7010,"CO","","LIBERTY MILL RD",39.16217474,-77.28160657,1,0,3,"M",3,3,NA,3,10.88,1,2,51,"P",0,0,0,"U",NA,"N",NA,1,NA,"29-Aug-99","bf837599-e1b6-48fb-8a75-8626103aff81","","","","","B"
"9072","MCP229800B9",3,15,0,2,88,0,NA,1,4,0,6.01,"11/7/2016","20:01:00","54114","N","N","MONTGOMERY","UNK",4,0,117,"MD","",7.66,"E","CLOPPER RD",0,"F","E",7010,"CO","","LIBERTY MILL RD",39.16217474,-77.28160657,1,0,3,"M",3,2,NA,3,10.88,0,2,51,"P",0,NA,0,"",NA,"N",NA,1,NA,"1-Oct-99","73047f75-5907-4bf0-9951-374611f33cf0","","","","","A"
"9073","MCP22990008",1,15,NA,NA,17,NA,NA,NA,NA,0,6.01,"09-02-2016","18:23:00","54242","N","N","MONTGOMERY","UNK",3,0,NA,"","",NA,"","",NA,"","",NA,"","","",38.99172607,-77.02797085,1,0,1,"M",NA,2,NA,88,6,0,7,88,"P",0,NA,0,"",NA,"Y",NA,1,NA,"09-SEP-60  00:00:00","69070ca7-9e68-4664-aa78-4bcda510ce29","","","","","A"