"UNIQUE_ID","REPORT_NO","LIGHT_CODE","COUNTY_NO","MUNI_CODE","JUNCTION_CODE","COLLISION_TYPE_CODE","SURF_COND_CODE","LANE_CODE","RD_COND_CODE","RD_DIV_CODE","FIX_OBJ_CODE","WEATHER_CODE","ACC_DATE","ACC_TIME","LOC_CODE","SIGNAL_FLAG","C_M_ZONE_FLAG","AGENCY_CODE","AREA_CODE","HARM_EVENT_CODE1","HARM_EVENT_CODE2","RTE_NO","ROUTE_TYPE_CODE","RTE_SUFFIX","LOG_MILE","LOGMILE_DIR_FLAG","MAINROAD_NAME","DISTANCE","FEET_MILES_FLAG","DISTANCE_DIR_FLAG","REFERENCE_NO","REFERENCE_TYPE_CODE","REFERENCE_SUFFIX","REFERENCE_ROAD_NAME","LATITUDE","LONGITUDE","drv","occ","ped","SEX_CODE","CONDITION_CODE","INJ_SEVER_CODE","OCC_SEAT_POS_CODE","PED_VISIBLE_CODE","PED_LOCATION_CODE","PED_OBEY_CODE","PED_TYPE_CODE","MOVEMENT_CODE","PERSON_TYPE","ALCOHOL_TEST_CODE","ALCOHOL_TESTTYPE_CODE","DRUG_TEST_CODE","DRUG_TESTRESULT_CODE","BAC_CODE","FAULT_FLAG","EQUIP_PROB_CODE","SAF_EQUIP_CODE","EJECT_CODE","DATE_OF_BIRTH","PERSON_ID","LICENSE_STATE_CODE","CLASS","CDL_FLAG","VEHICLE_ID","EMS_UNIT_LABEL"
"9074","MCP23110011",4,15,0,2,17,2,2,1,4,0,6.01,"10-15-2015","23:47:00","54112","Y","N","MONTGOMERY","UNK",3,0,212,"CO","",4.67,"N","SHADY GROVE RD",0,"F","N",4991,"CO","","CRABBS BRANCH WAY",39.12878333,-77.16697833,1,0,1,"F",88,3,NA,2,9.05,3,1,51,"P",0,NA,0,"",NA,"N",NA,1,NA,"01-JUN-71","690794b1-b2b3-4a96-bad9-f6b302aa8db7","","","","","A"
"9075","MCP2311002B",4,15,0,0,3,2,2,1,4,0,6.01,"05-26-2016","01:46:00","54112","N","N","MONTGOMERY","UNK",4,0,3727,"CO","",0.11,"N","MONTGOMERY VILLAGE AVE",300,"F","N",6703,"CO","","WALKERS CHOICE RD",39.16437333,-77.20392167,1,0,1,"M",1,3,NA,2,6,0,2,53,"P",0,NA,0,"",NA,"N",NA,0,NA,"15-JUN-00","c2c964e2-0c7d-4b2c-8fbb-42d9302e3f2d","MD","","","","A"
"9076","MCP2330000C",4,15,NA,NA,17,NA,NA,NA,NA,2,6.01,"02-28-2015","22:07:00","55212","N","N","MONTGOMERY","UNK",9,0,NA,"","",NA,"","",NA,"","",NA,"","","",39.04182333,-77.04783667,1,0,1,"U",0,1,NA,0,0,0,88,0,"P",0,NA,0,"",NA,"",NA,0,NA,"01-JAN-15","ffd8f128-525d-4bb1-be13-fad298fbca92","","","","",""
"9077","MCP2330000T",4,15,0,3,88,1,2,1,4,0,3,"3/7/2017","19:18:00","54112","Y","N","MONTGOMERY","UNK",3,0,97,"MD","",2.65,"N","GEORGIA AVE",5,"F","S",293,"CO","","PLYERS MILL RD",39.03002749,-77.04771996,1,0,1,"F",1,2,NA,2,5,2,1,51,"P",0,NA,0,"",NA,"N",NA,1,NA,"17-Apr-92","60712b9a-34e7-4f24-90c4-6f25ed6750e1","MD","C","","","A"
"9078","MCP2335000Y",3,15,0,2,17,2,2,1,4,0,6.01,"5/27/2017","21:45:00","54144","N","N","MONTGOMERY","UNK",3,0,119,"MD","",5.92,"N","GREAT SENECA HWY",0,"F","N",4800,"CO","","DAIRYMAID DR",39.157865,-77.27576167,1,0,1,"F",1,3,NA,2,5,1,1,51,"P",0,NA,0,"",NA,"N",NA,0,NA,"27-Jan-76","de7151f9-7cad-4519-9de0-fe8885c93a65","","","","","A"
"9079","MCP2339000Y",7.88,15,NA,1,3,2,1,1,1,0,6.01,"05-03-2015","03:08:00","28124","N","N","MONTGOMERY","UNK",2,0,142,"CO","",0.63,"N","ASPEN HILL RD",0,"M","N",2437,"CO","","EADES ST",39.07341,-77.095435,1,0,1,"M",0,1,NA,0,0,0,88,0,"P",0,NA,0,"",NA,"",NA,0,NA,"10-SEP-84","dca2f068-a328-40cc-a347-dcf3ecf1d503","MD","c","","",""
"9080","MCP23390024",1,15,0,3,17,2,2,1,1,0,6.01,"1/31/2017","14:54:00","54114","Y","N","MONTGOMERY","UNK",3,0,650,"MD","",8.97,"N","NEW HAMPSHIRE AVE",0,"F","N",161,"CO","","GOOD HOPE RD",39.09610167,-77.00206167,1,0,1,"M",NA,3,NA,3,5,2,1,51,"P",0,NA,0,"",NA,"N",NA,0,NA,"25-Mar-98","37c6f7ea-defb-46ca-a42b-c6c60d7be1b3","MD","C","","","A"
"9081","MCP2339002C",6.02,15,0,1,88,2,1,1,1,0,0,"4/27/2017","20:07:00","54122","N","N","MONTGOMERY","UNK",4,0,182,"MD","",6.491,"N","DR BIRD RD",0.2,"M","S",130,"CO","","BATCHELLORS FOREST RD",39.142901,-77.040811,1,0,1,"F",99,4,NA,2,1,1,2,53,"P",0,NA,0,"",NA,"N",NA,99,NA,"22-Jul-61","fb2a0579-364e-4779-aac0-0b109c8aa8cf","","","","","A"
"9082","MCP2339002G",1,15,0,88,2,2,1,1,1,0,0,"6/8/2017","7:32:00","54114","N","N","MONTGOMERY","UNK",4,0,95,"CO","",0.98,"E","BRIGGS CHANEY RD",100,"F","E",161,"CO","","GOOD HOPE RD",39.101519,-76.980297,1,0,1,"M",1,3,NA,3,10.88,0,2,51,"P",0,NA,0,"",NA,"N",NA,21,NA,"31-May-55","bba9d4fb-1414-4ca9-9c38-58cec03fb028","","","","","A"
"9083","MCP2347000B",1,15,0,2,88,2,1,1,1,0,6.01,"03-28-2016","09:44:00","54142","Y","N","MONTGOMERY","UNK",3,0,5242,"CO","",0.53,"N","GRACEFIELD RD",0,"F","N",5082,"OP","","CALVERTON BLVD",39.04097167,-76.98741333,1,0,1,"F",1,3,NA,0,9.05,88,1,51,"P",0,NA,0,"",NA,"Y",NA,1,NA,"13-JUN-54","4cb5a2dd-5229-41d1-be88-e5dc7a4bce96","","","","",""
"9084","MCP2347000Q",1,15,0,2,88,2,2,1,1,0,6.01,"10/4/2016","9:22:00","54144","Y","N","MONTGOMERY","UNK",3,0,2962,"CO","",0.6,"N","OLD COLUMBIA PIKE",0,"F","N",2963,"CO","","TECH RD",39.05907333,-76.96934,1,0,1,"F",NA,2,NA,0,9.05,1,1,51,"P",0,NA,0,"",NA,"N",NA,1,NA,"8-Dec-84","ecde22ad-48ec-4864-a62f-2ff0bf26c4cf","","","","","A"
"9085","MCP2348000M",3,15,NA,3,17,1,3,1,3,88,88,"01-21-2015","19:30:00","54144","Y","N","MONTGOMERY","UNK",9,3,193,"MD","",2.42,"E","UNIVERSITY BLVD W",20,"F","E",1270,"CO","","INWOOD AVE",39.03602,-77.03609333,1,0,1,"M",1,4,NA,0,88,0,1,88,"P",0,NA,0,"",NA,"",NA,0,NA,"04-MAY-73","46e778da-a668-46ed-a447-576a216aaa15","","","","","A"
"9086","MCP2348000N",1,15,NA,0,17,2,NA,1,88,0,6.01,"02-03-2015","16:07:00","54242","N","N","MONTGOMERY","UNK",3,0,586,"MD","",5.78,"E","VEIRS MILL RD",30,"F","E",97,"MD","","GEORGIA AVE",39.0375,-77.05092667,1,0,1,"M",1,2,NA,3,6,1,1,52,"P",0,NA,0,"",NA,"",NA,0,NA,"04-OCT-95","8c474bdd-35ce-44d7-b704-8db9eee6c610","MD","c","","","A"
"9087","MCP2348000Y",3,15,0,1,17,2,NA,1,3,0,6.01,"07-20-2015","22:21:00","54142","N","N","MONTGOMERY","UNK",3,0,118,"MD","",6.94,"N","GERMANTOWN RD",20,"F","N",7648,"CO","","CIDER BARRELL DR",39.19160335,-77.24471211,1,0,1,"M",99,4,NA,2,6,1,1,52,"P",0,NA,0,"",NA,"Y",NA,0,NA,"01-FEB-92","bbdf8567-99ef-41e5-b32b-b42cd60fa061","MD","ID","","","A"
"9088","MCP23480018",3,15,0,0,17,2,2,1,3,0,6.01,"01-04-2016","19:04:00","54112","N","N","MONTGOMERY","UNK",3,0,97,"MD","",3.58,"N","GEORGIA AVE",20,"F","S",1138,"CO","","BLUERIDGE AVE",39.04270333,-77.051935,1,0,1,"M",99,4,NA,2,6,1,1,52,"P",0,NA,0,"",NA,"Y",NA,1,NA,"26-JUN-66","67815600-7e63-42be-b082-052afbc7dc35","","","","","A"
"9089","MCP23480025",3,15,NA,NA,17,NA,NA,NA,NA,0,6.01,"11/23/2016","19:13:00","54244","N","N","MONTGOMERY","UNK",3,0,NA,"","",NA,"","",NA,"","",NA,"","","",39.03336333,-77.04893667,1,0,1,"M",1,3,NA,2,3,0,1,63.88,"P",0,NA,0,"",NA,"N",NA,0,NA,"10-Oct-37","46f97782-4222-4a49-be41-2e4903ac42eb","MD","ID","","","A"
"9090","MCP2348002J",4,15,0,1,17,2,3,1,4,0,6.01,"3/30/2017","1:20:00","54142","N","N","MONTGOMERY","UNK",3,0,270,"IS","",18.45,"N","EISENHOWER MEMORIAL HWY",0.25,"M","S",270,"RP","","RAMP 7 FR MD 121 WB TO IS 270 SB",39.22098667,-77.27935667,1,0,1,"M",1,4,NA,2,6,0,1,88,"P",0,NA,0,"",NA,"N",NA,0,NA,"4-Dec-87","4356afca-3494-45c8-9588-4b7eecf6b8fc","","","","","A"
"9091","MCP2348002M",1,15,0,3,17,2,1,1,1,0,6.01,"6/2/2017","20:22:00","54144","N","N","MONTGOMERY","UNK",3,0,1173,"CO","",0.27,"S","AMHERST AVE",2,"F","N",1138,"CO","","BLUERIDGE AVE",39.04333616,-77.0478715,1,0,3,"F",1,3,NA,3,5,1,1,51,"P",0,NA,0,"",NA,"N",NA,0,NA,"22-Nov-97","3b8e2a1b-7404-4227-9b1e-7790834f48f9","","","","","B"
"9092","MCP2348002M",1,15,0,3,17,2,1,1,1,0,6.01,"6/2/2017","20:22:00","54144","N","N","MONTGOMERY","UNK",3,0,1173,"CO","",0.27,"S","AMHERST AVE",2,"F","N",1138,"CO","","BLUERIDGE AVE",39.04333616,-77.0478715,1,0,3,"F",1,3,NA,3,5,1,1,51,"P",0,NA,0,"",NA,"N",NA,0,NA,"7-Jun-97","ea8a3b91-14e3-4c48-b9b9-ed068a02844e","","","","","B"
"9093","MCP2348002M",1,15,0,3,17,2,1,1,1,0,6.01,"6/2/2017","20:22:00","54144","N","N","MONTGOMERY","UNK",3,0,1173,"CO","",0.27,"S","AMHERST AVE",2,"F","N",1138,"CO","","BLUERIDGE AVE",39.04333616,-77.0478715,1,0,3,"F",1,3,NA,3,5,1,1,51,"P",0,NA,0,"",NA,"N",NA,0,NA,"29-Jan-09","82f8860b-bbdf-4f28-8136-63b84c08b567","","","","","A"
"9094","MCP2348002R",3,15,0,9.04,17,2,1,1,0,0,6.01,"6/28/2017","21:59:00","44242","N","N","MONTGOMERY","UNK",3,0,586,"MD","",5.16,"E","VEIRS MILL RD",0,"U","W",0,"UU","","CROSSOVER",39.041405,-77.058375,1,0,1,"F",1,2,NA,3,3,1,1,63.88,"P",0,NA,0,"",NA,"N",NA,0,NA,"23-May-56","5510afa1-27f9-4fa7-956f-28b73085f8a5","MD","C","","","A"
"9095","MCP2351000V",1,15,0,2,88,2,2,1,1,0,6.01,"11/4/2016","8:20:00","54114","Y","N","MONTGOMERY","UNK",3,0,1659,"CO","",1.05,"E","RANDOLPH RD",0,"F","E",4257,"CO","","GAYNOR RD",39.05399088,-77.09417984,1,0,1,"F",1,2,NA,99,9.05,2,1,51,"P",0,NA,0,"",NA,"N",NA,0,NA,"14-Oct-82","1ae6820c-f6e1-4cd4-a9ca-aaf4f4a1f7f0","","","","","A"
"9096","MCP2353001M",4,15,0,2,17,1,3,1,4,0,3,"10-09-2015","07:02:00","54142","Y","N","MONTGOMERY","UNK",3,0,410,"MD","",2.54,"E","EAST WEST HWY",0,"F","E",535,"CO","","GRUBB RD",38.98339833,-77.09288333,1,0,1,"F",1,2,NA,2,9.05,2,1,51,"P",0,NA,0,"",NA,"N",NA,1,NA,"10-JAN-55","75a1726c-10a2-4153-a38b-878d60aa0c68","MD","C","","","A"
"9097","MCP2353001T",1,15,0,1,17,2,1,1,3,0,6.01,"10-22-2015","12:11:00","54144","N","N","MONTGOMERY","UNK",3,0,451,"CO","",0.58,"N","WILLARD AVE",30,"F","N",90,"MU","","THE HILLS PLAZA",38.98345167,-77.09292,1,0,1,"M",1,4,NA,3,5,2,1,51,"P",0,NA,0,"",NA,"N",NA,1,NA,"14-AUG-89","87bd1c1a-b4ab-4613-b4fe-dd11c91b312f","ID","","","","A"
"9098","MCP2353002C",1,15,0,1,17,2,1,4,4,0,7.01,"01-14-2016","07:51:00","54142","N","N","MONTGOMERY","UNK",3,0,355,"CO","",0.27,"S","FAIRFAX RD",300,"F","N",357,"CO","","EDGEMOOR LA",38.98270808,-77.10523188,1,0,1,"F",1,2,NA,3,88,1,1,52,"P",0,NA,0,"",NA,"Y",NA,1,NA,"22-APR-04","5680beb2-b24b-4d5f-97c6-ce05277490d0","MD","UUA","","","A"
"9099","MCP2353002Q",1,15,0,2,17,2,1,1,2,0,7.01,"05-04-2016","07:24:00","54144","Y","N","MONTGOMERY","UNK",3,0,187,"MD","",0.1,"N","OLD GEORGETOWN RD",0,"F","N",4453,"CO","","COMMERCE LA",38.98552833,-77.095945,1,0,1,"F",1,2,NA,2,5,2,1,51,"P",0,NA,0,"",NA,"N",NA,1,NA,"27-APR-88","a94562cc-4d55-4112-972a-317a5d53ac2a","MD","C","","","A"
"9100","MCP2353002Z",1,15,0,0,17,2,2,1,3,0,6.01,"10/4/2016","11:40:00","54144","N","N","MONTGOMERY","UNK",3,0,190,"MD","",15.01,"E","RIVER RD",2,"F","E",0,"UU","","CAPITOL CRESCENT TRAIL BRIDGE",38.96444833,-77.10323833,1,0,1,"F",1,4,NA,1,5,1,1,52,"P",0,NA,0,"",NA,"N",NA,1,NA,"30-May-92","00dc94d2-5f27-499d-85dd-d39ec5e150db","MN","D","","","A"
"9101","MCP23530031",1,15,0,2,17,2,2,1,4,0,6.01,"10/25/2016","9:05:00","54142","Y","N","MONTGOMERY","UNK",3,0,355,"MD","",0,"N","WISCONSIN AVE",0,"F","N",0,"UU","","WESTERN AVE (DC MAINT)",38.961205,-77.08555667,1,0,1,"F",1,2,NA,2,5,99,1,51,"P",0,NA,0,"",NA,"N",NA,1,NA,"21-Jun-34","e5d922af-188f-4931-ad1f-181f5c932237","DC","ID","","","A"
"9102","MCP23530034",1,15,0,1,17,2,1,1,1,0,6.01,"11/3/2016","8:01:00","54114","N","N","MONTGOMERY","UNK",4,0,1217,"CO","",0,"S","WYNDALE RD",50,"F","N",4,"GV","","BEACH DR",38.985795,-77.05721333,1,0,1,"M",1,3,NA,1,6,1,2,53,"P",0,NA,0,"",NA,"N",NA,21,NA,"4-Jun-85","dce62dca-2a71-47ff-826d-70d7a9b1cb92","DC","D","","","A"
"9103","MCP23530036",1,15,0,2,17,2,2,1,4,0,0,"11/17/2016","10:05:00","54144","Y","N","MONTGOMERY","UNK",3,0,355,"MD","",5.68,"N","ROCKVILLE PIKE",0,"F","N",5036,"CO","","EDSON LA",39.04076833,-77.10961167,1,0,1,"F",1,2,NA,1,5,2,1,51,"P",0,NA,0,"",NA,"N",NA,1,NA,"2-Nov-86","64afb968-e313-4409-8ddf-93dfa53af9bf","","","","","A"
"9104","MCP2353003K",1,15,0,2,11,2,3,1,4,0,7.01,"2/2/2017","9:01:00","54112","N","N","MONTGOMERY","UNK",4,0,355,"MD","",3.37,"N","ROCKVILLE PIKE",0,"F","N",0,"UU","","CEDAR CROFT DR",39.00850167,-77.09802833,1,0,1,"M",1,2,NA,3,10.88,1,2,51,"P",0,NA,0,"",NA,"Y",NA,21,NA,"16-Dec-91","39a5d048-7c40-4343-ba4a-68bf23fd524f","OH","D","","","A"
"9105","MCP2353003P",1,15,0,2,17,2,2,1,3,0,6.01,"3/6/2017","10:58:00","","Y","N","MONTGOMERY","UNK",3,0,451,"CO","",0.58,"N","WILLARD AVE",0,"F","N",90,"MU","","THE HILLS PLAZA",38.961785,-77.08775167,1,0,1,"M",1,4,NA,3,5,1,1,51,"P",0,NA,0,"",NA,"N",NA,1,NA,"3-Jan-59","94c19c64-4004-4460-ba2b-d2ef2a6da43b","MD","C","","","A"
"9106","MCP23530041",1,15,0,1,11,2,1,1,3,0,7.01,"6/12/2017","6:18:00","54114","N","N","MONTGOMERY","UNK",4,0,410,"MD","",1.87,"E","EAST WEST HWY",300,"F","E",0,"UU","","SPUR FR JONES MILL RD",38.99326333,-77.06411,1,0,1,"F",1,3,NA,5,4,0,2,52,"P",0,NA,0,"",NA,"Y",NA,21,NA,"6-Feb-61","a1114331-0c38-40af-8935-0257d6d6b277","MD","C","","","A"
"9107","MCP2354000W",3,15,0,2,88,2,NA,1,0,0,6.01,"2/1/2017","11:17:00","54142","Y","N","MONTGOMERY","UNK",3,0,355,"MD","",6.36,"N","ROCKVILLE PIKE",0,"F","N",7220,"CO","","OLD GEORGETOWN RD",39.04970167,-77.11462,1,0,1,"F",1,3,NA,2,5,1,1,51,"P",0,NA,0,"",NA,"N",NA,1,NA,"8-Nov-94","4127f919-eca3-4ad3-b407-19c55ff0233a","","","","","A"
"9108","MCP2357000V",1,15,NA,1,88,2,1,1,1,0,6.01,"04-06-2015","10:25:00","54124","N","N","MONTGOMERY","UNK",3,0,2148,"CO","",0.06,"W","FLORA LA",150,"F","W",2147,"CO","","PIN OAK DR",39.01227667,-77.03274833,1,0,1,"M",1,4,NA,3,88,0,1,56,"P",0,NA,0,"",NA,"",NA,0,NA,"24-OCT-64","6fb88b68-7007-498e-8374-80d678df0ed3","","","","","A"
"9109","MCP23570016",1,15,NA,NA,17,NA,NA,NA,NA,0,6.01,"09-11-2015","09:14:00","54212","N","N","MONTGOMERY","UNK",3,0,NA,"","",NA,"","",NA,"","",NA,"","","",39.00839,-77.03974167,1,0,1,"F",1,3,NA,3,88,0,1,88,"P",0,NA,0,"",NA,"U",NA,0,NA,"18-JAN-52","ec70655a-c0ae-41da-ab7d-a5c707325801","MD","","","","A"
"9110","MCP2357001V",1,15,NA,NA,88,NA,NA,NA,NA,0,0,"10/18/2016","9:30:00","54212","N","N","MONTGOMERY","UNK",3,0,NA,"","",NA,"","",NA,"","",NA,"","","",38.98682667,-77.02328833,1,0,1,"M",1,2,NA,3,0,0,1,0,"P",0,NA,0,"",NA,"Y",NA,1,NA,"29-Oct-93","6b0b752c-9da9-46aa-b917-ddfdf21a5308","MD","C","","",""
"9111","MCP23570024",1,15,0,2,3,0,3,1,3,0,6.01,"4/9/2017","10:09:00","54112","Y","N","MONTGOMERY","UNK",1,0,29,"US","",0.48,"N","GEORGIA AVE",0,"F","N",637,"CO","","SILVER SPRING AVE",38.99150667,-77.02683833,2,0,1,"F",1,1,NA,0,3,0,1,0,"P",0,NA,0,"",NA,"N",NA,0,NA,"17-Jun-73","374ce382-c6e1-471d-9343-2c19a17a408b","","","","",""
"9112","MCP23570028",1,15,0,1,0,2,1,1,1,0,7.01,"5/24/2017","14:20:00","54144","N","N","MONTGOMERY","UNK",3,0,320,"MD","",1.04,"N","PINEY BRANCH RD",500,"F","N",746,"CO","","WESSEX RD",38.99185,-77.00989833,1,0,1,"M",1,2,NA,0,6,1,1,52,"P",0,NA,0,"",NA,"Y",NA,88,NA,"26-May-60","848ddcae-c5b8-4444-8983-89275cc1ff3c","MD","C","","","A"
"9113","MCP23570029",1,15,0,2,2,2,3,1,4,0,6.01,"6/7/2017","10:12:00","54144","Y","N","MONTGOMERY","UNK",3,0,29,"US","",0.61,"N","GEORGIA AVE",0,"F","N",7683,"CO","","BONIFANT ST",38.99361833,-77.02660833,1,0,1,"F",1,3,NA,0,5,2,1,51,"P",0,NA,0,"",NA,"N",NA,1,NA,"23-Oct-50","375929cb-1480-433c-af55-99f607c77cd1","MD","C","","","A"
"9114","MCP2358000T",1,15,NA,NA,88,NA,NA,NA,NA,0,3,"04-14-2015","14:03:00","54242","N","N","MONTGOMERY","UNK",3,0,NA,"","",NA,"","",NA,"","",NA,"","","",39.02616667,-77.12721167,1,0,1,"F",1,2,NA,3,88,0,1,88,"P",0,NA,0,"",NA,"",NA,0,NA,"01-DEC-73","18566ecb-d7a5-476d-b292-4c3e2b68eab4","","","","","A"
"9115","MCP23580025",1,15,0,1,88,2,3,1,1,0,6.01,"08-20-2016","07:10:00","54112","N","N","MONTGOMERY","UNK",4,0,166,"CO","",0.73,"W","DEMOCRACY BLVD",20,"F","E",270,"RP","Y","RAMP 2 FR DEMOCRACY BLVD TO IS 270Y NB",38.99748,-77.10974,1,0,1,"M",NA,4,NA,99,88,0,2,53,"P",0,NA,0,"",NA,"N",NA,99,NA,"10-NOV-71  00:00:00","c25f76ce-397f-4b74-ae45-739fb95c24ab","","","","","A"
"9116","MCP2358002G",1,15,0,2,11,2,2,1,1,0,6.01,"11/17/2016","14:37:00","54112","Y","N","MONTGOMERY","UNK",4,0,190,"MD","",8.22,"E","RIVER RD",0,"F","E",1318,"CO","","COUNSELMAN RD",39.01725833,-77.207855,1,0,1,"M",1,3,NA,3,6,0,2,53,"P",0,NA,0,"",NA,"N",NA,21,NA,"15-Jun-61","54290f89-19f4-490e-826d-7f373c768303","","","","","A"
"9117","MCP2358002P",1,15,0,2,88,2,1,1,1,0,6.01,"1/31/2017","15:07:00","54142","N","N","MONTGOMERY","UNK",3,0,148,"CO","",3.99,"N","SEVEN LOCKS RD",0,"F","N",523,"OP","","SCOTLAND DR",39.03110833,-77.16127,1,0,1,"F",1,3,NA,3,5,2,1,51,"P",0,NA,0,"",NA,"N",NA,0,NA,"24-Mar-97","93e74115-6cf6-463d-add7-80f742037504","","","","","A"
"9118","MCP23580033",1,15,0,2,11,2,1,1,1,0,6.01,"4/15/2017","12:03:00","55112","Y","N","MONTGOMERY","UNK",4,0,4690,"CO","",3.93,"N","MACARTHUR BLVD",0,"F","N",148,"CO","","SEVEN LOCKS RD",38.974444,-77.1611859,1,0,1,"M",NA,1,NA,3,6,88,2,51,"P",0,NA,0,"",NA,"U",NA,21,NA,"14-Dec-82","9a003a84-a4aa-4974-bbf4-5c4fee78aa79","","","","",""
"9119","MCP2362000K",1,15,NA,NA,88,NA,NA,NA,NA,0,7.01,"02-16-2015","10:05:00","54214","N","N","MONTGOMERY","UNK",3,0,NA,"","",NA,"","",NA,"","",NA,"","","",39.02194,-76.97585333,1,0,1,"F",1,3,NA,1,88,0,1,56,"P",0,NA,0,"",NA,"",NA,0,NA,"26-FEB-71","cbf3c8c1-eb3a-46e0-93f6-f0198d6a72db","MD","c","","","A"
"9120","MCP2363000B",1,15,NA,2,88,2,1,5,1,4,6.01,"02-18-2015","11:16:00","53142","N","N","MONTGOMERY","UNK",3,2,107,"CO","",0.7,"S","CRESTHAVEN DR",0,"F","S",2625,"CO","","DEVERE DR",39.021585,-76.987954,1,0,1,"F",99,5,NA,0,2,0,1,56,"P",0,NA,0,"",NA,"",NA,1,NA,"01-FEB-66","1d48aad0-93cb-4fe6-9d0c-87eee153a101","MD","","","","A"
"9121","MCP2363000J",3,15,63,2,17,2,3,1,4,0,6.01,"09-07-2015","05:54:00","53142","Y","N","MONTGOMERY","UNK",3,0,355,"MD","",13,"N","FREDERICK RD",0,"F","N",3365,"CO","","S WESTLAND DR",39.12599041,-77.18295693,1,0,1,"F",1,5,NA,3,5,99,1,51,"P",0,NA,0,"",NA,"U",NA,1,NA,"06-JUN-65","d911fd4c-c1b7-447f-add2-0e591a0e51bb","","","","",""
"9122","MCP2363000K",3,15,0,1,88,2,5,1,4,0,6.01,"10-22-2015","06:01:00","53142","N","N","MONTGOMERY","UNK",3,0,29,"US","",4.5,"N","COLUMBIA PIKE",150,"F","N",7490,"CO","","OAK LEAF DR",39.04073629,-76.99623227,1,0,1,"F",1,5,NA,3,88,1,1,88,"P",0,NA,0,"",NA,"U",NA,1,NA,"02-AUG-97","c90c839c-9739-490e-a008-5a22654de14e","MD","","","",""
"9123","MCP2363000M",3,15,130,2,11,2,2,1,4,0,6.01,"12-12-2015","18:54:00","53112","Y","N","MONTGOMERY","UNK",4,0,3815,"CO","",3.02,"E","E GUDE DR",0,"F","E",140,"CO","","SOUTHLAWN LA",39.09762823,-77.13656545,1,0,1,"M",2,5,NA,2,9.05,99,2,51,"P",88,2,0,"",NA,"U",NA,1,NA,"04-MAY-78","bc2acf21-39f0-44d4-a3a5-ee5f0c7898d6","MD","ID","","","B"
"9124","MCP2363000Y",6.02,15,130,2,88,2,1,1,4,0,6.01,"10/4/2016","19:15:00","54132","Y","N","MONTGOMERY","UNK",3,0,355,"MD","",9.45,"N","HUNGERFORD DR",0,"F","N",3356,"MU","","E MIDDLE LA",39.08511469,-77.14820623,1,0,1,"F",99,4,NA,3,9.05,99,1,51,"P",99,99,99,"U",NA,"U",NA,1,NA,"3-May-88","747421ae-843c-485d-9e04-12cbd7b1cb21","MD","C","","","A"
"9125","MCP2370001T",1,15,NA,2,11,2,3,1,4,0,7.01,"06-17-2015","14:23:00","54142","Y","N","MONTGOMERY","UNK",3,0,650,"MD","",3.46,"N","NEW HAMPSHIRE AVE",0,"F","N",104,"CO","","POWDER MILL RD",39.02205333,-76.97723333,1,0,1,"M",99,4,NA,99,6,99,7,88,"P",0,NA,0,"",NA,"",NA,1,NA,"11-JUN-62","cc438bec-4f6c-49e5-9827-3389d24029e5","MD","C","","","A"
"9126","MCP2370002X",1,15,NA,NA,3,NA,NA,NA,NA,0,6.01,"3/9/2017","13:23:00","54242","N","N","MONTGOMERY","UNK",3,0,NA,"","",NA,"","",NA,"","",NA,"","","",39.05101855,-76.9972086,1,0,1,"F",1,2,NA,2,88,1,1,88,"P",0,NA,0,"",NA,"N",NA,1,NA,"2-Feb-90","befcddb8-e28b-437f-9839-64c95a77be64","MD","C","","",""
"9127","MCP2378000K",3,15,NA,NA,17,NA,NA,NA,NA,0,6.01,"12-21-2015","21:35:00","54242","N","N","MONTGOMERY","UNK",3,0,NA,"","",NA,"","",NA,"","",NA,"","","",38.99006,-77.09686667,1,0,1,"F",1,3,NA,99,88,0,1,56,"P",0,NA,0,"",NA,"N",NA,0,NA,"08-MAY-38","3460a41a-23e5-41e3-9039-57a918dd1b97","","","","",""
"9128","MCP2378000P",1,15,140,2,2,2,1,1,1,0,6.01,"08-17-2016","17:23:00","55112","Y","N","MONTGOMERY","UNK",4,0,50,"MU","",0.24,"W","DORSET AVE",0,"F","W",150,"MU","","WARWICK PL",38.96773219,-77.09322497,1,0,1,"M",1,1,NA,3,9.05,0,2,53,"P",0,NA,0,"",NA,"Y",NA,1,NA,"04-NOV-01  00:00:00","bb349278-7ca9-4dc8-a632-1fe317b6c6fa","","","","",""
"9129","MCP2384000Q",3,15,NA,2,88,2,NA,1,1,0,0,"01-08-2015","18:00:00","54112","Y","N","MONTGOMERY","UNK",3,0,90,"MU","",0.11,"N","THE HILLS PLAZA",0,"F","N",51,"MU","","S PARK AVE",38.9633631,-77.08818913,1,0,1,"F",1,3,NA,2,5,1,1,51,"P",0,NA,0,"",NA,"",NA,0,NA,"14-DEC-44","7c4fb622-873e-4554-be31-ebe27385a56c","MD","","","","A"
"9130","MCP2384000S",3,15,NA,NA,88,NA,NA,NA,NA,0,8.04,"02-17-2015","18:14:00","54214","N","N","MONTGOMERY","UNK",2,2,NA,"","",NA,"","",NA,"","",NA,"","","",38.96602167,-77.10498833,1,2,1,"M",1,3,NA,3,88,0,1,88,"P",0,NA,0,"",NA,"",NA,0,NA,"20-MAR-34","b555a1ee-8f1b-4331-b233-853a93a1a60c","","","","","B"