"UNIQUE_ID","REPORT_NO","LIGHT_CODE","COUNTY_NO","MUNI_CODE","JUNCTION_CODE","COLLISION_TYPE_CODE","SURF_COND_CODE","LANE_CODE","RD_COND_CODE","RD_DIV_CODE","FIX_OBJ_CODE","WEATHER_CODE","ACC_DATE","ACC_TIME","LOC_CODE","SIGNAL_FLAG","C_M_ZONE_FLAG","AGENCY_CODE","AREA_CODE","HARM_EVENT_CODE1","HARM_EVENT_CODE2","RTE_NO","ROUTE_TYPE_CODE","RTE_SUFFIX","LOG_MILE","LOGMILE_DIR_FLAG","MAINROAD_NAME","DISTANCE","FEET_MILES_FLAG","DISTANCE_DIR_FLAG","REFERENCE_NO","REFERENCE_TYPE_CODE","REFERENCE_SUFFIX","REFERENCE_ROAD_NAME","LATITUDE","LONGITUDE","drv","occ","ped","SEX_CODE","CONDITION_CODE","INJ_SEVER_CODE","OCC_SEAT_POS_CODE","PED_VISIBLE_CODE","PED_LOCATION_CODE","PED_OBEY_CODE","PED_TYPE_CODE","MOVEMENT_CODE","PERSON_TYPE","ALCOHOL_TEST_CODE","ALCOHOL_TESTTYPE_CODE","DRUG_TEST_CODE","DRUG_TESTRESULT_CODE","BAC_CODE","FAULT_FLAG","EQUIP_PROB_CODE","SAF_EQUIP_CODE","EJECT_CODE","DATE_OF_BIRTH","PERSON_ID","LICENSE_STATE_CODE","CLASS","CDL_FLAG","VEHICLE_ID","EMS_UNIT_LABEL"
"9589","MCP2796002B",3,15,NA,3,17,2,1,1,4,0,7.01,"11-05-2015","17:24:00","55114","N","N","MONTGOMERY","UNK",3,0,NA,"","",0,"","SOUTH LEISUREWORLD BLVD",5,"F","S",NA,"","","GLENEAGLES DR",39.09837,-77.07358833,1,0,1,"F",1,3,NA,3,5,1,1,51,"P",0,NA,0,"",NA,"N",NA,0,NA,"06-JAN-38","f6373cfa-8ac5-4a63-8bd0-d5c3349d7a5a","","","","","A"
"9590","MCP2796002C",1,15,NA,NA,17,NA,NA,NA,NA,0,6.01,"11-06-2015","11:15:00","55222","N","N","MONTGOMERY","UNK",3,0,NA,"","",NA,"","",NA,"","",NA,"","","",39.03438333,-77.04835667,1,0,1,"F",1,3,NA,3,88,0,1,88,"P",0,NA,0,"",NA,"N",NA,0,NA,"11-MAY-57","83abaff8-23b0-45cc-819c-6d05504c3ce6","MD","","","",""
"9591","MCP2796002F",1,15,NA,NA,17,NA,NA,NA,NA,0,6.01,"11-17-2015","13:47:00","54212","N","N","MONTGOMERY","UNK",3,0,NA,"","",NA,"","",NA,"","",NA,"","","",39.08544,-77.07649167,1,0,1,"F",1,3,NA,3,88,0,1,88,"P",0,NA,0,"",NA,"N",NA,0,NA,"18-OCT-62","d9e844c2-e353-41e5-827a-fd615d20ba7f","MD","C","","",""
"9592","MCP2796002Y",3,15,0,1,88,2,2,1,4,0,7.01,"12-29-2015","18:47:00","54142","N","N","MONTGOMERY","UNK",3,0,182,"MD","",0.052,"N","LAYHILL RD",50,"F","N",0,"UU","","ENT TO SHOPPING CENTER",39.06159333,-77.05088667,1,0,1,"M",1,3,NA,2,6,1,1,52,"P",0,NA,0,"",NA,"Y",NA,0,NA,"25-AUG-37","b9afb98f-47e5-4a33-acf4-bb3e79ea3d68","MD","","","","A"
"9593","MCP2796003K",3,15,0,2,17,1,NA,1,1,0,3,"07-30-2016","22:40:00","54144","Y","N","MONTGOMERY","UNK",3,0,97,"MD","",17.02,"N","GEORGIA AVE",0,"F","N",650,"MD","","DAMASCUS RD",39.22143,-77.05992167,1,0,1,"M",1,2,NA,4,6,0,88,56,"P",0,NA,0,"",NA,"N",NA,25.88,NA,"27-NOV-91  00:00:00","8e9025d8-f296-4c06-b5a0-494878065737","MD","C","","","A"
"9594","MCP2797001B",1,15,0,2,88,2,NA,1,4,0,6.01,"11/11/2016","16:02:00","54144","Y","N","MONTGOMERY","UNK",1,3,193,"MD","",1.39,"E","UNIVERSITY BLVD W",0,"F","E",865,"CO","","GRANDVIEW AVE",39.04110833,-77.053285,1,0,1,"M",1,2,NA,3,9.05,2,1,51,"P",0,NA,0,"",NA,"N",NA,0,NA,"1-Jan-99","a79c5274-23fb-4d04-8f3c-8743199b5100","","","","","A"
"9595","MCP27980017",3,15,NA,NA,88,NA,NA,NA,NA,0,6.01,"11-11-2015","21:28:00","55142","N","N","MONTGOMERY","UNK",3,2,NA,"","",NA,"","",NA,"","",NA,"","","",39.04617333,-76.990255,1,0,1,"F",1,2,NA,2,88,1,1,88,"P",0,NA,0,"",NA,"N",NA,1,NA,"05-OCT-94","2c8a55b1-15c6-4d92-b749-306581014270","MD","","","","A"
"9596","MCP2798002Y",1,15,0,2,17,1,1,1,3,11,3,"5/11/2017","15:39:00","55144","Y","N","MONTGOMERY","UNK",3,9,4359,"CO","",0.92,"S","CHERRY HILL RD",0,"F","S",6020,"CO","","PLUM ORCHARD DR",39.05293167,-76.95316333,1,2,1,"F",1,1,NA,3,9.05,3,1,51,"P",0,NA,0,"",NA,"Y",NA,1,NA,"18-Dec-93","48f63274-57be-4cc8-ba52-b1a2b340ccc5","","","","",""
"9597","MCP27990016",1,15,0,3,11,1,NA,1,1,0,3,"10-22-2015","17:57:00","55122","N","N","MONTGOMERY","UNK",4,0,4297,"CO","",0.35,"S","SPARTAN RD",10,"F","S",0,"UU","","TOWN CENTER DR",39.15255243,-77.06085205,1,0,1,"M",1,1,NA,3,3,1,2,51,"P",0,NA,0,"",NA,"Y",NA,1,NA,"12-SEP-03","7b6dff19-cf75-4cb9-a9d6-c9d7f81e44c3","","","","",""
"9598","MCP2799001F",3,15,0,3,11,2,1,1,1,0,6.01,"03-16-2016","20:16:00","54114","Y","N","MONTGOMERY","UNK",3,3,4012,"CO","",0.95,"E","MORNINGWOOD DR",10,"F","E",5706,"CO","","HEADWATERS DR",39.1530017,-77.07724571,1,0,1,"F",NA,3,NA,3,9.05,1,1,51,"P",0,NA,0,"",NA,"N",NA,1,NA,"30-JUL-84","977f67bf-b296-4ea5-9885-bf651580e436","","","","","A"
"9599","MCP2799001V",1,15,0,2,11,2,NA,1,1,0,6.01,"08-01-2016","16:56:00","54142","Y","N","MONTGOMERY","UNK",3,3,4297,"CO","",0.28,"S","SPARTAN RD",0,"F","S",108,"MD","","OLNEY SANDY SPRING RD",39.15065028,-77.06218779,1,0,1,"M",NA,1,NA,3,6,3,1,55,"P",0,NA,0,"",NA,"Y",NA,1,NA,"24-FEB-03  00:00:00","f3aad46e-60e8-43d8-99fc-5f944ab7c484","","","","","A"
"9600","MCP2800001W",1,15,NA,2,88,2,3,1,4,0,6.01,"03-24-2015","17:15:00","54142","Y","N","MONTGOMERY","UNK",3,3,187,"MD","",2.93,"N","OLD GEORGETOWN RD",0,"F","N",316,"CO","","LONE OAK DR",39.02067667,-77.122255,1,0,2,"F",1,2,NA,3,5,2,1,51,"P",0,NA,0,"",NA,"",NA,0,NA,"12-SEP-99","15e82374-5782-4ed3-8534-f85c1186a9f8","","","","",""
"9601","MCP2800001W",1,15,NA,2,88,2,3,1,4,0,6.01,"03-24-2015","17:15:00","54142","Y","N","MONTGOMERY","UNK",3,3,187,"MD","",2.93,"N","OLD GEORGETOWN RD",0,"F","N",316,"CO","","LONE OAK DR",39.02067667,-77.122255,1,0,2,"F",1,2,NA,3,5,2,1,51,"P",0,NA,0,"",NA,"",NA,0,NA,"06-AUG-99","e08f5cf5-3018-47c0-a751-4089663c4fde","","","","",""
"9602","MCP28000020",1,15,NA,1,88,2,1,1,4,88,6.01,"05-28-2015","15:50:00","5411-2","N","N","MONTGOMERY","UNK",3,0,355,"MD","",1.36,"N","WISCONSIN AVE",100,"F","N",385,"CO","","WOODMONT AVE",38.98217167,-77.093205,1,0,1,"F",1,3,NA,3,6,88,1,52,"P",0,NA,0,"",NA,"",NA,0,NA,"08-JAN-87","710a7903-bd07-482c-b563-197802d1fb65","MD","c","","",""
"9603","MCP28000023",1,15,NA,2,88,2,3,1,4,0,6.01,"06-09-2015","17:45:00","5421-2","N","N","MONTGOMERY","UNK",4,0,187,"MD","",1.9,"N","OLD GEORGETOWN RD",0,"F","N",322,"CO","","ALTA VISTA RD",39.00713667,-77.11219,1,0,1,"M",1,3,NA,3,5,1,2,51,"P",0,NA,0,"",NA,"",NA,21,NA,"10-APR-62","522c1bd4-65e5-488f-bddf-a8771dca07fe","MD","c","","",""
"9604","MCP2801001Z",3,15,0,2,88,2,1,1,3,0,6.01,"6/4/2017","2:51:00","5414","N","N","MONTGOMERY","UNK",3,3,637,"CO","",0.03,"E","SILVER SPRING AVE",0,"F","E",2106,"CO","","MAYOR LA",38.99164581,-77.02596992,1,1,2,"M",1,2,NA,88,0,0,1,0,"P",0,NA,0,"",NA,"N",NA,1,NA,"1-Jan-80","e7ab3d13-89c9-4034-8ab3-2d89b3c4d4c6","","","","",""
"9605","MCP2801001Z",3,15,0,2,88,2,1,1,3,0,6.01,"6/4/2017","2:51:00","5414","N","N","MONTGOMERY","UNK",3,3,637,"CO","",0.03,"E","SILVER SPRING AVE",0,"F","E",2106,"CO","","MAYOR LA",38.99164581,-77.02596992,1,1,2,"F",1,3,NA,2,0,0,1,0,"P",0,NA,0,"",NA,"N",NA,1,NA,"17-May-75","41f52208-df23-4744-84df-6855779b62e9","","","","",""
"9606","MCP28050015",4,15,NA,NA,88,NA,NA,NA,NA,0,7.01,"01-21-2015","19:14:00","54242","N","N","MONTGOMERY","UNK",3,0,NA,"","",NA,"","",NA,"","",NA,"","","",39.18607,-77.19134333,1,0,1,"F",1,2,NA,3,5,99,1,99,"P",0,NA,0,"",NA,"",NA,0,NA,"01-SEP-42","5a6e218a-7453-4ef9-b2be-212a7b893853","MD","C","","","A"
"9607","MCP2805001V",3,15,NA,NA,17,NA,NA,NA,NA,0,3,"02-23-2016","18:49:00","54242","N","N","MONTGOMERY","UNK",3,0,NA,"","",NA,"","",NA,"","",NA,"","","",39.14579,-77.14477667,1,0,1,"F",1,2,NA,2,5,1,1,88,"P",0,NA,0,"",NA,"N",NA,0,NA,"18-MAR-59","82fc0eb1-a088-4ea9-ba69-8e843d25d045","MD",NA,"","","A"
"9608","MCP28050020",3,15,0,2,17,2,1,1,4,0,6.01,"09-02-2016","20:19:00","54142","N","N","MONTGOMERY","UNK",3,0,4119,"CO","",0.27,"S","LOST KNIFE RD",0,"F","S",4120,"CO","","CONTOUR RD",39.15483167,-77.20111,1,0,1,"F",0,3,NA,0,5,1,1,51,"P",0,NA,0,"",NA,"N",NA,0,NA,"01-NOV-51  00:00:00","7aee0f89-3daa-4eae-a76e-1df59e40b893","","","","","A"
"9609","MCP28050021",3,15,0,0,17,1,1,1,1,0,3,"09-29-2016","20:07:00","54142","Y","N","MONTGOMERY","UNK",3,0,4120,"CO","",0.44,"N","CONTOUR RD",0,"F","N",4861,"CO","","ODENDHAL AVE",39.15244,-77.19595667,1,0,1,"M",1,2,NA,2,5,99,2,52,"P",0,NA,0,"",NA,"U",NA,1,NA,"19-SEP-82  00:00:00","8f613db2-fe19-456a-b4a0-8fd459481906","","","","","A"
"9610","MCP2809001J",5.02,15,NA,2,88,1,NA,1,4,0,3,"01-26-2015","07:00:00","54142","Y","N","MONTGOMERY","UNK",3,0,193,"MD","",3.19,"E","UNIVERSITY BLVD W",0,"F","E",2254,"CO","","CADDINGTON AVE",39.03357,-77.0238,1,0,1,"M",1,2,NA,3,99,99,1,62.88,"P",0,NA,0,"",NA,"",NA,1,NA,"08-MAR-98","4a719e47-0eec-4243-80a5-0ce8d8af52e1","","","","","A"
"9611","MCP28090020",1,15,NA,2,88,2,2,1,4,0,0,"06-11-2015","13:37:00","54142","Y","N","MONTGOMERY","UNK",3,0,193,"MD","",3.19,"E","UNIVERSITY BLVD W",0,"F","E",2232,"CO","","GABEL ST",39.033415,-77.02409333,1,0,1,"M",1,2,NA,3,6,99,1,52,"P",0,NA,0,"",NA,"",NA,0,NA,"25-JUN-98","a39fa0d6-8792-4f2c-a996-6cf8d2419e8a","","","","","A"
"9612","MCP28090026",1,15,NA,NA,88,NA,NA,NA,NA,0,0,"09-09-2015","13:40:00","54242","N","N","MONTGOMERY","UNK",3,0,NA,"","",NA,"","",NA,"","",NA,"","","",39.05783667,-77.04875833,1,0,1,"F",1,2,NA,0,0,0,88,88,"P",0,NA,0,"",NA,"N",NA,0,NA,"19-DEC-49","29788fd1-54f4-467e-a018-33ba5bd0dc45","","","","",""
"9613","MCP2809002S",1,15,0,0,88,0,1,1,4,0,6.01,"01-05-2016","13:22:00","54142","N","N","MONTGOMERY","UNK",4,0,193,"MD","",1.39,"E","UNIVERSITY BLVD W",30,"F","E",865,"CO","","GRANDVIEW AVE",39.042895,-77.0529,1,0,1,"M",1,2,NA,3,6,0,2,52,"P",0,NA,0,"",NA,"Y",NA,1,NA,"21-MAR-95","0c7a94d6-3334-4a7d-be12-bec690375555","","","","","A"
"9614","MCP2810000K",3,15,NA,NA,88,NA,NA,NA,NA,0,3,"01-08-2016","18:34:00","54242","N","N","MONTGOMERY","UNK",3,0,NA,"","",NA,"","",NA,"","",NA,"","","",39.15383368,-77.19800279,1,0,1,"M",0,3,NA,3,88,0,1,88,"P",0,NA,0,"",NA,"N",NA,0,NA,"16-SEP-63","f5ec6fd5-c64a-4a40-ab11-54a59af25265","","","","","A"
"9615","MCP28120011",1,15,NA,3,17,2,1,1,1,0,6.01,"02-03-2015","10:09:00","","Y","N","MONTGOMERY","UNK",3,0,629,"CO","",0.21,"E","FENTON ST",10,"F","E",684,"CO","","ELLSWORTH DR",38.99688,-77.02540833,1,0,1,"F",1,2,NA,0,5,2,1,51,"P",0,NA,0,"",NA,"",NA,0,NA,"15-NOV-88","2d60ad7c-9329-47b4-9d4c-c951555264da","","","","",""
"9616","MCP28120017",1,15,NA,0,17,2,3,1,1,0,6.01,"06-28-2015","12:13:00","","N","N","MONTGOMERY","UNK",3,0,29,"US","",1.04,"N","COLESVILLE RD",100,"F","N",598,"CO","","SPRING ST",38.99976333,-77.02590333,1,0,1,"F",1,3,NA,0,5,1,1,52,"P",0,NA,0,"",NA,"",NA,0,NA,"17-NOV-88","ec6f394a-3eb5-486d-ad93-1971c2ba2fd1","","","","",""
"9617","MCP2812001S",3,15,0,2,17,2,2,1,4,0,6.01,"12-18-2015","23:40:00","54112","Y","N","MONTGOMERY","UNK",3,0,97,"MD","",0.31,"N","GEORGIA AVE",0,"F","N",598,"CO","","SPRING ST",38.99944794,-77.03172594,1,0,1,"F",0,3,NA,99,5,3,1,51,"P",0,NA,0,"",NA,"U",NA,0,NA,"18-DEC-15","ea145d40-83ec-4e85-a363-91a17b1da7e5","","","","",""
"9618","MCP2813000V",1,15,NA,2,17,4,1,1,1,0,8.04,"01-06-2015","08:04:00","54124","Y","N","MONTGOMERY","UNK",3,0,1420,"CO","",0.51,"S","CENTERHILL ST",0,"F","S",1419,"CO","","BLUHILL RD",39.05038833,-77.07255167,1,0,1,"M",1,4,NA,2,88,1,1,57,"P",0,NA,0,"",NA,"",NA,0,NA,"24-DEC-67","ce10b1e5-9766-48e1-8b9e-8e1acdf21810","","","","","A"
"9619","MCP2813000X",3,15,NA,2,17,1,1,1,4,0,3,"02-09-2015","22:10:00","54142","Y","N","MONTGOMERY","UNK",3,0,864,"CO","",0.09,"E","REEDIE DR",0,"F","E",97,"MD","","GEORGIA AVE",39.03984667,-77.04851333,1,0,1,"M",1,2,NA,2,9.05,2,1,53,"P",0,NA,0,"",NA,"",NA,0,NA,"22-APR-92","f1b6035a-9211-4d8c-9b42-6d9f82ceb9ae","","","","","A"
"9620","MCP28130016",1,15,NA,NA,17,NA,NA,NA,NA,0,6.01,"06-26-2015","15:10:00","54112","N","N","MONTGOMERY","UNK",4,0,NA,"","",NA,"","",NA,"","",NA,"","","",39.03275667,-77.04888667,1,0,1,"M",1,2,NA,1,1,1,2,54,"P",0,NA,0,"",NA,"",NA,0,NA,"17-DEC-66","dc2d21eb-e9d6-4d88-8630-6386ec4b7705","","","","","A"
"9621","MCP2813001L",3,15,0,1,17,2,1,1,2,0,6.01,"11-15-2015","17:15:00","54142","N","N","MONTGOMERY","UNK",3,0,1423,"CO","",0.36,"S","VALLEYWOOD DR",10,"F","S",1142,"CO","","MEDWAY ST",39.05404333,-77.06722167,1,1,1,"M",1,2,NA,1,2,1,1,55,"P",0,NA,0,"",NA,"Y",NA,1,NA,"10-OCT-09","5babd51c-ffb9-428b-8499-50edc28bee22","","","","","A"
"9622","MCP2813002P",1,15,NA,NA,17,NA,NA,NA,NA,0,6.01,"10/10/2016","16:54:00","54244","N","N","MONTGOMERY","UNK",3,0,NA,"","",NA,"","",NA,"","",NA,"","","",39.04161333,-77.05368,1,0,1,"F",1,2,NA,1,3,0,1,53,"P",0,NA,0,"",NA,"N",NA,1,NA,"9-Feb-81","eef37eef-f125-4f7f-b3e2-4c8702aef5af","MD","C","","",""
"9623","MCP2813002R",4,15,0,2,17,2,1,1,1,0,6.01,"1/27/2017","19:23:00","54142","N","N","MONTGOMERY","UNK",3,0,1934,"CO","",0.25,"S","EISNER ST",0,"F","S",695,"CO","","EDGEWOOD AVE",39.03024167,-77.02002833,1,0,1,"F",1,2,NA,3,10.88,1,1,51,"P",0,NA,0,"",NA,"N",NA,0,NA,"1-Jan-47","43f46101-0a07-4a54-85f7-1d6880d0f899","","","","","A"
"9624","MCP28130031",3,15,0,0,17,2,1,1,3,0,7.01,"4/11/2017","20:30:00","5514","Y","N","MONTGOMERY","UNK",3,0,1884,"CO","",0.1,"W","PRICE AVE",5,"F","E",97,"MD","","GEORGIA AVE",39.04013006,-77.05117196,1,0,1,"F",1,1,NA,1,5,1,1,51,"P",0,NA,0,"",NA,"N",NA,0,NA,"6-May-84","12561e84-13fe-4bcd-bfbe-f870c9af2c21","MD","C","","",""
"9625","MCP2816000Y",7.88,15,NA,2,2,1,NA,1,1,0,0,"01-18-2015","18:43:00","54144","Y","N","MONTGOMERY","UNK",3,0,355,"MD","",7.36,"N","ROCKVILLE PIKE",0,"F","N",1332,"MU","","HALPINE RD",39.06174,-77.12406167,1,0,1,"M",1,2,NA,2,9.05,2,6,51,"P",0,NA,0,"",NA,"",NA,1,NA,"21-MAR-43","1b8964d7-25c0-4da6-b34d-1b3f3f3a677c","MD","C","","","A"
"9626","MCP28160011",1,15,NA,1,3,2,2,1,4,0,6.01,"05-04-2015","17:37:00","55112","N","N","MONTGOMERY","UNK",1,1,2970,"MU","",2.07,"S","TWINBROOK PKWY",150,"F","S",650,"MU","","CHAPMAN AVE",39.05886,-77.11837167,3,0,1,"M",1,1,NA,4,3,0,2,88,"P",0,NA,0,"",NA,"",NA,21,NA,"20-FEB-63","529f0c9b-a86b-4552-8c63-4d4b0d3412d0","","","","",""
"9627","MCP2818000X",1,15,NA,NA,0,NA,NA,NA,NA,0,7.01,"02-23-2015","16:43:00","54342","N","N","MONTGOMERY","UNK",3,0,NA,"","",NA,"","",NA,"","",NA,"","","",39.00847,-77.04448,1,1,1,"F",1,2,NA,0,0,0,1,57,"P",0,NA,0,"",NA,"",NA,0,NA,"09-FEB-99","15d0a531-c393-4eba-a76e-c4168c29ee7a","","","","","A"
"9628","MCP2818001H",4,15,0,2,0,1,2,1,1,0,3,"12-14-2015","17:20:00","54122","Y","N","MONTGOMERY","UNK",3,0,97,"MD","",0.13,"N","GEORGIA AVE",0,"F","N",600,"CO","","CAMERON ST",38.99755333,-77.02970333,1,0,1,"F",1,3,NA,3,9.05,2,1,51,"P",0,NA,0,"",NA,"N",NA,0,NA,"30-DEC-74","14582517-2166-4199-afa6-6d30e9185f65","MD","C","","","A"
"9629","MCP2818001W",1,15,0,2,88,2,3,1,0,88,6.01,"06-08-2016","17:00:00","54144","Y","N","MONTGOMERY","UNK",3,0,97,"MD","",0.13,"N","GEORGIA AVE",0,"F","N",600,"CO","","CAMERON ST",38.99769833,-77.02968333,1,0,1,"F",1,2,NA,3,9.05,2,1,51,"P",0,NA,0,"",NA,"N",NA,0,NA,"20-AUG-67","4fe83547-1427-491c-8ee2-43c3d39edaee","MD","C","","","A"
"9630","MCP28180020",4,15,0,2,88,2,1,1,1,0,6.01,"06-29-2016","20:46:00","54144","Y","N","MONTGOMERY","UNK",3,0,29,"US","",0.93,"N","COLESVILLE RD",0,"F","N",629,"CO","","FENTON ST",38.997555,-77.02683333,1,0,1,"F",1,2,NA,3,9.05,2,1,51,"P",0,NA,0,"",NA,"N",NA,0,NA,"19-NOV-96","2196a792-f43d-4210-97e2-46afe870d4a1","PA","ID","","","A"
"9631","MCP28180022",0,15,0,2,88,2,1,1,1,0,6.01,"08-13-2016","17:37:00","54144","Y","N","MONTGOMERY","UNK",3,3,629,"CO","",0.11,"E","FENTON ST",0,"F","E",29,"US","","COLESVILLE RD",38.99752833,-77.02718167,1,0,2,"M",1,3,NA,2,9.05,2,1,51,"P",0,NA,0,"",NA,"N",NA,0,NA,"22-JAN-83  00:00:00","726029e9-22e4-401b-bf8f-47182a4389b4","DC","C","","","A"
"9632","MCP28180022",0,15,0,2,88,2,1,1,1,0,6.01,"08-13-2016","17:37:00","54144","Y","N","MONTGOMERY","UNK",3,3,629,"CO","",0.11,"E","FENTON ST",0,"F","E",29,"US","","COLESVILLE RD",38.99752833,-77.02718167,1,0,2,"F",1,3,NA,3,9.05,2,1,51,"P",0,NA,0,"",NA,"N",NA,0,NA,"29-OCT-92  00:00:00","dae2f9d7-3e9e-4983-aa6b-feb3a35895be","","","","","A"
"9633","MCP28180029",3,15,0,2,17,1,NA,1,4,10,3,"10/27/2016","20:03:00","54112","Y","N","MONTGOMERY","UNK",9,10,97,"MD","",0.31,"N","GEORGIA AVE",0,"F","N",598,"CO","","SPRING ST",39.17508,-77.197045,1,0,1,"F",1,2,NA,0,3,0,1,0,"P",0,NA,0,"",NA,"N",NA,0,NA,"28-Jun-79","e896d79b-9f51-4917-919d-475ee8923ea0","VA","C","","","A"
"9634","MCP2818002V",1,15,0,2,0,2,2,1,1,0,0,"6/9/2017","19:44:00","54144","Y","N","MONTGOMERY","UNK",3,0,4592,"CO","",0.14,"E","SLIGO AVE",0,"F","E",629,"CO","","FENTON ST",38.990385,-77.02352,1,0,1,"M",1,2,NA,1,5,2,1,51,"P",0,NA,0,"",NA,"N",NA,0,NA,"2-Mar-09","d4048872-45ec-4c03-986b-f828d2fc1da2","MD","C","","",""
"9635","MCP2820001P",1,15,0,0,88,2,1,0,1,0,0,"10-18-2015","14:01:00","54114","N","N","MONTGOMERY","UNK",3,2,2754,"CO","",0.16,"W","CHADWICK LA",500,"F","E",2756,"CO","","MERTON RD",39.09133333,-77.08547167,1,0,1,"F",1,4,NA,3,1,0,1,56,"P",0,NA,0,"",NA,"N",NA,1,NA,"09-AUG-74","99164813-04c3-493a-b5f2-ba5f8eb5bdaa","MD","c","","","A"
"9636","MCP2820002C",1,15,0,9.04,11,0,3,1,4,0,6.01,"08-10-2016","08:54:00","54122","N","N","MONTGOMERY","UNK",4,0,97,"MD","",6.75,"N","GEORGIA AVE",NA,"M","N",142,"CO","","ASPEN HILL RD",39.07884147,-77.07236409,1,0,1,"M",1,2,NA,88,6,0,2,53,"P",0,NA,0,"",NA,"N",NA,21,NA,"27-NOV-46  00:00:00","90485684-4f65-44c9-9af3-a1f1e080abce","","","","","A"
"9637","MCP28230012",1,15,NA,NA,88,NA,NA,NA,NA,2,6.01,"02-03-2015","16:37:00","54114","N","N","MONTGOMERY","UNK",9,3,NA,"","",NA,"","",NA,"","",NA,"","","",39.08039167,-77.08152667,1,0,1,"M",NA,3,NA,1,15.88,1,1,56,"P",0,NA,0,"",NA,"",NA,0,NA,"17-JUL-85","18e9e4d5-e450-45e7-85d1-42a67122add9","MD","","","","A"
"9638","MCP2823002R",1,15,0,1,88,2,1,1,2,0,7.01,"5/1/2017","16:13:00","55142","N","N","MONTGOMERY","UNK",4,0,2244,"CO","",0,"S","VEIRS MILL RD",200,"F","S",2143,"CO","","GAYNOR RD",39.06103273,-77.09166527,1,0,1,"M",1,1,NA,4,88,0,2,53,"P",0,NA,0,"",NA,"N",NA,21,NA,"30-Mar-82","8ba7a91a-fa78-4a3a-ad0a-1b9125bd52be","KS","","","",""
"9639","MCP2824001G",1,15,130,1,88,2,1,1,1,0,6.01,"09-16-2015","16:50:00","54114","N","N","MONTGOMERY","UNK",4,0,3050,"MU","",0.3,"E","VEIRS DR",0,"F","W",2362,"CO","","OAKWOOD DR",39.077609,-77.196532,1,0,1,"F",1,2,NA,1,1,0,2,53,"P",0,NA,0,"",NA,"N",NA,21,NA,"22-MAR-58","3befd4af-e5b3-46e3-8dc4-7636f685915d","MD","c","","",""
"9640","MCP2825000M",3,15,0,2,88,2,NA,1,4,0,6.01,"12-05-2015","22:34:00","54144","Y","N","MONTGOMERY","UNK",3,0,97,"MD","",2.65,"N","GEORGIA AVE",0,"F","N",293,"CO","","PLYERS MILL RD",39.03007749,-77.04779506,1,0,1,"F",1,3,NA,2,5,2,1,51,"P",0,NA,0,"",NA,"N",NA,0,NA,"05-JAN-95","4b0651d8-73e8-4e5f-86fa-2e51fbfe318e","","na","","","A"
"9641","MCP28270014",1,15,NA,0,11,1,1,1,1,0,3,"05-27-2015","16:53:00","54112","Y","N","MONTGOMERY","UNK",4,0,4272,"CO","",0.71,"N","QUEEN ELIZABETH DR",0,"F","N",4290,"CO","","ROLLING ACRES WAY",39.16139,-77.07441833,1,0,1,"F",1,3,NA,0,6,0,2,51,"P",0,NA,0,"",NA,"",NA,21,NA,"22-MAY-00","57a567fe-19a2-461d-985d-7c8ecd871644","","","","","A"
"9642","MCP2829001J",3,15,0,2,88,2,2,3,4,0,6.01,"08-14-2015","21:48:00","54144","Y","N","MONTGOMERY","UNK",3,0,109,"CO","",1.012,"N","LOCKWOOD DR",0,"F","N",0,"UU","","ENT TO SHOPPING CENTER",39.004363,-76.996607,1,1,1,"F",1,3,NA,3,99,3,1,51,"P",0,NA,0,"",NA,"Y",NA,1,NA,"10-MAY-94","c5f04910-63bb-4de1-89fb-761674623a04","MD","LRNR","","","A"
"9643","MCP2829001K",3,15,0,1,88,2,1,3,3,0,7.01,"08-23-2015","22:02:00","54142","N","N","MONTGOMERY","UNK",3,0,109,"CO","",0.8,"N","LOCKWOOD DR",100,"F","S",650,"MD","","NEW HAMPSHIRE AVE",39.03932833,-76.99142,1,0,1,"M",1,3,NA,2,6,1,1,52,"P",0,NA,0,"",NA,"Y",NA,1,NA,"17-NOV-00","5fd5c1a0-941b-49b2-9125-9bb56e61a992","MD","ID","","","A"
"9644","MCP28290034",3,15,0,0,88,2,2,1,4,0,7.01,"5/11/2017","5:08:00","5412","N","N","MONTGOMERY","UNK",4,0,320,"MD","",2.09,"N","PINEY BRANCH RD",0,"F","N",193,"MD","","UNIVERSITY BLVD E",38.99609,-77.11640667,1,0,1,"M",1,4,NA,99,6,0,2,53,"P",0,NA,0,"",NA,"N",NA,21,NA,"13-Nov-75","ffa78389-f251-43a3-8891-a0de8ec2b311","XX","XX","","","A"
"9645","MCP28300019",88,15,NA,2,88,2,1,1,1,0,7.01,"02-09-2015","11:19:00","5414-2","Y","N","MONTGOMERY","UNK",3,0,1114,"CO","",0.63,"E","GLENALLAN AVE",0,"F","E",1659,"CO","","RANDOLPH RD",39.06076833,-77.04522833,1,0,1,"M",1,2,NA,0,5,2,1,51,"P",0,NA,0,"",NA,"",NA,1,NA,"18-JUN-38","3baff79e-39d1-41f0-8642-aa55404320e8","","","","","A"