"UNIQUE_ID","REPORT_NO","LIGHT_CODE","COUNTY_NO","MUNI_CODE","JUNCTION_CODE","COLLISION_TYPE_CODE","SURF_COND_CODE","LANE_CODE","RD_COND_CODE","RD_DIV_CODE","FIX_OBJ_CODE","WEATHER_CODE","ACC_DATE","ACC_TIME","LOC_CODE","SIGNAL_FLAG","C_M_ZONE_FLAG","AGENCY_CODE","AREA_CODE","HARM_EVENT_CODE1","HARM_EVENT_CODE2","RTE_NO","ROUTE_TYPE_CODE","RTE_SUFFIX","LOG_MILE","LOGMILE_DIR_FLAG","MAINROAD_NAME","DISTANCE","FEET_MILES_FLAG","DISTANCE_DIR_FLAG","REFERENCE_NO","REFERENCE_TYPE_CODE","REFERENCE_SUFFIX","REFERENCE_ROAD_NAME","LATITUDE","LONGITUDE","drv","occ","ped","SEX_CODE","CONDITION_CODE","INJ_SEVER_CODE","OCC_SEAT_POS_CODE","PED_VISIBLE_CODE","PED_LOCATION_CODE","PED_OBEY_CODE","PED_TYPE_CODE","MOVEMENT_CODE","PERSON_TYPE","ALCOHOL_TEST_CODE","ALCOHOL_TESTTYPE_CODE","DRUG_TEST_CODE","DRUG_TESTRESULT_CODE","BAC_CODE","FAULT_FLAG","EQUIP_PROB_CODE","SAF_EQUIP_CODE","EJECT_CODE","DATE_OF_BIRTH","PERSON_ID","LICENSE_STATE_CODE","CLASS","CDL_FLAG","VEHICLE_ID","EMS_UNIT_LABEL"
"9817","MCP2912000P",1,15,NA,NA,0,NA,NA,NA,NA,0,8.04,"03-05-2015","10:41:00","54242","N","N","MONTGOMERY","UNK",3,0,NA,"","",NA,"","",NA,"","",NA,"","","",38.96288833,-77.08758,1,0,1,"F",1,2,NA,2,88,1,1,99,"P",0,NA,0,"",NA,"",NA,0,NA,"05-OCT-46","9af7ed17-3a87-4f41-a456-5ccec472d3ad","VA","","","","A"
"9818","MCP2912000Z",1,15,NA,1,11,2,1,1,1,0,6.01,"06-30-2015","14:28:00","54142","N","N","MONTGOMERY","UNK",3,0,NA,"CO","",0.26,"N","SEVEN LOCKS RD",180,"F","N",NA,"CO","","ARCHBOLD TERR",38.9797,-77.16118333,1,0,1,"F",1,2,NA,2,6,0,1,52,"P",0,NA,0,"",NA,"",NA,1,NA,"09-JUN-99","666a43fd-19fe-43d6-8403-1082a319c51c","MD","","","","A"
"9819","MCP2914001Q",1,15,0,5.01,88,1,NA,0,1,0,3,"09-21-2015","16:19:00","55142","Y","N","MONTGOMERY","UNK",3,0,193,"MD","",4.85,"E","UNIVERSITY BLVD E",0,"F","E",495,"RP","","RAMP 2 FR IS 495 WB TO MD 193 NB",39.015865,-77.005225,1,0,1,"F",1,1,NA,3,9.05,1,2,51,"P",0,NA,0,"",NA,"N",NA,21,NA,"24-DEC-80","79ec10a5-66f7-4791-832e-aab756442c39","MD","c","","",""
"9820","MCP2914002D",3,15,0,0,88,0,3,1,4,0,6.01,"01-11-2016","19:43:00","54142","Y","N","MONTGOMERY","UNK",3,0,650,"MD","",2.96,"N","NEW HAMPSHIRE AVE",5,"F","S",1385,"CO","","OAKVIEW DR",39.01540339,-76.97794229,1,0,1,"M",0,3,NA,2,9.05,2,1,51,"P",0,NA,0,"",NA,"N",NA,1,NA,"29-APR-97","4f771404-e990-4f1c-9f4c-6263a51035c3","MD","C-LRN","","","A"
"9821","MCP2914003L",5.02,15,0,2,88,0,NA,0,4,0,6.01,"10/5/2016","5:30:00","54122","Y","N","MONTGOMERY","UNK",4,0,650,"MD","",2.68,"N","NEW HAMPSHIRE AVE",0,"F","N",4542,"CO","","ADELPHI RD",39.01145616,-76.97879657,1,0,1,"M",0,3,NA,99,9.05,2,2,51,"P",0,NA,0,"",NA,"N",NA,1,NA,"9-May-99","4e8cbdf3-8e7d-46e3-8c78-733c69f61aaf","","","","",""
"9822","MCP2914004H",1,15,NA,NA,88,NA,NA,NA,NA,0,6.01,"5/18/2017","16:40:00","54242","N","N","MONTGOMERY","UNK",3,0,NA,"","",NA,"","",NA,"","",NA,"","","",39.015295,-76.976085,1,0,1,"F",0,3,NA,3,6,1,1,52,"P",0,NA,0,"",NA,"Y",NA,1,NA,"11-Sep-10","cf4889f1-2623-4ba9-9642-fcb122646663","MD","C","","",""
"9823","MCP29190008",1,15,NA,2,17,2,2,1,4,0,6.01,"05-13-2015","07:21:00","54142","Y","N","MONTGOMERY","UNK",3,0,668,"CO","",0.17,"E","WAYNE AVE",0,"F","E",29,"US","","GEORGIA AVE",38.9945977,-77.02675581,1,0,1,"M",1,3,NA,1,9.05,3,1,51,"P",0,NA,0,"",NA,"",NA,0,NA,"13-OCT-47","f4f465f5-b7d9-4ac8-ae1b-be620f892d7c","","","","",""
"9824","MCP29190010",1,15,0,2,17,2,2,1,4,0,6.01,"11-20-2015","08:44:00","54114","Y","N","MONTGOMERY","UNK",3,0,390,"MD","",0.16,"N","16TH ST",0,"F","N",410,"MD","","EAST WEST HWY",38.99442259,-77.03610063,1,0,1,"M",1,2,NA,0,5,2,1,51,"P",0,NA,0,"",NA,"N",NA,0,NA,"03-DEC-87","3cdb75ab-a77f-437a-bf69-f0c057ed9bde","","c","","","A"
"9825","MCP2919001F",1,15,0,0,88,2,1,1,1,0,6.01,"04-26-2016","12:49:00","55114","N","N","MONTGOMERY","UNK",1,0,97,"MD","",1.05,"N","GEORGIA AVE",50,"F","N",614,"CO","","CORWIN DR",39.00801309,-77.03996971,2,0,1,"M",1,1,NA,0,15.88,0,88,0,"P",0,NA,0,"",NA,"Y",NA,0,NA,"15-SEP-60","feebcba3-8092-40b9-a768-ffa070c3c26b","MD","C","","",""
"9826","MCP2919001H",1,15,0,0,88,2,1,1,1,0,6.01,"05-04-2016","07:03:00","54114","Y","N","MONTGOMERY","UNK",3,0,599,"CO","",0.15,"S","FENWICK LA",0,"F","N",1300,"CO","","SECOND AVE",38.99726833,-77.03342667,1,0,1,"F",1,3,NA,0,5,1,1,51,"P",0,NA,0,"",NA,"N",NA,0,NA,"22-FEB-77","522ebca0-c842-4de3-bf9d-8345a852f0e1","GA","C","","","A"
"9827","MCP2919001Z",1,15,0,0,88,2,1,1,4,0,6.01,"09-12-2016","09:50:00","54112","Y","N","MONTGOMERY","UNK",3,0,97,"MD","",4.38,"N","GEORGIA AVE",0,"F","S",4337,"CO","","LINDELL ST",38.98545667,-77.02731,1,0,1,"F",1,2,NA,0,10.88,1,1,51,"P",0,NA,0,"",NA,"N",NA,0,NA,"12-APR-71  00:00:00","9d9a48be-08ba-4fb4-abb5-e314b87652df","MD","N/A","","",""
"9828","MCP29190027",1,15,0,0,88,2,1,1,4,0,7.01,"12/16/2016","14:22:00","54114","N","N","MONTGOMERY","UNK",3,1,29,"US","",0.67,"N","GEORGIA AVE",259,"F","S",668,"CO","","WAYNE AVE",38.99502667,-77.02572667,1,0,1,"F",1,4,NA,0,5,0,1,51,"P",0,NA,0,"",NA,"N",NA,0,NA,"20-Nov-92","51e6f444-cf01-407d-b729-a5ce2b6cef68","MD","C","","","A"
"9829","MCP29190028",1,15,0,0,17,2,NA,1,1,7,6.01,"12/21/2016","9:52:00","55112","N","N","MONTGOMERY","UNK",1,9,757,"CO","",0.42,"N","MANCHESTER RD",35,"F","S",4698,"OP","","MANCHESTER PL",39.001695,-77.01072,1,0,1,"F",0,1,NA,0,0,0,88,0,"P",0,NA,0,"",NA,"N",NA,0,NA,"13-Jun-87","d62eaf25-2d29-442b-a8ad-d7515d67ce2c","","","","",""
"9830","MCP2921000M",1,15,0,0,17,0,1,1,4,0,6.01,"08-02-2015","16:07:00","54144","Y","N","MONTGOMERY","UNK",3,0,27,"MD","",0,"N","RIDGE RD",20,"F","N",355,"MD","","FREDERICK RD",39.20468667,-77.24554667,1,0,1,"M",1,4,NA,3,6,3,1,54,"P",0,NA,0,"",NA,"Y",NA,0,NA,"08-FEB-95","02375b9f-a402-4d63-9c6c-3882ec540ec6","MD","N/A","","","A"
"9831","MCP2921000T",3,15,NA,NA,17,NA,NA,NA,NA,0,3,"10-28-2015","19:21:00","54244","N","N","MONTGOMERY","UNK",3,0,NA,"","",NA,"","",NA,"","",NA,"","","",39.20164333,-77.24978667,1,0,1,"F",1,3,NA,0,5,1,1,51,"P",0,NA,0,"",NA,"N",NA,1,NA,"19-SEP-96","39494ec5-273e-484e-ac36-587b0f1124b5","","","","","A"
"9832","MCP2921001G",3,15,NA,NA,17,NA,NA,NA,NA,0,6.01,"12/14/2016","20:04:00","54244","N","N","MONTGOMERY","UNK",3,0,NA,"","",NA,"","",NA,"","",NA,"","","",39.25777667,-77.20923333,1,0,1,"F",1,2,NA,1,5,0,1,51,"P",0,NA,0,"",NA,"N",NA,0,NA,"14-Aug-94","457ccbb6-cb41-4faf-bd14-55cca2e200ed","MD","C","","","A"
"9833","MCP2923000J",1,15,NA,0,17,2,2,1,1,0,0,"06-11-2015","13:04:00","54142","N","N","MONTGOMERY","UNK",4,0,355,"MD","",14.77,"N","FREDERICK RD",200,"F","N",240,"MU","","MONTGOMERY AVE",39.14612504,-77.20415711,1,0,1,"M",99,3,NA,0,3,0,2,63.88,"P",0,NA,0,"",NA,"",NA,1,NA,"23-JUL-81","5ef86cf0-41cf-4410-a264-5312e2276638","MD","","","","A"
"9834","MCP2923000N",1,15,NA,1,88,2,2,1,1,0,6.01,"06-30-2015","16:25:00","54122","N","N","MONTGOMERY","UNK",3,0,NA,"CO","",0.39,"S","S WESTLAND DR",50,"F","S",NA,"MD","","FREDERICK RD",39.12641176,-77.18231857,1,0,1,"F",4,3,NA,0,6,1,1,52,"P",0,NA,0,"",NA,"N",NA,0,NA,"21-MAY-93","01834bb0-dccb-466c-8167-ebd6ba7fedb3","MD","C","","",""
"9835","MCP2923000X",1,15,63,0,88,2,NA,1,4,0,6.01,"08-17-2015","17:22:00","54142","Y","N","MONTGOMERY","UNK",3,0,43,"MU","",0,"N","CHRISTOPHER AVE",10,"F","N",355,"MD","","FREDERICK RD",39.15638667,-77.216545,1,0,1,"M",4,2,NA,1,9.05,0,2,51,"P",0,NA,0,"",NA,"Y",NA,1,NA,"06-MAR-93","d4939aa3-5b0c-4dd2-95fd-9a54f7080acd","MD","C","","","A"
"9836","MCP2923000Z",1,15,0,2,88,2,1,1,4,0,6.01,"09-11-2015","08:32:00","54144","Y","N","MONTGOMERY","UNK",3,0,142,"CO","",0,"N","ASPEN HILL RD",0,"F","N",586,"MD","","VEIRS MILL RD",39.06912833,-77.104945,1,0,1,"M",1,3,NA,0,5,2,1,51,"P",0,NA,0,"",NA,"N",NA,1,NA,"09-JUL-81","b4a7ccf7-679c-4606-8eed-4c8bd17089be","MD","C","","",""
"9837","MCP2923002F",3,15,0,0,88,2,NA,1,1,0,7.01,"1/26/2017","6:59:00","54114","Y","N","MONTGOMERY","UNK",4,0,124,"CO","",0.32,"E","ARCOLA AVE",0,"F","E",97,"MD","","GEORGIA AVE",39.04694,-77.05190333,1,0,1,"M",4,2,NA,2,5,2,2,51,"P",0,NA,0,"",NA,"N",NA,99,NA,"4-Aug-79","663618df-3a43-4448-9cd6-95a957a65b08","MD","CM","","","A"
"9838","MCP2927000J",1,15,0,2,17,2,2,1,4,0,7.01,"08-30-2015","13:04:00","5414","Y","N","MONTGOMERY","UNK",3,0,97,"MD","",0,"N","GEORGIA AVE",0,"F","N",29,"US","","COLESVILLE RD",38.995755,-77.027755,1,0,1,"F",0,3,NA,3,9.05,2,1,51,"P",0,NA,0,"",NA,"N",NA,1,NA,"03-SEP-92","6912bb1e-4dc7-4756-8c29-23c0f9b78633","","","","","A"
"9839","MCP2927000L",3,15,0,2,88,2,2,1,4,0,6.01,"10-27-2015","07:04:00","54114","Y","N","MONTGOMERY","UNK",1,0,29,"US","",0.61,"N","GEORGIA AVE",0,"F","N",667,"CO","","BONIFANT ST",38.99350333,-77.026545,1,0,1,"F",1,2,NA,2,9.05,2,1,51,"P",0,NA,0,"",NA,"N",NA,1,NA,"31-JAN-85","401d48c1-cfb0-4d78-a0d7-4c7ff4a1b049","","","","","A"
"9840","MCP29270010",1,15,0,2,2,2,1,1,3,0,6.01,"05-26-2016","20:02:00","55144","Y","N","MONTGOMERY","UNK",1,0,668,"CO","",1.19,"E","WAYNE AVE",0,"F","E",7,"GV","","SLIGO CREEK PKWY",38.99964857,-77.01058343,1,0,1,"M",1,1,NA,3,5,2,2,51,"P",0,NA,0,"",NA,"N",NA,21,NA,"28-SEP-62","efc21e43-6aa4-4479-b31d-d841a71eb42f","","","","",""
"9841","MCP2927001F",1,15,0,2,8,2,3,1,3,0,6.01,"10/19/2016","15:54:00","54122","Y","N","MONTGOMERY","UNK",1,0,7,"GV","",2.09,"W","SLIGO CREEK PKWY",0,"F","W",29,"US","","COLESVILLE RD",39.00774318,-77.02019647,1,0,1,"M",1,2,NA,3,5,2,2,51,"P",0,NA,0,"",NA,"N",NA,21,NA,"4-Apr-04","4a895696-d1bd-4886-96ca-86133f1c66cd","","","","","A"
"9842","MCP2927001G",1,15,0,2,0,2,3,1,3,0,6.01,"10/20/2016","15:40:00","54112","Y","N","MONTGOMERY","UNK",3,0,29,"US","",0.93,"N","COLESVILLE RD",0,"F","N",629,"CO","","FENTON ST",38.99769122,-77.02699184,1,0,1,"F",1,2,NA,3,5,2,1,51,"P",0,NA,0,"",NA,"N",NA,1,NA,"11-Mar-93","dd33af84-cc80-44f9-aa76-0cc430808f50","MD","C","","",""
"9843","MCP2928000N",1,15,NA,NA,17,NA,NA,NA,NA,0,6.01,"07-07-2015","11:40:00","","N","N","MONTGOMERY","UNK",3,0,NA,"","",NA,"","",NA,"","",NA,"","","",39.02021333,-77.013595,1,0,1,"F",1,2,NA,2,9.05,1,1,63.88,"P",0,NA,0,"",NA,"U",NA,0,NA,"16-MAR-73","05ac91e6-2255-4fc1-b3a4-a47f4a9784c2","","","","","B"
"9844","MCP2928000S",1,15,0,1,17,2,1,1,1,0,6.01,"07-23-2015","08:11:00","","N","N","MONTGOMERY","UNK",3,0,667,"CO","",0.13,"E","BONIFANT ST",3,"F","W",29,"US","","GEORGIA AVE",38.99373333,-77.025875,1,0,1,"F",1,2,NA,3,6,3,1,52,"P",0,NA,0,"",NA,"Y",NA,1,NA,"26-APR-87","a6b1d709-9b06-4685-bd08-849ae0236358","","","","","A"
"9845","MCP2928001Q",3,15,0,1,17,1,1,1,1,88,3,"5/4/2017","22:07:00","54142","N","N","MONTGOMERY","UNK",3,0,29,"US","",0,"N","GEORGIA AVE",30,"F","N",7067,"CO","","BLAIR RD",38.98448341,-77.0261094,1,0,1,"M",2,3,NA,2,88,1,1,52,"P",0,NA,0,"",NA,"Y",NA,1,NA,"6-Dec-84","0939c8a3-8fa4-4108-9340-a243c6401b53","MD","C","","","A"
"9846","MCP2929001Q",1,15,0,1,88,2,NA,1,1,0,0,"08-16-2016","10:30:00","54142","N","Y","MONTGOMERY","UNK",3,0,146,"CO","",1.16,"N","PRINCE PHILIP DR",900,"F","N",108,"MD","","OLNEY SANDY SPRING RD",39.15071372,-77.05721498,1,0,1,"M",1,3,NA,1,1,1,88,57,"P",0,NA,0,"",NA,"N",NA,0,NA,"23-JUN-89  00:00:00","381161b4-3118-4ba5-a6f6-1c4d7613fd84","","","","",""
"9847","MCP2930000J",4,15,NA,1,88,2,1,1,3,0,6.01,"06-05-2015","21:58:00","54142","N","N","MONTGOMERY","UNK",3,0,137,"CO","",0.39,"W","EMORY LA",200,"F","W",136,"CO","","CASHELL RD",39.0789081,-77.14599609,1,0,1,"M",2,2,NA,3,6,0,1,54,"P",0,NA,0,"",NA,"",NA,1,NA,"09-JUN-60","b4922c3b-433a-4940-8e26-5a151318f262","MD","","","","A"
"9848","MCP2931000T",3,15,NA,NA,88,NA,NA,NA,NA,0,6.01,"11-22-2015","20:05:00","54222","N","N","MONTGOMERY","UNK",3,3,NA,"","",NA,"","",NA,"","",NA,"","","",39.065325,-77.12755667,1,0,1,"F",0,3,NA,3,12.88,0,1,56,"P",0,NA,0,"",NA,"N",NA,0,NA,"04-MAR-89","ebb16b67-3116-4fd2-a02d-f98c7b15cb8d","","","","",""
"9849","MCP29310011",4,15,130,3,88,1,1,0,4,0,3,"01-08-2016","17:45:00","54142","Y","N","MONTGOMERY","UNK",3,3,180,"MU","",0,"S","ATLANTIC AVE",0,"F","S",586,"MD","","VEIRS MILL RD",39.07458167,-77.11539833,1,0,1,"M",0,3,NA,2,9.05,2,1,51,"P",0,NA,0,"",NA,"N",NA,1,NA,"05-SEP-77","1fc41b48-e393-49d9-9dc9-e12d012de1b4","","","","","A"
"9850","MCP2932000B",1,15,NA,NA,17,NA,NA,NA,NA,0,7.01,"06-08-2015","17:43:00","54242","N","N","MONTGOMERY","UNK",3,0,NA,"","",NA,"","",NA,"","",NA,"","","",39.10179753,-76.92762002,1,0,1,"M",1,4,NA,99,0,0,1,55,"P",0,NA,0,"",NA,"",NA,1,NA,"26-APR-12","b64ef670-0b5b-4cbc-8af5-02bae99129ad","","","","","A"
"9851","MCP2932000Y",3,15,0,2,88,0,1,1,4,0,6.01,"08-10-2016","00:08:00","54142","Y","N","MONTGOMERY","UNK",3,0,668,"CO","",0.17,"E","WAYNE AVE",0,"F","E",29,"US","","GEORGIA AVE",38.99447262,-77.02666461,1,1,1,"U",99,2,NA,1,9.05,3,1,51,"P",0,NA,0,"",NA,"Y",NA,1,NA,"10-AUG-16  00:00:00","d1fccbf7-4c80-4a4b-9fa3-f0bc77e59055","","","","",""
"9852","MCP29320012",3,15,0,2,88,0,2,1,4,0,6.01,"09-18-2016","02:21:00","54144","N","N","MONTGOMERY","UNK",3,0,29,"US","",0.55,"N","GEORGIA AVE",0,"F","N",665,"CO","","RIPLEY ST",38.99259167,-77.02651333,1,0,1,"M",2,4,NA,1,6,1,1,51,"P",0,NA,0,"",NA,"Y",NA,1,NA,"06-APR-84  00:00:00","d888cfd0-6f71-4a2c-a8c2-04491cae17a4","MD","C","","","A"
"9853","MCP2933000N",1,15,0,1,17,2,NA,1,1,0,6.01,"11-13-2015","16:10:00","54112","N","N","MONTGOMERY","UNK",3,0,188,"MD","",1.91,"E","WILSON LA",30,"F","W",575,"OP","","MERRICK RD",38.98963612,-77.12262869,1,1,1,"M",1,3,NA,1,6,1,1,52,"P",0,NA,0,"",NA,"Y",NA,0,NA,"05-JUN-00","87cbb804-905e-41fb-a27d-2bb1efd0034c","","","","","A"
"9854","MCP2933000S",1,15,0,0,88,2,NA,1,1,0,6.01,"12-08-2015","15:00:00","54142","Y","N","MONTGOMERY","UNK",3,0,1279,"CO","",0.81,"S","WHITTIER BLVD",0,"F","S",1733,"CO","","LANDON LA",38.98529965,-77.12677002,1,0,1,"F",1,3,NA,2,9.05,1,1,51,"P",0,NA,0,"",NA,"N",NA,0,NA,"19-DEC-00","e5d1741e-ab16-4726-983f-0afbfe3c118a","","","","",""
"9855","MCP29340017",1,15,0,3,88,2,1,1,1,0,6.01,"12-06-2015","11:40:00","54112","N","N","MONTGOMERY","UNK",3,0,4690,"CO","",3.06,"N","MACARTHUR BLVD",250,"F","S",188,"MD","","WILSON LA",38.972745,-77.14698667,1,0,1,"M",1,2,NA,1,1,1,2,53,"P",0,NA,0,"",NA,"N",NA,21,NA,"18-AUG-75","bc06799b-20c3-460d-929c-a764c619f901","VT","","","",""
"9856","MCP29340018",1,15,0,2,88,2,2,1,4,0,6.01,"12-06-2015","12:30:00","54112","Y","N","MONTGOMERY","UNK",3,0,355,"MD","",1.14,"N","WISCONSIN AVE",0,"F","N",191,"MD","","BRADLEY LA",38.97686667,-77.09065,1,0,1,"F",NA,2,NA,1,9.05,2,1,51,"P",0,NA,0,"",NA,"N",NA,1,NA,"02-JAN-62","06cac865-308a-4f07-b3bb-a6cd9fcedd45","MD","","","","A"
"9857","MCP2934001B",1,15,NA,NA,88,NA,NA,NA,NA,2,7.01,"01-20-2016","14:41:00","54242","N","N","MONTGOMERY","UNK",9,3,NA,"","",NA,"","",NA,"","",NA,"","","",38.9693442,-77.13890433,1,0,1,"F",1,2,NA,2,88,1,1,56,"P",0,NA,0,"",NA,"N",NA,0,NA,"07-SEP-63","f985bf29-ba16-4694-a84e-b12f78fc962c","MD","C","","","A"
"9858","MCP2934001P",1,15,0,3,88,2,1,1,1,0,6.01,"06-18-2016","13:05:00","54144","Y","N","MONTGOMERY","UNK",3,0,507,"CO","",1.01,"S","SANGAMORE RD",0,"F","N",2639,"CO","","SENTINEL RD",38.95043049,-77.12047085,1,0,1,"F",NA,2,NA,1,9.05,1,1,51,"P",0,NA,0,"",NA,"N",NA,1,NA,"29-APR-53","df869967-4f30-4159-a165-8b5b8d02c13e","","","","","A"
"9859","MCP29360009",1,15,NA,NA,11,NA,NA,NA,NA,0,6.01,"05-20-2015","11:21:00","54242","Y","N","MONTGOMERY","UNK",3,0,NA,"","",NA,"","",NA,"","",NA,"","","",39.02590833,-77.14587833,1,0,1,"F",1,3,NA,0,5,1,1,51,"P",0,NA,0,"",NA,"",NA,0,NA,"16-OCT-27","3e8a896c-341e-4bcf-9668-438c785c846d","MD","","","","A"
"9860","MCP2936001H",3,15,0,0,88,2,3,1,4,0,6.01,"1/30/2017","19:04:00","","N","N","MONTGOMERY","UNK",3,0,355,"MD","",0.32,"N","WISCONSIN AVE",10,"F","S",6170,"OP","","SOMERSET TERRACE",38.964665,-77.08758833,1,1,1,"M",0,4,NA,2,6,0,1,52,"P",0,NA,0,"",NA,"Y",NA,1,NA,"16-Jul-42","e9ee8979-153e-42fa-a612-ba63cb487b32","VA","","","","A"
"9861","MCP2937000W",1,15,0,2,17,2,NA,1,4,0,0,"07-20-2015","08:39:00","54112","Y","N","MONTGOMERY","UNK",3,0,650,"MD","",4.89,"N","NEW HAMPSHIRE AVE",0,"F","N",109,"CO","","LOCKWOOD DR",39.03960299,-76.99068546,1,0,1,"M",1,3,NA,1,3,1,1,51,"P",0,NA,0,"",NA,"Y",NA,1,NA,"24-APR-46","b88791ed-7a43-4a1c-9d77-f478493cf668","MD","c","","","A"
"9862","MCP2937000Y",1,15,NA,NA,3,NA,NA,NA,NA,0,6.01,"08-14-2015","13:28:00","54212","N","N","MONTGOMERY","UNK",1,3,NA,"","",NA,"","",NA,"","",NA,"","","",39.03849333,-76.98981333,2,0,1,"F",1,3,NA,1,88,1,1,88,"P",0,NA,0,"",NA,"N",NA,0,NA,"16-JUN-15","b6b313ac-f00a-4c28-9da5-92ee4ef29cf9","MD","c","","","A"
"9863","MCP2937001J",1,15,0,1,17,2,1,1,1,0,0,"12-14-2015","10:32:00","54112","N","N","MONTGOMERY","UNK",3,0,92,"CO","",0.9,"S","BLACKBURN RD",1,"M","S",0,"UU","","CUL DE SAC",39.09888966,-76.92820072,1,0,1,"M",1,2,NA,1,6,1,1,52,"P",0,NA,0,"",NA,"Y",NA,1,NA,"13-APR-61","18393e1a-62cc-40f3-a1c4-ade27f337b22","","","","","A"
"9864","MCP2938000C",3,15,NA,2,88,2,1,1,1,0,6.01,"06-15-2015","21:34:00","54144","Y","N","MONTGOMERY","UNK",4,0,385,"CO","",0.97,"S","WOODMONT AVE",0,"F","S",363,"CO","","HAMPDEN LA",38.98270599,-77.09604263,1,0,1,"M",1,2,NA,1,5,2,2,51,"P",0,NA,0,"",NA,"",NA,99,NA,"17-JAN-00","0f29061b-783b-4771-b024-c2a69e65e82e","",NA,"","","A"
"9865","MCP29390016",3,15,NA,NA,11,NA,NA,NA,NA,0,6.01,"10/12/2016","19:22:00","54242","N","N","MONTGOMERY","UNK",3,0,NA,"","",NA,"","",NA,"","",NA,"","","",39.18263895,-77.26173878,1,1,1,"M",1,3,NA,2,88,88,1,88,"P",0,NA,0,"",NA,"Y",NA,1,NA,"29-Nov-01","765baef9-4e9f-40f1-9413-c72be8a12bc8","","","","",""
"9866","MCP2939001P",3,15,0,1,11,1,1,1,4,0,3,"4/25/2017","10:32:00","55122","N","N","MONTGOMERY","UNK",3,1,118,"MD","",5.42,"N","GERMANTOWN RD",100,"F","S",141,"CO","","MIDDLEBROOK RD",39.17996167,-77.26466167,1,0,1,"F",88,1,NA,2,6,3,1,54,"P",0,NA,0,"",NA,"Y",NA,1,NA,"23-Apr-17","a9d66f17-f637-4089-9548-0aa9c4567cbc","","","","",""
"9867","MCP29400007",1,15,0,0,17,2,1,0,1,0,7.01,"01-05-2016","10:48:00","55142","N","N","MONTGOMERY","UNK",4,0,4690,"CO","",7.85,"N","MACARTHUR BLVD",NA,"M","S",3639,"CO","","STABLE LA",38.98223061,-77.22650528,1,0,1,"M",1,1,NA,1,6,1,2,53,"P",0,NA,0,"",NA,"N",NA,21,NA,"23-AUG-66","11ff6ebe-7c08-4146-83b6-921d40ce16da","","","","",""
"9868","MCP2940000F",1,15,0,2,3,2,4,1,4,0,6.01,"03-12-2016","13:13:00","54114","Y","N","MONTGOMERY","UNK",1,3,187,"MD","",4.04,"N","OLD GEORGETOWN RD",0,"F","N",164,"CO","","TUCKERMAN LA",39.03463935,-77.12504804,2,0,1,"F",1,2,NA,3,5,2,1,51,"P",0,NA,0,"",NA,"N",NA,1,NA,"07-APR-90","e87fc4dc-2af6-4fa8-9316-1444acc6b107","NY","D","","","B"
"9869","MCP2940000R",1,15,85,2,88,2,NA,1,4,0,7.01,"07-30-2016","12:49:00","54142","Y","N","MONTGOMERY","UNK",1,0,185,"MD","",4.4,"N","CONNECTICUT AVE",0,"F","N",192,"MD","","PLYERS MILL RD",39.029875,-77.07635833,1,0,1,"M",1,3,NA,0,9.05,2,2,51,"P",0,NA,0,"",NA,"N",NA,1,NA,"08-DEC-63  00:00:00","e90327b9-193b-44b5-9c0b-d6540a58ee4b","","","","",""
"9870","MCP2940000W",1,15,0,2,88,2,2,1,1,0,6.01,"09-23-2016","08:31:00","54142","Y","N","MONTGOMERY","UNK",3,0,355,"MD","",1.43,"N","WISCONSIN AVE",0,"F","N",4419,"CO","","BETHESDA AVE",38.98105467,-77.09281325,1,0,1,"M",1,2,NA,1,9.05,2,1,51,"P",0,NA,0,"",NA,"N",NA,1,NA,"24-JUL-55  00:00:00","c1cb4330-3f61-4945-8d6f-b6f749f23562","","","","",""
"9871","MCP2941000S",1,15,0,2,17,2,2,1,1,0,6.01,"09-23-2015","14:35:00","","Y","N","MONTGOMERY","UNK",3,0,668,"CO","",0.5,"E","WAYNE AVE",0,"F","E",623,"CO","","CEDAR ST",38.99711589,-77.02193856,1,1,1,"F",1,2,NA,1,5,2,1,51,"P",0,NA,0,"",NA,"N",NA,0,NA,"14-MAR-77","077a1db8-9589-4082-b8b0-16c570143c54","","","","","A"
"9872","MCP2941001M",3,15,NA,NA,88,NA,NA,NA,NA,0,0,"12/23/2016","20:36:00","54244","N","N","MONTGOMERY","UNK",3,2,NA,"","",NA,"","",NA,"","",NA,"","","",38.99832283,-77.02860385,1,0,1,"F",1,3,NA,2,3,1,1,57,"P",0,NA,0,"",NA,"N",NA,1,NA,"28-May-62","5d81a99a-3419-4c8a-bafb-7006a428443e","MD","C","","","A"
"9873","MCP29410021",1,15,0,0,17,2,1,1,1,0,6.01,"6/21/2017","19:40:00","54142","N","N","MONTGOMERY","UNK",3,0,629,"CO","",0.32,"E","FENTON ST",0,"F","E",668,"CO","","WAYNE AVE",38.99609445,-77.02474952,1,0,1,"F",1,2,NA,1,9.05,0,1,51,"P",0,NA,0,"",NA,"U",NA,1,NA,"2-Nov-04","8727da2a-4fc5-4077-bbb6-34062f2aed9a","","","","","A"