"UNIQUE_ID","REPORT_NO","LIGHT_CODE","COUNTY_NO","MUNI_CODE","JUNCTION_CODE","COLLISION_TYPE_CODE","SURF_COND_CODE","LANE_CODE","RD_COND_CODE","RD_DIV_CODE","FIX_OBJ_CODE","WEATHER_CODE","ACC_DATE","ACC_TIME","LOC_CODE","SIGNAL_FLAG","C_M_ZONE_FLAG","AGENCY_CODE","AREA_CODE","HARM_EVENT_CODE1","HARM_EVENT_CODE2","RTE_NO","ROUTE_TYPE_CODE","RTE_SUFFIX","LOG_MILE","LOGMILE_DIR_FLAG","MAINROAD_NAME","DISTANCE","FEET_MILES_FLAG","DISTANCE_DIR_FLAG","REFERENCE_NO","REFERENCE_TYPE_CODE","REFERENCE_SUFFIX","REFERENCE_ROAD_NAME","LATITUDE","LONGITUDE","drv","occ","ped","SEX_CODE","CONDITION_CODE","INJ_SEVER_CODE","OCC_SEAT_POS_CODE","PED_VISIBLE_CODE","PED_LOCATION_CODE","PED_OBEY_CODE","PED_TYPE_CODE","MOVEMENT_CODE","PERSON_TYPE","ALCOHOL_TEST_CODE","ALCOHOL_TESTTYPE_CODE","DRUG_TEST_CODE","DRUG_TESTRESULT_CODE","BAC_CODE","FAULT_FLAG","EQUIP_PROB_CODE","SAF_EQUIP_CODE","EJECT_CODE","DATE_OF_BIRTH","PERSON_ID","LICENSE_STATE_CODE","CLASS","CDL_FLAG","VEHICLE_ID","EMS_UNIT_LABEL"
"10047","MCP30330012",3,15,NA,NA,88,NA,NA,NA,NA,0,3,"5/23/2017","19:23:00","6422","N","N","MONTGOMERY","UNK",3,2,NA,"","",NA,"","",NA,"","",NA,"","","",39.00080545,-76.99174225,1,0,1,"F",NA,3,NA,3,88,0,1,88,"P",0,NA,0,"",NA,"N",NA,1,NA,"13-Oct-88","0bdf779e-55bf-4f80-ae57-5f44b010272d","","","","","A"
"10048","MCP3034000H",3,15,NA,NA,88,NA,NA,NA,NA,0,6.01,"4/6/2017","23:30:00","55222","N","N","MONTGOMERY","UNK",3,2,NA,"","",NA,"","",NA,"","",NA,"","","",39.0570339,-76.96662068,1,1,1,"F",1,1,NA,3,88,0,1,56,"P",0,NA,0,"",NA,"N",NA,0,NA,"2-Jun-91","ce64b78f-85fc-4231-b942-e1126dc776b9","MD","C","","",""
"10049","MCP3035000B",1,15,504,1,17,2,NA,1,88,2,6.01,"2/8/2017","17:03:00","54344","N","N","MONTGOMERY","UNK",3,9,6678,"CO","",0.08,"E","MARSTON LA",150,"F","W",3762,"CO","","THOMAS FARM RD",39.17397283,-77.197193,1,0,1,"M",0,4,NA,3,3,0,1,56,"P",0,NA,0,"",NA,"N",NA,0,NA,"10-Sep-90","18c3ce11-b7bb-40c7-9142-ffebe00ca9b0","VA","C","","","B"
"10050","MCP3035000Y",1,15,0,1,17,2,1,1,1,0,6.01,"3/24/2017","18:10:00","54112","N","N","MONTGOMERY","UNK",3,0,2805,"CO","",0.05,"S","SHADY SPRING DR",100,"F","S",4856,"CO","","COTTONWOOD TERR",39.14840167,-77.16655833,1,0,1,"M",1,3,NA,3,1,1,1,55,"P",0,NA,0,"",NA,"Y",NA,0,NA,"24-Jun-08","7d5e30ed-314b-4b84-b2eb-e917a16e261b","","","","","A"
"10051","MCP3036000H",1,15,0,9.04,17,2,NA,1,4,0,7.01,"3/30/2017","15:19:00","54244","N","N","MONTGOMERY","UNK",3,0,212,"CO","",3.23,"N","SHADY GROVE RD",200,"F","N",690,"MU","","CHOKE CHERRY RD",39.11519881,-77.18542323,1,0,1,"F",1,3,NA,3,10.88,1,1,51,"P",0,NA,0,"",NA,"N",NA,0,NA,"29-Aug-91","67868a2c-f988-435b-ac7d-cc3375ddbb39","","","","","A"
"10052","MCP3039000N",1,15,0,0,3,2,3,1,1,0,6.01,"6/23/2017","19:50:00","54112","Y","N","MONTGOMERY","UNK",4,0,187,"MD","",2.58,"N","OLD GEORGETOWN RD",15,"F","N",495,"RP","","RAMP 4 FR MD 187 NB TO IS 495 EB",39.01477089,-77.11841695,1,0,1,"M",99,3,NA,4,6,1,2,53,"P",0,NA,0,"",NA,"N",NA,21,NA,"3-Nov-67","1d97fa12-9737-4990-823b-ac984c47b1bb","MD","C","","","A"
"10053","MCP3041000D",7.88,15,130,0,17,2,NA,1,1,0,6.01,"4/26/2017","23:18:00","54122","N","N","MONTGOMERY","UNK",3,0,2645,"MU","",0.13,"N","ROLLINS AVE",0,"U","N",0,"UU","","ROAD END",39.05758375,-77.13183403,1,0,1,"F",NA,2,NA,99,88,0,1,56,"P",0,NA,0,"",NA,"U",NA,0,NA,"3-Dec-76","027d9ab4-a0f2-4bca-9368-caa4da3f9561","","","","",""
"10054","MCP3042000G",1,15,0,9.04,3,2,1,1,1,0,6.01,"3/9/2017","13:36:00","54112","N","N","MONTGOMERY","UNK",4,0,282,"CO","",0,"E","SHOREFIELD RD",0.25,"M","E",97,"MD","","GEORGIA AVE",39.06955333,-77.161305,1,0,1,"M",1,2,NA,0,1,0,2,53,"P",0,NA,0,"",NA,"N",NA,1,NA,"25-Feb-63","d7e85244-83d0-4304-9b2b-31ab2250bc97","MD","C","","",""
"10055","MCP3045000J",1,15,0,2,2,1,1,1,1,0,6.01,"6/24/2017","6:46:00","54144","N","N","MONTGOMERY","UNK",5,5,191,"MD","",3.91,"N","BRADLEY BLVD",0,"F","N",1014,"CO","","EWING DR",38.99439758,-77.12325096,1,0,2,"M",1,4,NA,1,14.88,0,2,51,"P",0,NA,0,"",NA,"N",NA,21,NA,"16-Mar-61","232c0df9-edc2-46b4-b6ad-09746adbb467","","","","","A"
"10056","MCP3045000J",1,15,0,2,2,1,1,1,1,0,6.01,"6/24/2017","6:46:00","54144","N","N","MONTGOMERY","UNK",5,5,191,"MD","",3.91,"N","BRADLEY BLVD",0,"F","N",1014,"CO","","EWING DR",38.99439758,-77.12325096,1,0,2,"M",0,4,NA,1,14.88,0,2,51,"P",0,NA,0,"",NA,"N",NA,21,NA,"16-Jun-58","a98c05f9-6d3e-4af1-a1a0-65728f8551e3","","","","","A"
"10057","MCP3048000B",3,15,NA,NA,88,NA,NA,NA,NA,0,6.01,"2/16/2017","18:00:00","54222","N","N","MONTGOMERY","UNK",3,0,NA,"","",NA,"","",0,"","",NA,"","","",39.04966565,-77.10281119,1,0,1,"F",1,2,NA,3,3,1,1,63.88,"P",0,NA,0,"",NA,"N",NA,0,NA,"30-Jul-92","a99f7be4-7782-435f-9e36-63adb213d84b","","","","","A"
"10058","MCP30480011",1,15,0,2,88,2,1,1,1,0,6.01,"5/18/2017","13:28:00","54142","Y","N","MONTGOMERY","UNK",3,0,1072,"CO","",0,"N","E STANHOPE RD",0,"F","N",28,"GV","","BEACH DR",39.00940534,-77.07781434,1,0,1,"F",1,3,NA,3,9.05,1,1,51,"P",0,NA,0,"",NA,"N",NA,0,NA,"22-Jun-71","c1489b7b-1035-4421-9374-d48644197a2c","","","","",""
"10059","MCP3050000C",3,15,0,3,17,2,NA,1,88,88,88,"2/13/2017","19:00:00","54244","N","N","MONTGOMERY","UNK",3,0,460,"OP","",0.02,"S","GLENMONT CIR #1",5,"F","N",461,"OP","","GLENMONT CIR #2",39.05893754,-77.04736322,1,0,2,"M",0,4,NA,3,88,1,1,88,"P",0,NA,0,"",NA,"N",NA,0,NA,"29-Dec-07","82c88819-8baf-4971-9f79-19d468324430","","","","","A"
"10060","MCP3050000C",3,15,0,3,17,2,NA,1,88,88,88,"2/13/2017","19:00:00","54244","N","N","MONTGOMERY","UNK",3,0,460,"OP","",0.02,"S","GLENMONT CIR #1",5,"F","N",461,"OP","","GLENMONT CIR #2",39.05893754,-77.04736322,1,0,2,"F",1,1,NA,3,88,1,1,88,"P",0,NA,0,"",NA,"N",NA,0,NA,"17-Jun-88","f7531dbe-b5e8-4670-85b6-3417aa1c3e26","MD","C","","",""
"10061","MCP3050000N",1,15,NA,NA,17,NA,NA,NA,NA,4,6.01,"4/19/2017","8:41:00","54214","N","N","MONTGOMERY","UNK",10,9,NA,"","",NA,"","",NA,"","",NA,"","","",39.08526833,-77.07725333,1,0,2,"F",1,3,NA,3,15.88,0,88,88,"P",0,NA,0,"",NA,"N",NA,0,NA,"7-Dec-76","4024c966-4958-407f-af20-e9d67de126f9","","","","",""
"10062","MCP3050000N",1,15,NA,NA,17,NA,NA,NA,NA,4,6.01,"4/19/2017","8:41:00","54214","N","N","MONTGOMERY","UNK",10,9,NA,"","",NA,"","",NA,"","",NA,"","","",39.08526833,-77.07725333,1,0,2,"M",1,3,NA,3,15.88,0,88,88,"P",0,NA,0,"",NA,"N",NA,0,NA,"12-Oct-30","17c4f97e-a440-4304-8218-21f7d6276ed3","MD","C","","",""
"10063","MCP9106000R",1,15,NA,NA,17,NA,NA,NA,NA,0,3,"01-10-2016","12:06:00","54242","N","N","MONTGOMERY","UNK",3,3,NA,"","",NA,"","",NA,"","",NA,"","","",39.199015,-77.24625833,1,0,2,"F",1,2,NA,1,88,0,1,88,"P",0,NA,0,"",NA,"N",NA,0,NA,"11-JAN-74","0b57a94e-021c-4ad1-9943-df1f47638315","","","","","A"
"10064","MCP9106000R",1,15,NA,NA,17,NA,NA,NA,NA,0,3,"01-10-2016","12:06:00","54242","N","N","MONTGOMERY","UNK",3,3,NA,"","",NA,"","",NA,"","",NA,"","","",39.199015,-77.24625833,1,0,2,"F",1,1,NA,1,88,0,1,88,"P",0,NA,0,"",NA,"N",NA,0,NA,"19-JAN-00","b09f8ed8-673d-4872-bbe9-71fe7db87b71","","","","","A"
"10065","MCP91060017",1,15,0,2,17,2,1,1,1,0,0,"3/2/2017","12:53:00","54142","Y","N","MONTGOMERY","UNK",3,0,7064,"CO","",0.24,"N","WATERS RD",0,"F","N",5500,"CO","","WISTERIA DR",39.17818,-77.27308167,1,0,1,"M",1,2,NA,3,5,1,1,51,"P",0,NA,0,"",NA,"N",NA,1,NA,"14-Sep-73","708ab888-21a4-438d-9347-ebd93806bb62","","","","",""
"10066","MCP9110000C",3,15,0,1,11,2,2,1,4,0,6.01,"07-20-2015","20:40:00","44114","N","N","MONTGOMERY","UNK",3,0,355,"MD","",19.7,"N","FREDERICK RD",300,"F","S",7402,"CO","","RIDGE RD",39.2035264,-77.24562407,1,0,1,"M",NA,4,NA,3,6,3,1,52,"P",0,NA,0,"",NA,"Y",NA,1,NA,"25-MAR-90","7a8b002d-6189-43f2-b7ac-807c977a9b36","MD","C ","","","A"
"10067","MCP9113000W",1,15,0,1,88,2,1,1,1,0,6.01,"09-11-2015","15:58:00","54112","N","N","MONTGOMERY","UNK",3,3,4012,"CO","",1.63,"E","MORNINGWOOD DR",186,"F","W",97,"MD","","GEORGIA AVE",39.15043833,-77.06744833,1,0,1,"F",1,3,NA,1,6,1,1,52,"P",0,NA,0,"",NA,"Y",NA,0,NA,"17-JUL-61","d8d6801d-5d14-4f00-8aed-c7682cad11c6","","","","","A"
"10068","MCP9113000Z",3,15,0,2,17,2,1,1,1,0,6.01,"11-05-2015","17:23:00","54112","Y","N","MONTGOMERY","UNK",4,0,108,"MD","",13.52,"E","OLNEY SANDY SPRING RD",0,"F","E",0,"UU","","VILLAGE CENTER DR",39.151609,-77.063577,1,0,1,"M",1,3,NA,1,5,1,2,51,"P",0,NA,0,"",NA,"N",NA,0,NA,"07-OCT-92","3fa7741b-ccd5-48ab-977a-c94c8c74cf5d","","","","","A"
"10069","MCP91130017",1,15,0,2,88,2,3,1,4,0,6.01,"03-07-2016","13:24:00","54112","Y","N","MONTGOMERY","UNK",3,0,1659,"CO","",1.68,"E","RANDOLPH RD",0,"F","E",1174,"CO","","SELFRIDGE RD",39.05523167,-77.08356667,1,0,1,"M",99,3,NA,99,5,3,1,51,"P",0,NA,0,"",NA,"Y",NA,0,NA,"07-MAR-16","bdfa5ac1-c20d-437a-890e-23b1d95570b6","","","","",""
"10070","MCP9113001W",1,15,0,2,88,2,1,1,1,0,6.01,"09-13-2016","09:38:00","54112","N","N","MONTGOMERY","UNK",3,0,185,"MD","",6.86,"N","CONNECTICUT AVE",0,"F","N",1798,"CO","","ISBELL ST",39.06450833,-77.074015,1,0,1,"F",1,2,NA,88,10.88,1,1,51,"P",0,NA,0,"",NA,"U",NA,0,NA,"27-FEB-62  00:00:00","1c6b2fa1-efb8-4d75-9f02-0dbb523597d0","","","","","A"
"10071","MCP91280001",1,15,NA,1,88,2,1,1,4,0,6.01,"04-05-2015","10:24:00","54314","Y","N","MONTGOMERY","UNK",3,0,28,"MD","",27.73,"E","NORBECK RD",15,"F","E",NA,"UU","","NORBECK BLVD",39.11194,-77.06998167,1,0,1,"F",1,2,NA,2,6,0,1,56,"P",0,NA,0,"",NA,"",NA,0,NA,"01-NOV-91","78de2d86-04cb-41e1-a0db-1e0729044fc9","MD","c","","","A"
"10072","MCP9128000D",1,15,NA,NA,88,NA,NA,NA,NA,0,6.01,"01-30-2016","13:13:00","54214","N","N","MONTGOMERY","UNK",3,0,NA,"","",NA,"","",NA,"","",NA,"","","",39.03390833,-77.04842,1,0,1,"M",1,3,NA,2,88,0,1,88,"P",0,NA,0,"",NA,"N",NA,0,NA,"16-SEP-60","60feb910-b12b-429e-abbc-5183813c1c38","MD","C","","",""
"10073","MCP91300018",1,15,0,10.04,11,2,NA,1,1,4,6.01,"07-12-2015","13:29:00","54112","N","N","MONTGOMERY","UNK",2,9,2186,"CO","",0,"N","ALLEY",45,"F","N",943,"CO","","DOMER AVE",38.99673667,-77.00256333,1,1,1,"M",1,4,NA,3,2,0,1,56,"P",0,NA,0,"",NA,"N",NA,1,NA,"20-JAN-44","76faa8a9-8a7e-4fa2-8cc6-85418f8dcf46","","","","","B"
"10074","MCP9130001K",1,15,NA,NA,17,NA,NA,NA,NA,0,6.01,"09-10-2015","08:30:00","54142","N","N","MONTGOMERY","UNK",3,0,NA,"","",NA,"","",NA,"","",NA,"","","",38.99539167,-76.99128333,1,0,1,"F",1,3,NA,1,3,0,1,62.88,"P",0,NA,0,"",NA,"N",NA,1,NA,"10-FEB-06","640e696f-53e0-428c-8e98-fa222d1007c9","","","","",""
"10075","MCP9130001W",3,15,0,2,17,2,3,1,4,0,6.01,"12-11-2015","06:03:00","54144","Y","N","MONTGOMERY","UNK",3,0,1385,"CO","",0.05,"W","OAKVIEW DR",0,"F","W",650,"MD","","NEW HAMPSHIRE AVE",39.01544924,-76.97772503,1,0,1,"M",1,2,NA,2,9.05,2,1,51,"P",0,NA,0,"",NA,"N",NA,1,NA,"09-OCT-47","c045deb2-0dd3-485e-ab05-d849df201a52","","","","","A"
"10076","MCP91300020",1,15,0,0,17,2,1,1,1,0,6.01,"02-06-2016","13:33:00","54114","N","N","MONTGOMERY","UNK",3,0,913,"CO","",0.18,"N","FLOWER AVE",100,"F","S",2873,"CO","","ARLISS ST",38.999505,-77.00393333,1,0,2,"F",1,3,NA,3,5,1,1,52,"P",0,NA,0,"",NA,"N",NA,1,NA,"15-AUG-82","0118d18f-ac1d-4cc9-b51e-bf367320ed58","","","","",""
"10077","MCP91300020",1,15,0,0,17,2,1,1,1,0,6.01,"02-06-2016","13:33:00","54114","N","N","MONTGOMERY","UNK",3,0,913,"CO","",0.18,"N","FLOWER AVE",100,"F","S",2873,"CO","","ARLISS ST",38.999505,-77.00393333,1,0,2,"M",1,3,NA,3,5,1,1,52,"P",0,NA,0,"",NA,"N",NA,1,NA,"05-JUN-13","f3f55c14-517b-4daf-950a-d919cac7ecdd","","","","",""
"10078","MCP9130002L",1,15,0,3,17,2,3,88,4,0,6.01,"08-03-2016","13:53:00","55114","Y","Y","MONTGOMERY","UNK",3,0,193,"MD","",6.58,"E","UNIVERSITY BLVD E",25,"F","W",725,"CO","","CARROLL AVE",38.99418,-76.99272,1,0,1,"M",1,1,NA,4,88,0,88,56,"P",0,NA,0,"",NA,"N",NA,88,NA,"16-FEB-56  00:00:00","633caa4e-3116-480e-8f37-8529f74f9083","","","","",""
"10079","MCP9130002M",1,15,0,2,17,2,1,1,1,0,6.01,"08-17-2016","08:39:00","54112","Y","N","MONTGOMERY","UNK",4,0,697,"CO","",0.6,"E","FOREST GLEN RD",0,"F","E",7,"GV","","SLIGO CREEK PKWY",39.01609333,-77.032545,1,0,1,"M",1,3,NA,3,5,1,2,51,"P",0,NA,0,"",NA,"N",NA,1,NA,"29-JUN-79  00:00:00","6dc14489-e1f4-4dec-9b42-6a6a0452cbb4","","","","","A"
"10080","MCP9130002R",1,15,NA,NA,17,NA,NA,NA,NA,0,6.01,"10/23/2016","8:53:00","54112","N","N","MONTGOMERY","UNK",3,0,NA,"","",NA,"","",NA,"","",NA,"","","",39.031685,-77.00385,1,0,1,"M",1,2,NA,2,88,1,1,52,"P",0,NA,0,"",NA,"N",NA,1,NA,"27-Jul-43","329dfe77-0db1-4e97-8ef6-79b8b95b1227","","","","","A"
"10081","MCP9130003B",0,15,0,1,17,2,1,1,1,0,6.01,"6/27/2017","10:43:00","54112","N","N","MONTGOMERY","UNK",3,0,668,"CO","",0.31,"E","WAYNE AVE",75,"F","E",629,"CO","","FENTON ST",38.99495626,-77.02523232,1,0,1,"M",1,4,NA,1,6,88,1,52,"P",0,NA,0,"",NA,"Y",NA,1,NA,"16-Nov-47","54c76958-df93-4c07-972a-59493e15dd81","","","","","A"
"10082","MCP9133000F",1,15,NA,NA,17,NA,NA,NA,NA,0,6.01,"10-03-2015","13:13:00","54222","N","N","MONTGOMERY","UNK",3,0,NA,"","",NA,"","",NA,"","",NA,"","","",39.19242167,-77.24277333,1,0,1,"M",1,3,NA,0,88,0,1,56,"P",0,NA,0,"",NA,"N",NA,1,NA,"24-OCT-92","bc2e8a54-c863-4f62-885a-88c02352aa63","DC","","","",""
"10083","MCP9134000G",3,15,0,2,88,2,1,1,4,0,6.01,"11/26/2016","22:57:00","5411-2","Y","N","MONTGOMERY","UNK",3,0,668,"CO","",0.17,"E","WAYNE AVE",0,"F","E",29,"US","","GEORGIA AVE",38.99450833,-77.02728667,1,0,1,"M",2,3,NA,2,5,3,1,51,"P",0,NA,0,"",NA,"Y",NA,1,NA,"14-May-87","a8332ba4-eacb-4534-a1ef-affbfe2487bf","","","","",""
"10084","MCP9147000F",3,15,NA,NA,11,NA,NA,NA,NA,0,6.01,"06-06-2015","22:59:00","44212","N","N","MONTGOMERY","UNK",4,0,NA,"","",NA,"","",NA,"","",NA,"","","",38.99615333,-77.02771667,1,0,1,"M",1,3,NA,3,11.05,1,2,51,"P",0,NA,0,"",NA,"",NA,1,NA,"14-JUL-94","104abb9c-1844-4b80-b1d4-3dd0d6260025","MD","C","","","A"
"10085","MCP9301000M",1,15,NA,NA,17,NA,NA,NA,NA,0,3,"06-02-2015","14:16:00","54242","N","N","MONTGOMERY","UNK",3,0,NA,"","",NA,"","",NA,"","",NA,"","","",39.15043667,-77.21318667,1,0,1,"F",NA,4,NA,1,88,0,1,88,"P",0,NA,0,"",NA,"",NA,0,NA,"08-AUG-58","93765bf6-9a08-4bc3-9556-6d0795745664","","","","","A"
"10086","MCP9301000R",1,15,63,2,17,2,2,1,1,0,0,"12-31-2015","13:40:00","54142","Y","N","MONTGOMERY","UNK",3,0,124,"MD","",2.91,"N","QUINCE ORCHARD RD",0,"F","N",88,"MU","","FIRSTFIELD RD",39.14588333,-77.22,1,1,1,"M",1,4,NA,2,10.88,1,1,57,"P",0,NA,0,"",NA,"Y",NA,0,NA,"20-JUN-86","6a4bb574-eff1-4687-9e69-39822ca0310f","DC","D","","","A"
"10087","MCP9301000S",1,15,63,2,17,0,1,1,1,0,0,"12-27-2015","13:11:00","54142","Y","N","MONTGOMERY","UNK",3,0,53,"MU","",0.37,"S","BOOTH ST",0,"F","S",211,"MU","","MIDTOWN RD",39.15428833,-77.21278,1,0,1,"M",1,3,NA,1,9.05,1,1,51,"P",0,NA,0,"",NA,"U",NA,1,NA,"12-NOV-39","014563e6-4450-4ff0-a855-1b157e536dfb","","","","","A"
"10088","MCP93100004",3,15,0,3,88,2,1,1,5.01,0,6.01,"08-26-2016","20:30:00","","Y","N","MONTGOMERY","UNK",3,0,4092,"CO","",0.72,"N","CONNECTICUT AVE",0,"F","N",2722,"CO","","BEL PRE RD",39.09172833,-77.070555,1,0,1,"F",1,1,NA,3,5,99,1,51,"P",0,NA,0,"",NA,"N",NA,1,NA,"05-JAN-98  00:00:00","c34c652d-50f7-41fa-9a4d-daa0bf307dc9","","","","",""
"10089","MCP9311000R",1,15,NA,NA,17,NA,NA,NA,NA,0,7.01,"09-15-2016","09:31:00","54212","N","N","MONTGOMERY","UNK",3,0,NA,"","",NA,"","",NA,"","",NA,"","","",39.02551333,-77.14379333,1,0,1,"F",1,3,NA,3,5,1,1,88,"P",0,NA,0,"",NA,"N",NA,0,NA,"02-SEP-69  00:00:00","768d53e6-eab1-4916-8113-10459ac1ed64","MD","C","","","A"
"10090","MCP93110013",1,15,0,0,7,2,1,1,1,0,6.01,"6/17/2017","12:20:00","54144","N","N","MONTGOMERY","UNK",5,0,191,"MD","",4.89,"N","BRADLEY BLVD",0,"F","S",2130,"CO","","DURBIN RD",38.98351808,-77.11447477,1,0,1,"M",NA,3,NA,2,1,0,2,53,"P",0,NA,0,"",NA,"N",NA,21,NA,"16-Mar-63","5582cd7c-d9a5-4866-a341-0da5fad19d9d","","","","","A"
"10091","MCP9321000H",5.02,15,0,2,88,2,3,1,4,0,6.01,"10-12-2015","06:59:00","54142","Y","N","MONTGOMERY","UNK",3,0,97,"MD","",4.28,"N","GEORGIA AVE",0,"F","N",282,"CO","","SHOREFIELD RD",39.05,-77.05,1,0,1,"M",NA,3,NA,3,5,3,1,51,"P",0,NA,0,"",NA,"Y",NA,1,NA,"05-MAY-99","cbe97c4f-c591-4bbd-86ef-18b53065b0ab","","","","","A"
"10092","MCP9366000N",3,15,0,1,3,1,2,1,3,0,6.01,"10/28/2016","2:35:00","54114","N","N","MONTGOMERY","UNK",2,3,97,"MD","",10.3,"N","GEORGIA AVE",200,"F","N",131,"CO","","EMORY CHURCH RD",39.13212667,-77.07039667,1,0,1,"M",1,3,NA,2,2,0,1,56,"P",0,NA,0,"",NA,"N",NA,1,NA,"23-Jul-83","443b5e67-cf52-435d-b8f2-86fc80a9c561","","","","",""
"10093","MCP9379000G",1,15,NA,2,2,2,2,1,4,0,6.01,"01-05-2015","12:23:00","54142","Y","N","MONTGOMERY","UNK",3,0,355,"MD","",12.03,"N","FREDERICK RD",0,"F","N",1555,"MU","","KING FARM BLVD",39.116905,-77.16849167,1,0,1,"F",1,2,NA,2,5,2,1,51,"P",0,NA,0,"",NA,"",NA,0,NA,"16-DEC-94","fdedf7d9-e358-49ec-9552-fa61069e098a","MD","C","","","A"
"10094","MCP9379000R",1,15,NA,NA,88,NA,NA,NA,NA,0,6.01,"04-24-2016","11:54:00","54212","Y","N","MONTGOMERY","UNK",3,0,NA,"","",NA,"","",NA,"","",NA,"","","",39.12094833,-77.17141,1,0,1,"M",1,2,NA,4,88,1,1,59,"P",0,NA,0,"",NA,"N",NA,1,NA,"07-MAR-55","d0fb99e4-1d81-4c98-97ea-f13db1528863","","","","",""
"10095","MCP93790012",1,15,130,2,11,2,1,1,4,0,6.01,"12/29/2016","14:14:00","54142","N","N","MONTGOMERY","UNK",3,0,2851,"MU","",0.24,"S","S STONESTREET AVE",0,"F","S",242,"MU","","BALTIMORE RD",39.08284532,-77.14354187,1,0,1,"M",1,2,NA,3,9.05,1,1,51,"P",0,NA,0,"",NA,"N",NA,1,NA,"11-Oct-54","7c3d19de-b48a-4d76-8ff2-0729398a79f2","","","","",""
"10096","MCP93810014",1,15,NA,1,7,2,1,1,1,0,6.01,"04-19-2015","11:50:00","55144","N","N","MONTGOMERY","UNK",4,0,28,"GV","",3.71,"S","BEACH DR",100,"F","S",185,"MD","","CONNECTICUT AVE",39.00845167,-77.08224833,1,0,1,"F",1,1,NA,0,6,0,2,53,"P",0,NA,0,"",NA,"",NA,21,NA,"12-MAR-60","c227f2a2-c345-4719-9c9e-47bc92c88d89","NY","","","",""
"10097","MCP9381001Q",1,15,0,2,88,2,1,1,88,0,0,"09-17-2015","11:29:00","55144","Y","N","MONTGOMERY","UNK",4,4,369,"CO","",0.15,"W","ELM ST",0,"F","W",385,"CO","","WOODMONT AVE",38.99564167,-77.07490333,1,0,1,"M",1,2,NA,0,10.88,0,2,51,"P",0,NA,0,"",NA,"N",NA,1,NA,"21-DEC-79","06cc8820-0cd0-46d5-8d85-62f8a93107b1","WI","","","","A"
"10098","MCP9386001V",1,15,NA,1,88,2,1,1,1,0,6.01,"02-13-2015","08:52:00","54114","N","N","MONTGOMERY","UNK",3,0,2154,"CO","",0.25,"N","WESTPATH WAY",50,"F","N",507,"CO","","SANGAMORE RD",38.95641667,-77.12204833,1,0,1,"M",1,2,NA,4,6,1,1,52,"P",0,NA,0,"",NA,"",NA,0,NA,"29-MAY-76","e157c002-7598-4fea-bb79-2fb54f2b2362","MD","","","","A"
"10099","MCP93860025",1,15,NA,1,88,2,1,1,1,88,6.01,"04-21-2015","11:00:00","54114","N","N","MONTGOMERY","UNK",3,0,427,"CO","",0.14,"W","MORGAN DR",25,"F","W",432,"CO","","STRATFORD RD",39.28264,-77.17787333,1,0,1,"M",1,3,NA,3,1,1,1,57,"P",0,NA,0,"",NA,"",NA,1,NA,"28-FEB-88","abaacfeb-6287-43b1-aeb2-c75ce821567f","VA","A","","","A"
"10100","MCP9386004G",1,15,0,2,88,1,1,1,1,0,3,"3/24/2017","10:04:00","54144","Y","N","MONTGOMERY","UNK",3,0,187,"MD","",0.1,"N","OLD GEORGETOWN RD",0,"F","N",357,"CO","","EDGEMOOR LA",38.98573833,-77.09561667,1,0,1,"M",1,2,NA,2,9.05,2,1,51,"P",0,NA,0,"",NA,"N",NA,1,NA,"8-Jan-90","58bf0aca-7199-4b71-a6e3-3efe2ba7c062","","","","","A"
"10101","MCP9386004T",1,15,0,3,11,2,1,1,1,0,6.01,"6/12/2017","8:23:00","54142","Y","N","MONTGOMERY","UNK",1,0,2350,"CO","",0,"N","MARYKNOLL AVE",5,"F","N",188,"MD","","WILSON LA",38.98655267,-77.13406831,1,0,1,"M",1,3,NA,3,3,1,2,63.88,"P",0,NA,0,"",NA,"Y",NA,99,NA,"7-Dec-05","73bff3cf-0223-46fc-a8f2-34dd14e56fc2","","","","","A"
"10102","MCP9390000L",3,15,63,2,88,2,2,1,1,0,6.01,"02-29-2016","18:53:00","54142","Y","N","MONTGOMERY","UNK",3,0,117,"MD","",10.79,"E","CLOPPER RD",0,"F","E",215,"MU","","METROPOLITAN GROVE RD",39.14603767,-77.22830772,1,0,1,"M",1,3,NA,2,9.05,3,1,51,"P",0,NA,0,"",NA,"Y",NA,0,NA,"26-APR-51","3bb2a7f7-f150-4fca-b19a-2253460edb75","MD","C","","",""
"10103","MCP9390000R",3,15,63,1,17,2,NA,1,3,0,6.01,"1/19/2017","18:00:00","54142","N","N","MONTGOMERY","UNK",3,0,6067,"CO","",0.68,"W","FIELDS RD",150,"F","W",590,"MU","","RIO BLVD",39.11622061,-77.20594615,1,0,1,"M",1,3,NA,2,6,1,1,52,"P",0,NA,0,"",NA,"Y",NA,0,NA,"13-Sep-82","0bbdfacf-922c-47da-98e8-2400a45a331d","MD","C","","","A"
"10104","MCP94060012",3,15,0,0,17,2,1,1,1,0,7.01,"1/3/2017","18:29:00","54124","N","N","MONTGOMERY","UNK",3,0,128,"CO","",0,"W","HEWITT AVE",150,"F","W",3405,"CO","","RIPPLING BROOK DR",39.08112667,-77.056505,1,0,1,"M",1,3,NA,2,99,0,1,56,"P",0,NA,0,"",NA,"N",NA,0,NA,"25-Apr-81","00d5276e-dfec-4411-974b-6427643da834","","","","",""