"UNIQUE_ID","REPORT_NO","LIGHT_CODE","COUNTY_NO","MUNI_CODE","JUNCTION_CODE","COLLISION_TYPE_CODE","SURF_COND_CODE","LANE_CODE","RD_COND_CODE","RD_DIV_CODE","FIX_OBJ_CODE","WEATHER_CODE","ACC_DATE","ACC_TIME","LOC_CODE","SIGNAL_FLAG","C_M_ZONE_FLAG","AGENCY_CODE","AREA_CODE","HARM_EVENT_CODE1","HARM_EVENT_CODE2","RTE_NO","ROUTE_TYPE_CODE","RTE_SUFFIX","LOG_MILE","LOGMILE_DIR_FLAG","MAINROAD_NAME","DISTANCE","FEET_MILES_FLAG","DISTANCE_DIR_FLAG","REFERENCE_NO","REFERENCE_TYPE_CODE","REFERENCE_SUFFIX","REFERENCE_ROAD_NAME","LATITUDE","LONGITUDE","drv","occ","ped","SEX_CODE","CONDITION_CODE","INJ_SEVER_CODE","OCC_SEAT_POS_CODE","PED_VISIBLE_CODE","PED_LOCATION_CODE","PED_OBEY_CODE","PED_TYPE_CODE","MOVEMENT_CODE","PERSON_TYPE","ALCOHOL_TEST_CODE","ALCOHOL_TESTTYPE_CODE","DRUG_TEST_CODE","DRUG_TESTRESULT_CODE","BAC_CODE","FAULT_FLAG","EQUIP_PROB_CODE","SAF_EQUIP_CODE","EJECT_CODE","DATE_OF_BIRTH","PERSON_ID","LICENSE_STATE_CODE","CLASS","CDL_FLAG","VEHICLE_ID","EMS_UNIT_LABEL"
"10277","MSP57310069",1,21,0,1,17,2,1,1,4,0,6.01,"2/16/2017","10:54:00","","N","N","MSP","UNK",3,0,81,"IS","",6.85,"N","MARYLAND VETERANS MEMORIAL HWY",100,"F","N",40,"US","","NATIONAL PIKE",39.65492317,-77.7477205,1,0,1,"M",1,4,NA,2,1,1,1,52,"P",0,NA,0,"",NA,"Y",NA,1,NA,"29-Sep-58","7e932c1b-9ea5-4f61-9b2d-a6e4b8fa9988","MD","ID","","","A"
"10278","MSP5731006C",1,21,NA,NA,17,NA,NA,NA,NA,0,6.01,"2/23/2017","15:49:00","","N","N","MSP","UNK",3,0,NA,"","",NA,"","",0,"","",NA,"","","",39.60449817,-77.73455083,1,0,1,"M",1,3,NA,2,88,0,1,63.88,"P",0,NA,0,"",NA,"N",NA,1,NA,"31-Jan-61","38a5565c-ce95-4d9c-ba44-e8278f2fe14a","MD","ID","","","A"
"10279","MSP5743003H",4,21,0,1,17,2,1,1,1,0,6.01,"02-18-2016","18:27:00","","N","N","MSP","UNK",3,0,63,"MD","",12.7,"N","GREENCASTLE PIKE",NA,"M","N",761,"CO","","RESH RD",39.66344363,-77.79748321,1,0,1,"M",99,5,NA,2,6,1,1,52,"P",0,NA,0,"",NA,"Y",NA,1,NA,"12-JAN-93","2f4ed9b6-49d4-43bf-8c3e-6b543d6a701c","MD","ID","","","A"
"10280","MSP57430050",4,21,0,1,3,2,NA,1,4,0,6.01,"10/18/2016","0:21:00","","N","N","MSP","UNK",1,0,68,"IS","",1.54,"E","NATIONAL FREEWAY",NA,"M","W",0,"UU","","EXIT #74",39.71153933,-78.2780285,2,0,1,"M",1,2,NA,2,1,0,88,58,"P",0,NA,0,"",NA,"N",NA,1,NA,"19-Nov-95","0bf1d95a-0098-49c3-b106-0ce15153abbb","","","","","B"
"10281","MSP57430052",4,21,0,1,17,2,2,1,4,0,6.01,"11/6/2016","17:50:00","","N","N","MSP","UNK",3,0,68,"IS","",7.02,"E","NATIONAL FREEWAY",500,"F","W",0,"UU","","CROSSOVER",39.71265052,-78.22625041,1,0,1,"M",1,2,NA,4,6,1,88,54,"P",0,NA,0,"",NA,"U",NA,26.88,NA,"31-Jul-76","aa3cebb2-9b3a-4710-a7d9-557f05fdd5ae","MD","A","","","A"
"10282","MSP5744001X",1,6,NA,1,3,2,1,1,1,0,6.01,"03-12-2015","12:34:00","","N","N","MSP","UNK",1,0,27,"MD","",21.71,"N","MANCHESTER RD",500,"F","N",482,"MD","","HAMPSTEAD MEXICO RD",39.600137,-76.947942,2,0,1,"M",1,1,NA,4,6,0,1,54,"P",0,NA,0,"",NA,"",NA,25.88,NA,"31-JAN-70","4a2c9574-06cf-4b7c-b817-6d83520a7414","PA","","","",""
"10283","MSP57450017",4,11,0,1,17,2,1,1,1,0,7.01,"09-30-2015","23:31:00","N/A","N","N","MSP","UNK",3,0,170,"CO","",0.83,"N","MOSSER RD",200,"F","N",0,"UU","","SUNSET RIDGE DR",39.56076427,-79.33807701,1,0,1,"M",1,3,NA,2,6,1,1,52,"P",0,NA,0,"",NA,"Y",NA,1,NA,"25-NOV-96","fe9fbabe-9b0d-42fe-9bd1-6d122768385b","MD","","","","A"
"10284","MSP5745001F",4,11,0,1,88,2,1,1,1,0,6.01,"01-02-2016","18:10:00","N/A","N","N","MSP","UNK",3,8,560,"MD","",4.18,"N","GORMAN RD",NA,"M","S",375,"CO","","WHITE CHURCH STEYER RD",39.34505539,-79.32833254,1,1,1,"M",1,4,NA,99,6,1,1,52,"P",0,NA,0,"",NA,"Y",NA,1,NA,"02-APR-51","f252a977-c719-46fd-8f53-1db18d723be8","MD","","","","A"
"10285","MSP5747002T",1,21,0,1,88,2,1,1,1,0,6.01,"08-18-2015","14:21:00","","Y","Y","MSP","UNK",23.15,0,60,"MD","",1.82,"E","LEITERSBURG PIKE",NA,"M","E",179,"CO","","LONGMEADOW RD",39.678355,-77.681805,1,1,1,"M",1,1,NA,4,6,0,88,59,"P",0,NA,0,"",NA,"U",NA,25.88,NA,"08-SEP-85","25439dfe-eb6d-4d97-912e-1b149af1662e","MD","C","","",""
"10286","MSP57470034",1,21,0,1,17,2,NA,1,0,88,7.01,"10-30-2015","13:26:00","","N","N","MSP","UNK",3,9,613,"CO","",0,"W","ROHRERSVILLE SCHOOL RD",500,"F","W",67,"MD","","ROHRERSVILLE RD",39.43270283,-77.66265633,1,0,1,"M",1,3,NA,3,88,0,1,56,"P",0,NA,0,"",NA,"N",NA,1,NA,"25-FEB-98","eb981cde-8458-475a-9f00-14dcaa6105b5","MD","LP","","","A"
"10287","MSP5747003T",1,21,0,5.01,9,2,NA,1,4,0,7.01,"04-22-2016","09:51:00","","N","N","MSP","UNK",1,0,70,"IS","",34.1,"E","EISENHOWER MEMORIAL HWY",0,"F","E",70,"RP","","RAMP 6 FR IS 70 EB TO MD 66 SB",39.58724033,-77.64317517,2,4,1,"M",1,1,NA,4,6,0,1,59,"P",0,NA,0,"",NA,"N",NA,25.88,NA,"18-NOV-62","8e37b07c-52ec-4608-af85-9ba55575a497","","","","",""
"10288","MSP57500029",4,8,0,0,88,2,3,1,4,0,6.01,"08-23-2015","01:17:00","","N","N","MSP","UNK",3,0,301,"US","",26.04,"N","CRAIN HWY",NA,"M","S",5,"MD","K","MATTAWOMAN DR",38.6525892,-76.88077927,1,0,1,"M",2,4,NA,3,88,1,1,52,"P",0,NA,0,"",NA,"Y",NA,1,NA,"25-JUL-81","cec18dd6-4352-44b0-bd7f-2f17335e2a5c","MD","ID","","","A"
"10289","MSP5750002F",4,8,0,2,88,1,1,1,4,0,7.01,"10-01-2015","19:58:00","","N","N","MSP","UNK",3,0,301,"US","",24.01,"N","CRAIN HWY",0,"F","N",472,"CO","","VERNON RD",38.63418731,-76.90235496,1,0,1,"M",99,4,NA,99,6,1,1,52,"P",0,NA,0,"",NA,"Y",NA,1,NA,"17-SEP-77","06545e0f-f7d3-41ec-813b-b355845b5973","","NONE ","","","A"
"10290","MSP5758001X",4,17,35,1,17,2,1,1,1,0,6.01,"07-28-2015","02:59:00","","N","N","MSP","UNK",3,0,213,"MD","",16.67,"N","CHURCH HILL RD",NA,"M","S",300,"MD","A","SUDLERSVILLE RD",39.14242433,-75.988149,1,0,1,"M",1,2,NA,2,6,1,1,53,"P",0,NA,0,"",NA,"Y",NA,1,NA,"08-DEC-74","c31b47bf-484a-4c8b-b6f0-2bac11a690e7","MD","","","","A"
"10291","MSP5758003R",1,14,0,9.04,17,2,NA,1,1,0,6.01,"5/15/2017","10:56:00","","N","N","MSP","UNK",3,0,213,"MD","",1.3,"N","WASHINGTON AVE",0.75,"M","S",0,"UU","","SPUR FR MD 291",39.22158983,-76.06857217,1,0,1,"M",1,2,NA,2,6,0,1,52,"P",0,NA,0,"",NA,"Y",NA,0,NA,"2-Dec-58","75180cd3-fa09-418c-82b0-eb916a26f5a1","MD","C","","",""
"10292","MSP5773000T",1,1,NA,1,17,2,NA,1,0,0,7.01,"07-28-2015","11:21:00","","N","N","MSP","UNK",3,0,NA,"","",0,"","FOOD LION PARKING LOT",0,"F","U",NA,"","","FOOD LION",39.63044417,-78.837306,1,0,1,"F",1,3,NA,3,88,0,1,88,"P",0,NA,0,"",NA,"N",NA,0,NA,"24-JUL-52","9438aeb8-81b3-41cb-838b-8e4dcd33e874","MD","C","","","A"
"10293","MSP5790000W",1,11,NA,1,17,2,NA,1,1,0,0,"06-24-2015","16:50:00","","N","N","MSP","UNK",3,0,219,"US","",30.44,"N","GARRETT HWY",150,"F","N",190,"MU","","INDUSTRIAL PARK DR",39.6236845,-79.32262783,1,0,2,"M",1,3,NA,1,1,1,1,53,"P",0,NA,0,"",NA,"",NA,1,NA,"16-JUL-14","b6be8f19-f2bb-4f43-aeed-0b39feccb424","","","","","A"
"10294","MSP5790000W",1,11,NA,1,17,2,NA,1,1,0,0,"06-24-2015","16:50:00","","N","N","MSP","UNK",3,0,219,"US","",30.44,"N","GARRETT HWY",150,"F","N",190,"MU","","INDUSTRIAL PARK DR",39.6236845,-79.32262783,1,0,2,"M",1,5,NA,1,1,1,1,53,"P",0,NA,0,"",NA,"",NA,1,NA,"02-JAN-89","5a491b52-e839-45bd-856f-507bd127a788","","","","","B"
"10295","MSP5793003B",4,5,0,1,17,2,1,1,1,0,6.01,"4/16/2017","23:04:00","","N","N","MSP","UNK",3,0,7,"CO","",1.05,"E","MARYDEL RD",0.25,"M","E",9,"CO","","MARVEL RD",39.10531093,-75.7638113,1,0,1,"F",2,4,NA,2,6,1,1,99,"P",0,NA,0,"",NA,"Y",NA,1,NA,"30-Jul-91","03916ace-3290-4871-b4d4-4774c77b0476","MD","","","",""
"10296","MSP5800002K",4,15,NA,1,88,4,NA,1,4,5,5,"02-15-2015","00:15:00","","N","N","MSP","UNK",1,3,495,"IS","",2.37,"E","CAPITAL BELTWAY",0,"M","E",190,"MD","","RIVER RD",38.99908583,-77.1574615,2,5,2,"F",1,2,NA,4,1,0,1,56,"P",0,NA,0,"",NA,"N",NA,25.88,NA,"17-FEB-95","b9413d46-0554-4ce9-af6b-e869f66a8d14","CA","","","","F"
"10297","MSP5800002K",4,15,NA,1,88,4,NA,1,4,5,5,"02-15-2015","00:15:00","","N","N","MSP","UNK",1,3,495,"IS","",2.37,"E","CAPITAL BELTWAY",0,"M","E",190,"MD","","RIVER RD",38.99908583,-77.1574615,2,5,2,"M",1,2,NA,4,1,0,1,56,"P",0,NA,0,"",NA,"N",NA,25.88,NA,"04-JAN-89","4234e0c3-3b11-4195-928e-9d2b03db5b34","DC","","","","E"
"10298","MSP5800002S",4,15,NA,1,88,2,3,1,4,0,6.01,"03-18-2015","01:26:00","","N","N","MSP","UNK",3,0,270,"IS","",15.78,"N","EISENHOWER MEMORIAL HWY",0,"M","N",4556,"CO","","FATHER HURLEY BLVD",39.19445283,-77.261126,1,0,1,"M",0,5,NA,2,88,1,1,53,"P",0,2,0,"U",NA,"",NA,1,NA,"01-MAR-90","49c04e0e-873a-46cd-b68a-3e1a97da3a0d","VA","","","",""
"10299","MSP58000084",1,15,0,1,88,2,NA,1,4,0,6.01,"09-15-2016","15:33:00","5","N","N","MSP","UNK",3,0,495,"IS","",6.71,"E","CAPITAL BELTWAY",0,"M","E",355,"MD","","ROCKVILLE PIKE",39.01819,-77.10408,1,0,1,"M",1,2,NA,3,1,0,1,56,"P",0,NA,0,"",NA,"N",NA,1,NA,"22-SEP-88  00:00:00","a22d825e-02a9-45bb-ad1e-cc1b36d7066e","","","","",""
"10300","MSP5800008M",3,15,130,1,3,2,3,1,4,0,6.01,"10/18/2016","3:12:00","2","N","N","MSP","UNK",1,1,270,"IS","",6.46,"N","EISENHOWER MEMORIAL HWY",NA,"M","S",28,"MD","","W MONTGOMERY AVE",39.08557063,-77.17311189,1,0,1,"M",1,4,NA,3,88,1,1,56,"P",0,NA,0,"",NA,"N",NA,1,NA,"3-Jun-86","0c9554ef-b8f7-4e75-ba3e-dfde93c45043","MD","C","","","A"
"10301","MSP58000094",1,15,130,5.01,3,1,1,1,2,0,7.01,"1/17/2017","11:43:00","3","N","N","MSP","UNK",1,0,270,"IS","",6.57,"N","EISENHOWER MEMORIAL HWY",0,"M","N",270,"RP","","RAMP 7 FR MD 28 WB TO IS 270 SB",39.08678,-77.17530167,2,1,1,"F",1,4,NA,3,88,1,88,56,"P",0,NA,0,"",NA,"N",NA,1,NA,"6-Jul-67","4359a370-3a5c-44c4-ac2b-467f405e2cdb","MD","C","","","A"
"10302","MSP5802003M",1,21,0,1,3,1,1,0,4,0,3,"09-12-2015","11:38:00","00","N","N","MSP","UNK",1,0,68,"IS","",5.1,"E","NATIONAL FREEWAY",500,"F","E",0,"UU","","EXIT #77",39.6984732,-78.24961665,1,0,1,"M",1,3,NA,0,1,0,1,56,"P",0,NA,0,"",NA,"N",NA,0,NA,"03-OCT-93","3100cb1f-0777-484b-9787-b7a3bf734341","MD","","","","B"
"10303","MSP5815000R",1,18,NA,1,88,2,1,1,1,0,6.01,"05-16-2015","13:29:00","","N","N","MSP","UNK",3,0,5,"MD","",28.581,"N","POINT LOOKOUT RD",100,"F","N",NA,"UU","","ENT TO BUSINESS",38.30713005,-76.66300535,1,0,1,"M",1,3,NA,3,5,1,1,51,"P",0,NA,0,"",NA,"",NA,1,NA,"05-JAN-42","201925b9-37c0-4c53-aa0d-11874d125e21","MD","C","","",""
"10304","MSP58160015",1,11,NA,NA,88,NA,NA,NA,NA,0,6.01,"07-28-2015","13:50:00","","N","N","MSP","UNK",3,0,NA,"","",NA,"","",NA,"","",NA,"","","",39.602687,-79.306185,1,0,1,"F",1,3,NA,3,88,0,1,88,"P",0,NA,0,"",NA,"Y",NA,1,NA,"22-JUN-86","0da3cb42-4db3-4967-9eb8-c97d60fe3467","MD","C","","",""
"10305","MSP5821002Y",3,10,0,1,3,2,NA,1,4,0,6.01,"01-07-2016","18:41:00","","N","N","MSP","UNK",1,3,70,"IS","",13.76,"E","EISENHOWER MEMORIAL HWY",NA,"M","E",15,"US","","JEFFERSON NATIONAL PIKE",39.399892,-77.441461,2,0,1,"M",1,4,NA,4,1,1,6,56,"P",0,NA,0,"",NA,"N",NA,25.88,NA,"14-MAY-90","a985607d-3d48-40ea-9402-2a7358db07f1","MD","C","","","B"
"10306","MSP5823004M",4,3,0,1,3,2,2,1,4,5,6.01,"11/20/2016","4:51:00","","N","N","MSP","UNK",9,1,95,"IS","",0.811,"N","NO NAME",NA,"M","S",95,"RP","","RAMP 7 FR IS 195 WB TO IS 95 SB",39.23568417,-76.70995967,2,0,1,"M",1,1,NA,3,88,0,1,56,"P",0,NA,0,"",NA,"N",NA,1,NA,"21-Mar-78","c4c1dc74-c59d-4054-adc5-80edd8def935","","","","",""
"10307","MSP58240028",3,6,0,0,88,2,2,1,1,0,6.01,"09-16-2016","01:14:00","NONE","N","N","MSP","UNK",3,0,32,"MD","",3.364,"N","SYKESVILLE RD",300,"F","N",26,"MD","","LIBERTY RD",39.40542773,-76.95050597,1,0,1,"M",1,3,NA,2,2,0,1,53,"P",0,NA,0,"",NA,"N",NA,1,NA,"01-DEC-96  00:00:00","f519b14c-c048-4f7d-80ea-8e6eb25e2f91","MD","C","","","A"
"10308","MSP5829005L",4,4,0,1,17,2,1,1,1,0,6.01,"2/4/2017","21:02:00","NONE","N","N","MSP","UNK",3,0,211,"CO","",0.46,"E","FLAG HARBOR BLVD",5,"F","E",436,"CO","","CALVERT BLVD",38.46233535,-76.47795625,1,0,1,"M",2,5,NA,2,6,1,1,88,"P",99,99,99,"U",NA,"Y",NA,1,NA,"6-Aug-01","a5a899ff-826e-4eb0-ba92-9f05346f82a2","MD","NON","","","A"
"10309","MSP5832004H",3,13,0,1,17,2,1,1,4,0,0,"09-21-2015","02:00:00","N/A","N","N","MSP","UNK",3,0,95,"IS","",4.08,"N","NO NAME",400,"F","S",32,"MD","","PATUXENT PKWY",39.19803615,-76.68807025,1,0,1,"M",2,3,NA,2,88,0,1,88,"P",2,2,99,"U",NA,"Y",NA,1,NA,"11-NOV-81","401bc6b8-fda4-4a0e-83de-8b31b203e902","MD","CDL","","","A"
"10310","MSP5833001D",1,12,NA,1,88,2,1,1,1,0,6.01,"04-24-2015","15:35:00","","N","N","MSP","UNK",3,0,924,"MD","",3,"N","EMMORTON RD",200,"F","N",247,"CO","","PLUMTREE RD",39.50432903,-76.32758744,1,0,1,"F",1,2,NA,3,12.88,0,1,52,"P",0,NA,0,"",NA,"",NA,1,NA,"15-JUL-66","96cdc09b-5150-4e33-ac9a-7cc76f5c3a59","MD","ID","","","A"
"10311","MSP5847004F",1,10,57,3,17,2,3,1,4,0,6.01,"07-24-2016","10:46:00","00","N","N","MSP","UNK",3,0,270,"IS","",10.09,"N","EISENHOWER MEMORIAL HWY",0,"F","S",70,"IS","","BALTO NATIONAL PIKE",39.39903593,-77.42564321,1,0,1,"M",1,2,NA,4,1,1,1,59,"P",0,NA,0,"",NA,"N",NA,25.88,NA,"08-SEP-76  00:00:00","1ff1f3c6-0350-4b55-a46a-c4be41044c93","MD","AM","","","A"
"10312","MSP5847004H",1,10,0,2,17,2,2,1,4,0,6.01,"10/31/2016","14:15:00","0","Y","N","MSP","UNK",4,0,26,"MD","",1.63,"E","LIBERTY RD",0,"F","E",1353,"MU","","SEBASTIAN BLVD",39.45074624,-77.37714887,1,0,1,"M",1,3,NA,3,6,1,2,51,"P",0,NA,0,"",NA,"N",NA,21,NA,"8-Sep-75","86df2d1b-4a98-4f8a-bd6f-7fd3e3ecb674","MD","C","","","A"
"10313","MSP585800C3",1,16,0,2,88,2,1,1,3,0,6.01,"6/21/2017","11:55:00","4","Y","N","MSP","UNK",3,0,214,"MD","",5.93,"E","CENTRAL AVE",0,"F","E",3460,"CO","","LAKE ARBOR WAY",38.897846,-76.807449,1,0,1,"F",1,2,NA,3,9.05,3,1,51,"P",0,NA,0,"",NA,"Y",NA,1,NA,"26-Oct-94","19181b62-f41a-46e2-8c25-9454c3d2b3a3","MD","C","","","A"
"10314","MSP5861004H",4,6,0,1,17,2,1,1,5.01,0,6.01,"3/27/2017","20:43:00","","N","N","MSP","UNK",3,0,26,"MD","",10.93,"E","LIBERTY RD",250,"F","E",697,"CO","","HEMLOCK DR W",39.39958733,-76.93479133,1,1,1,"M",99,5,NA,2,6,1,1,52,"P",0,NA,0,"",NA,"Y",NA,1,NA,"15-Nov-66","011f1e6c-862d-4a96-bec1-946d5a692640","MD","ID","","","A"
"10315","MSP5862002R",4,8,NA,1,17,2,2,1,1,0,6.01,"05-19-2015","22:18:00","","N","N","MSP","UNK",3,0,210,"MD","",1.6,"N","INDIAN HEAD HWY",0,"M","N",225,"MD","","HAWTHORNE RD",38.601595,-77.141726,1,0,1,"F",3,4,NA,1,6,1,1,52,"P",0,NA,0,"",NA,"",NA,1,NA,"04-JUN-88","7877a71f-05c7-479f-873e-e0ed83fd4bd9","MD","C","","","A"
"10316","MSP5862005T",4,8,0,1,17,2,NA,1,1,0,6.01,"10/23/2016","19:59:00","","N","N","MSP","UNK",3,0,301,"US","",16.64,"N","CRAIN HWY",NA,"M","S",114,"CO","","ROSEWICK RD",38.552589,-76.985774,1,0,1,"F",1,5,NA,2,88,1,1,53,"P",0,NA,0,"",NA,"Y",NA,1,NA,"13-Nov-69","415983b9-63c3-4fba-960a-10c4a4f7ff5d","MD","C","","","A"
"10317","MSP5870001K",1,1,0,0,88,2,1,1,1,0,6.01,"2/20/2017","16:00:00","","N","N","MSP","UNK",1,0,338,"CO","",0.34,"N","PARKSIDE BLVD",NA,"M","N",340,"CO","","WEIRS AVE",39.64384448,-78.83165193,1,0,1,"F",1,3,NA,1,88,0,2,55,"P",0,NA,0,"",NA,"Y",NA,21,NA,"25-Mar-10","206ae9f7-a1c5-4d0f-b1a9-3b59a190f21e","","","","","A"
"10318","MSP58950034",4,6,0,5.01,3,2,NA,1,4,0,6.01,"11/25/2016","18:10:00","0","N","N","MSP","UNK",4,0,27,"MD","",0.27,"N","RIDGE RD",100,"F","N",70,"IS","","BALTO NATIONAL PIKE",39.35559207,-77.16903177,1,0,1,"M",1,4,NA,7,6,2,2,53,"P",0,NA,0,"",NA,"N",NA,26.88,NA,"1-Jun-57","9d951c4c-0148-4ee9-9306-20fa264f3440","MD","C","","","A"
"10319","MSP5910005B",4,10,0,1,88,2,2,1,4,0,6.01,"06-26-2016","04:39:00","","N","N","MSP","UNK",3,0,15,"US","",27.78,"N","CATOCTIN MOUNTAIN HWY",0,"F","S",0,"UU","","MILE MARKER 28.0",39.614709,-77.420199,1,0,1,"F",0,5,NA,5,1,0,1,88,"P",0,NA,0,"",NA,"Y",NA,0,NA,"15-AUG-66","239ef24e-c242-40ce-9afa-fa0fe772a399","MD","C","","",""
"10320","MSP5911001G",1,5,0,2,17,1,1,1,2,4,3,"04-07-2016","12:36:00","","N","N","MSP","UNK",9,16,313,"MD","",2.93,"N","FEDERALSBURG HWY",0,"F","N",0,"UU","","FEDERALSBURG ROUNDABOUT",38.68951683,-75.78896667,1,0,1,"M",0,1,NA,0,0,0,88,0,"P",0,NA,0,"",NA,"N",NA,0,NA,"20-JAN-46","865f4831-3d11-4686-80ab-da0aa4a7c89e","MD","","","",""
"10321","MSP5920000R",1,4,0,0,17,2,1,1,1,0,6.01,"08-25-2015","12:15:00","00","N","N","MSP","UNK",3,0,670,"CO","",0.52,"W","WHITE SANDS DR",15,"F","E",979,"CO","","CEDAR LA",38.42487,-76.472097,1,0,1,"F",3,3,NA,1,6,1,1,56,"P",0,NA,0,"",NA,"Y",NA,1,NA,"21-JUN-90","0d663a76-1387-4e28-9558-e04f211fdcef","MD","CL-C","","","A"
"10322","MSP5924005P",3,21,NA,3,88,2,2,1,1,0,0,"12/22/2016","19:12:00","","N","N","MSP","UNK",3,0,NA,"","",8.06,"E","SMITHSBURG PIKE",0,"F","E",NA,"","","FOXVILLE RD",39.64876467,-77.56859417,1,0,1,"M",2,4,NA,3,6,1,1,88,"P",88,2,0,"",0.29,"Y",NA,0,NA,"12-Sep-61","daff55a7-6c6b-4d5a-9df9-dcb935b03bed","MD","I","","","A"
"10323","MSP5932002F",1,12,0,1,88,2,NA,1,4,0,6.01,"08-25-2015","17:17:00","","N","N","MSP","UNK",1,0,95,"IS","",8.24,"N","J F K MEMORIAL HWY",250,"F","N",0,"UU","","MILE MARKER 81.0",39.49228474,-76.2387228,2,4,1,"M",1,3,NA,4,1,0,1,59,"P",0,NA,0,"",NA,"N",NA,0,NA,"20-APR-66","ccedcfdd-0b71-42ea-b1da-0d01e44c6e69","MD","","","",""
"10324","MSP5935003N",1,16,0,3,0,2,1,1,1,0,6.01,"12/22/2016","13:30:00","","Y","N","MSP","UNK",3,0,1,"US","",7.37,"N","BALTIMORE AVE",40,"F","S",19,"CO","","MONTGOMERY RD",39.028536,-76.916929,1,0,1,"M",1,3,NA,2,6,3,1,52,"P",0,NA,0,"",NA,"Y",NA,0,NA,"27-Nov-78","8f41f211-b14e-42d8-a6cb-7e227d7bffcf","MD","C","","","A"
"10325","MSP5938001L",3,19,NA,NA,17,NA,NA,NA,NA,2,3,"5/19/2017","22:21:00","6","N","N","MSP","UNK",9,0,NA,"","",NA,"","",NA,"","",NA,"","","",38.12511,-75.70602333,1,0,1,"M",1,1,NA,0,15.88,0,88,56,"P",0,NA,0,"",NA,"N",NA,0,NA,"2-Jan-66","be7c896a-a431-4ddc-86df-91f458de0cc8","MD","C","","",""
"10326","MSP59480025",4,12,0,1,17,1,1,1,1,0,3,"07-06-2015","22:29:00","","N","N","MSP","UNK",3,0,543,"MD","",14.4,"N","ADY RD",100,"F","N",1918,"CO","","ST ANNE DR",39.6315115,-76.3282795,1,0,1,"F",2,3,NA,1,6,0,1,53,"P",0,NA,0,"",NA,"Y",NA,1,NA,"22-MAR-77","0dc9fc75-1414-4662-9166-7031384dbb11","MD","ID","","","A"
"10327","MSP5948002W",4,12,0,1,17,2,2,1,4,0,6.01,"09-02-2015","23:05:00","","N","N","MSP","UNK",3,0,40,"US","",1.54,"E","PULASKI HWY",200,"F","W",538,"CO","","PINE RD",39.4301575,-76.3477035,1,0,1,"M",1,5,NA,2,6,1,1,52,"P",0,NA,0,"",NA,"Y",NA,1,NA,"24-FEB-88","5a876b2e-183e-4891-a0a9-d903bc327f16","MD","ID","","",""
"10328","MSP5953002W",5.02,21,NA,NA,88,NA,NA,NA,NA,0,6.01,"01-23-2015","07:15:00","","N","N","MSP","UNK",3,0,NA,"","",NA,"","",NA,"","",NA,"","","",39.557985,-77.715579,1,0,1,"M",1,3,NA,2,88,1,1,88,"P",0,NA,0,"",NA,"",NA,1,NA,"06-AUG-71","01b5e305-7dc9-43d8-bb76-71a6c1cfe9ea","WV","C","","","A"
"10329","MSP5953006L",1,21,0,1,6,3,1,4,1,0,10.04,"3/15/2017","16:40:00","","N","N","MSP","UNK",1,3,66,"MD","",9.88,"N","MAPLEVILLE RD",0.5,"M","S",307,"CO","","REPUBLICAN AVE",39.63398417,-77.59827817,2,0,1,"F",1,3,NA,3,1,0,1,56,"P",0,NA,0,"",NA,"N",NA,1,NA,"31-Dec-77","2d68b3c3-9023-4ca5-9628-f74db2e5e34a","MD","C","","","A"
"10330","MSP5955002C",3,17,0,3,17,2,1,1,1,0,6.01,"11/15/2016","3:00:00","","Y","Y","MSP","UNK",3,0,8,"MD","",8.05,"N","BUSINESS PKWY",500,"F","S",50,"US","","BLUE STAR MEMORIAL HWY",38.9766593,-76.32260084,1,2,1,"M",1,3,NA,4,88,0,88,88,"P",0,NA,0,"",NA,"N",NA,25.88,NA,"29-Apr-73","eaf1d432-141d-49da-b692-b62dc33ba367","MD","C","","","A"
"10331","MSP5960005M",1,12,0,1,17,2,NA,1,4,0,6.01,"03-01-2016","13:22:00","00","N","Y","MSP","UNK",3,0,1,"US","",5.35,"N","BELAIR BYPASS",NA,"M","S",1580,"CO","","VALE RD",39.554984,-76.367185,1,0,1,"M",1,3,NA,4,1,0,1,59,"P",0,NA,0,"",NA,"N",NA,25.88,NA,"22-FEB-56","975c2bde-b00a-4830-98b7-9a6b56baf466","MD","C","","","A"
"10332","MSP5966002P",4,2,NA,1,88,1,1,1,4,0,0,"01-07-2015","02:10:00","","N","N","MSP","UNK",3,1,595,"IS","",6.2,"E","JOHN HANSON HWY",100,"F","E",2815,"CO","","SOUTH HAVEN RD",38.98421133,-76.5878807,1,0,1,"M",99,5,NA,2,6,1,1,56,"P",99,99,99,"",NA,"",NA,1,NA,"02-MAR-71","e6d7ee6a-d5c3-43ba-999f-73508f97c389","MD","C","","",""
"10333","MSP59670032",1,12,0,9.04,17,2,1,1,1,0,7.01,"05-03-2016","17:16:00","","N","N","MSP","UNK",3,0,755,"MD","",0.95,"N","EDGEWOOD RD",70,"F","N",512,"CO","","HANSON RD",39.42693167,-76.29941983,1,2,1,"F",1,3,NA,3,6,0,1,52,"P",0,NA,0,"",NA,"Y",NA,1,NA,"16-NOV-97","4b7920a1-8831-4922-b5ac-fa475a84db43","MD","","","","A"