"UNIQUE_ID","REPORT_NO","LIGHT_CODE","COUNTY_NO","MUNI_CODE","JUNCTION_CODE","COLLISION_TYPE_CODE","SURF_COND_CODE","LANE_CODE","RD_COND_CODE","RD_DIV_CODE","FIX_OBJ_CODE","WEATHER_CODE","ACC_DATE","ACC_TIME","LOC_CODE","SIGNAL_FLAG","C_M_ZONE_FLAG","AGENCY_CODE","AREA_CODE","HARM_EVENT_CODE1","HARM_EVENT_CODE2","RTE_NO","ROUTE_TYPE_CODE","RTE_SUFFIX","LOG_MILE","LOGMILE_DIR_FLAG","MAINROAD_NAME","DISTANCE","FEET_MILES_FLAG","DISTANCE_DIR_FLAG","REFERENCE_NO","REFERENCE_TYPE_CODE","REFERENCE_SUFFIX","REFERENCE_ROAD_NAME","LATITUDE","LONGITUDE","drv","occ","ped","SEX_CODE","CONDITION_CODE","INJ_SEVER_CODE","OCC_SEAT_POS_CODE","PED_VISIBLE_CODE","PED_LOCATION_CODE","PED_OBEY_CODE","PED_TYPE_CODE","MOVEMENT_CODE","PERSON_TYPE","ALCOHOL_TEST_CODE","ALCOHOL_TESTTYPE_CODE","DRUG_TEST_CODE","DRUG_TESTRESULT_CODE","BAC_CODE","FAULT_FLAG","EQUIP_PROB_CODE","SAF_EQUIP_CODE","EJECT_CODE","DATE_OF_BIRTH","PERSON_ID","LICENSE_STATE_CODE","CLASS","CDL_FLAG","VEHICLE_ID","EMS_UNIT_LABEL"
"10451","MSP6289001W",1,20,147,1,3,2,NA,1,1,0,6.01,"08-08-2015","17:15:00","","N","N","MSP","UNK",4,0,565,"MD","",0.77,"N","MAIN ST",NA,"M","N",185,"OP","","LOCUST ST",38.66720009,-76.06456161,1,0,1,"M",1,3,NA,0,6,0,2,53,"P",0,NA,0,"",NA,"Y",NA,1,NA,"09-FEB-02","39efd95e-6be1-412f-99c3-65351e3ab138","","","","","A"
"10452","MSP6292001F",4,6,NA,1,17,2,3,1,4,0,6.01,"03-07-2015","19:13:00","N/A","Y","N","MSP","UNK",3,0,140,"MD","",8.37,"N","BALTIMORE BLVD",209,"F","N",398,"CO","","GORSUCH RD",39.56797933,-76.979196,1,0,1,"M",2,5,NA,2,6,1,1,52,"P",0,NA,0,"",NA,"",NA,1,NA,"03-SEP-68","796657c3-ff83-42c7-abf9-07852abb0602","MD","ID","","","A"
"10453","MSP62920029",1,6,0,8.04,17,2,1,1,1,0,6.01,"04-25-2016","09:30:00","","N","N","MSP","UNK",3,0,32,"MD","",16.224,"N","WASHINGTON RD",200,"F","N",329,"CO","","DAVID AVE",39.55600067,-76.98881683,1,0,1,"M",88,2,NA,3,1,1,1,53,"P",0,NA,0,"",NA,"N",NA,0,NA,"04-SEP-71","570c4afd-a7fb-4f7c-80a7-610741d5ad9e","MD","ID","","","A"
"10454","MSP6292003K",3,10,0,1,17,2,1,1,1,11,6.01,"6/24/2017","0:30:00","","N","N","MSP","UNK",16,88,407,"CO","",6.91,"S","WOODVILLE RD",30,"F","N",688,"CO","","WESTERN VIEW PL",39.39131058,-77.19235292,1,0,1,"F",0,1,NA,0,15.88,0,88,88,"P",0,NA,0,"",NA,"N",NA,0,NA,"28-Jun-43","c97aabf7-9158-474e-89f4-ebdc4b0932b5","MD","C","","",""
"10455","MSP6293002T",1,10,0,1,17,2,1,1,1,0,0,"10-12-2015","09:01:00","","Y","Y","MSP","UNK",3,0,246,"CO","",0,"W","MILT SUMMERS RD",NA,"M","E",17,"MD","","MYERSVILLE MIDDLETOWN RD",39.49316517,-77.575016,1,0,1,"M",1,3,NA,4,1,0,1,56,"P",0,NA,0,"",NA,"N",NA,1,NA,"10-JAN-78","5c1a5fdc-e1ad-4ead-9285-f2c7af3edbd2","PA","A","","",""
"10456","MSP6297003D",1,3,0,1,3,2,NA,1,2,5,6.01,"09-15-2015","17:52:00","","N","N","MSP","UNK",9,2,95,"IS","",1.99,"N","NO NAME",1,"F","N",3150,"CO","","POTOMAC AVE",39.243582,-76.691459,2,2,1,"M",NA,5,NA,0,1,0,1,99,"P",0,NA,0,"",NA,"N",NA,0,NA,"10-AUG-86","f6b3fdab-8fe7-41ea-a2e5-42faf434fdea","MD","","","",""
"10457","MSP63000026",4,8,NA,1,88,2,NA,1,1,0,6.01,"02-25-2015","02:02:00","","N","N","MSP","UNK",3,0,925,"MD","",1.89,"N","OLD WASHINGTON RD",100,"F","N",253,"CO","","TERRACE DR",38.617274,-76.915815,1,0,1,"M",1,4,NA,2,1,0,1,53,"P",0,NA,0,"",NA,"",NA,0,NA,"02-MAY-93","0ff9e2f7-67d0-4315-8325-9e8792abd8a4","MD","N/A","","","A"
"10458","MSP6300006H",1,8,NA,0,13,2,1,1,1,0,7.01,"12/11/2016","14:08:00","","N","N","MSP","UNK",1,3,NA,"","",10.95,"E","PORT TOBACCO RD",0,"F","E",NA,"","","CHICAMUXEN RD",38.4979734,-77.21054037,2,1,1,"F",1,1,NA,3,1,0,1,51,"P",0,NA,0,"",NA,"N",NA,0,NA,"8-Mar-54","c7efb584-7aa9-40b0-af15-394af0908da6","","","","",""
"10459","MSP6305003M",1,10,NA,2,11,2,1,1,1,0,6.01,"05-20-2015","07:49:00","","Y","N","MSP","UNK",1,0,468,"CO","",0.21,"N","CLEMSONVILLE RD",0,"F","N",26,"MD","","LIBERTY RD",39.494177,-77.178869,1,0,1,"M",1,3,NA,1,10.88,0,2,51,"P",0,NA,0,"",NA,"",NA,21,NA,"24-APR-67","9ca17c3e-379d-42bd-b96c-3c54e020e517","MD","","","","A"
"10460","MSP6305006Q",1,10,NA,0,88,6.03,3,4,4,5,3,"12/17/2016","11:55:00","","N","N","MSP","UNK",9,1,NA,"","",21.86,"E","BALTO NATIONAL PIKE",200,"F","W",NA,"","","MUSSETTER RD",39.386826,-77.30161533,2,0,1,"M",1,1,NA,1,88,0,1,56,"P",0,NA,0,"",NA,"N",NA,0,NA,"15-Jul-71","28a39d7a-c68f-42ff-9459-596de44dcd40","FL","A","","",""
"10461","MSP63060036",1,15,0,1,88,2,4,1,4,0,6.01,"12-29-2015","13:07:00","","N","N","MSP","UNK",3,0,270,"IS","",13.97,"N","EISENHOWER MEMORIAL HWY",0,"F","S",141,"CO","","MIDDLEBROOK RD",39.172637,-77.24554,1,0,1,"F",1,3,NA,3,1,0,1,54,"P",0,NA,0,"",NA,"Y",NA,1,NA,"06-MAR-69","b02d68ee-28b3-49a0-9ae0-e988a657ca7f","MD","","","","A"
"10462","MSP6309002K",3,16,0,1,88,4,2,0,1,0,8.04,"01-21-2016","00:28:00","","N","N","MSP","UNK",3,0,1,"US","",8.67,"N","BALTIMORE AVE",25,"F","N",2173,"CO","","NAPLES AVE",39.04353615,-76.90300941,1,0,1,"M",99,5,NA,2,6,0,1,52,"P",0,NA,0,"",NA,"Y",NA,0,NA,"06-JUN-64","9d843088-6c30-4794-b6eb-9376028da09d","MD","","","",""
"10463","MSP6310000W",3,22,NA,1,88,1,1,1,1,0,6.01,"01-24-2015","22:26:00","","N","N","MSP","UNK",3,0,346,"MD","",4.78,"E","OLD OCEAN CITY RD",0,"M","E",155,"OP","","BIRT AVE",38.38632553,-75.49437761,1,2,1,"M",4,2,NA,2,6,0,1,53,"P",0,NA,3,"P",NA,"",NA,0,NA,"16-NOV-72","4dcc0ff2-0b6d-4e54-aef2-b9c814487b27","MD","ID","","","A"
"10464","MSP6310001H",1,22,0,2,11,2,NA,1,4,0,6.01,"09-23-2015","17:46:00","","N","N","MSP","UNK",1,0,13,"US","",13.43,"N","N SALISBURY BLVD",0,"F","N",330,"CO","","DAGSBORO RD",38.421467,-75.564396,1,0,1,"M",4,2,NA,0,10.88,1,2,54,"P",0,NA,0,"",NA,"Y",NA,0,NA,"22-JAN-75","9095a3a5-9824-44e9-b4c5-59d581d16c05","","","","",""
"10465","MSP6310002X",1,22,0,1,17,2,NA,1,88,0,6.01,"3/17/2017","8:28:00","","N","N","MSP","UNK",3,0,350,"MD","",6.63,"E","MT HERMON RD",1,"M","W",297,"CO","","FOREST GROVE RD",38.35138667,-75.57604667,1,0,1,"M",1,3,NA,99,88,0,1,55,"P",0,NA,0,"",NA,"Y",NA,0,NA,"30-Dec-10","f1ee0a0a-f6bb-4492-846e-bc083654b26c","","","","",""
"10466","MSP63150099",3,16,0,1,17,2,NA,1,4,0,6.01,"07-02-2016","23:27:00","00","N","N","MSP","UNK",3,3,198,"MD","",0.24,"E","SANDY SPRING RD",500,"F","E",1,"CO","","BOND MILL RD",39.10057282,-76.90581625,1,0,1,"M",3,4,NA,2,1,1,1,53,"P",0,NA,0,"",NA,"U",NA,1,NA,"22-MAR-58  00:00:00","884c3d6e-433d-49dc-9108-0ee336b9b467","MD","","","","A"
"10467","MSP631500CQ",4,16,NA,1,17,1,1,1,4,0,6.01,"12/27/2016","4:07:00","0","N","N","MSP","UNK",3,1,NA,"","",10.38,"N","BALTIMORE AVE",750,"F","N",NA,"","","INTERCOUNTY CONNECTOR (PROP)",39.06750047,-76.87825432,1,1,1,"M",99,5,NA,2,6,1,1,53,"P",0,NA,0,"",NA,"Y",NA,1,NA,"28-Aug-93","88ab9e7f-52d6-409c-86fa-0a8202a278c2","MD","I","","",""
"10468","MSP63200027",1,6,0,0,88,2,1,1,4,0,6.01,"12-27-2015","15:53:00","","N","N","MSP","UNK",3,22.15,140,"MD","",8.73,"N","BALTIMORE BLVD",300,"F","S",1402,"CO","","RALPH ST",39.57105733,-76.98278767,1,1,1,"F",1,2,NA,3,6,1,1,52,"P",0,NA,0,"",NA,"Y",NA,1,NA,"14-AUG-43","33b437a3-2e5d-4a38-bec8-d25eba14b3cf","MD","ID","","","A"
"10469","MSP6321003W",1,2,0,1,11,2,1,0,2,0,6.01,"07-25-2016","11:33:00","","N","N","MSP","UNK",1,3,2,"MD","",38.79,"N","GOV RITCHIE HWY",100,"F","N",0,"UU","","ENT TO BUSINESS",39.19728797,-76.61125578,2,0,1,"M",1,1,NA,3,88,1,1,53,"P",0,NA,0,"",NA,"N",NA,1,NA,"29-NOV-63  00:00:00","908498a4-f1a4-4001-ac71-ffefab94fd61","MD","C","","",""
"10470","MSP6325004P",3,6,0,1,17,2,1,1,4,0,6.01,"12-08-2015","21:48:00","","N","N","MSP","UNK",3,0,140,"MD","",1.35,"N","BALTIMORE BLVD",500,"F","N",91,"MD","","EMORY RD",39.49723573,-76.89331859,1,0,1,"M",99,4,NA,88,88,88,88,88,"P",99,99,99,"N",NA,"U",NA,1,NA,"04-JUL-92","9eb4b246-262e-4b36-9fdd-db7726c874f8","MD","C","","","A"
"10471","MSP6327001G",4,7,NA,0,17,2,1,1,1,10,6.01,"01-28-2015","20:14:00","","N","N","MSP","UNK",9,0,545,"MD","",1.84,"N","BLUE BALL RD",0,"M","N",NA,"UU","","POTTER LA",39.627318,-75.85589817,1,0,2,"M",0,1,NA,0,0,0,99,0,"P",0,NA,0,"",NA,"",NA,0,NA,"19-NOV-51","7e1519ed-e268-45f5-abe3-f3852a6e6075","MD","","","",""
"10472","MSP6327001G",4,7,NA,0,17,2,1,1,1,10,6.01,"01-28-2015","20:14:00","","N","N","MSP","UNK",9,0,545,"MD","",1.84,"N","BLUE BALL RD",0,"M","N",NA,"UU","","POTTER LA",39.627318,-75.85589817,1,0,2,"M",0,1,NA,0,0,0,99,0,"P",0,NA,0,"",NA,"",NA,0,NA,"03-OCT-43","57c31929-1fdc-405d-a26d-a225602a0374","","","","",""
"10473","MSP63270027",4,7,NA,2,11,2,1,1,1,11,6.01,"07-03-2015","22:41:00","","Y","N","MSP","UNK",1,9,NA,"CO","",4.21,"E","ELK FOREST RD",0,"F","E",NA,"MD","","AUGUSTINE HERMAN HWY",39.55504617,-75.80404067,2,4,1,"M",0,1,NA,0,88,0,88,88,"P",0,NA,0,"",NA,"",NA,0,NA,"12-AUG-64","8725a958-7b6a-4d30-abfd-4e32700673db","MD","","","",""
"10474","MSP63270029",1,7,26,88,88,2,NA,1,0,0,6.01,"06-28-2015","18:41:00","","N","N","MSP","UNK",3,0,286,"MD","",0.32,"E","BETHEL RD",0,"F","E",0,"UU","","OUT CORP LMTS CHESAPEAKE CITY",39.52613986,-75.80624342,1,1,1,"M",99,3,NA,3,0,1,1,56,"P",0,NA,0,"",NA,"U",NA,0,NA,"28-AUG-86","b6a4a1e7-8b4c-429c-9aac-db4e5efe0984","","","","","A"
"10475","MSP6327003H",4,7,0,1,88,2,1,1,1,88,6.01,"08-06-2016","04:12:00","","N","N","MSP","UNK",8,0,276,"MD","",1.46,"N","JACOB TOME MEMORIAL HWY",NA,"M","N",71,"CO","","BURLIN RD",39.61684667,-76.10190083,1,0,1,"M",0,1,NA,0,0,0,88,0,"P",0,NA,0,"",NA,"N",NA,0,NA,"18-DEC-42  00:00:00","b5d38ce7-8a41-4897-b44b-abbaf916c7b0","MD","","","",""
"10476","MSP6327003Z",1,7,0,1,3,2,NA,1,4,18.88,6.01,"6/13/2017","10:04:00","","N","N","MSP","UNK",1,9,40,"US","",9.72,"E","PULASKI HWY",0.25,"M","E",625,"OP","","CECIL WOODS RD",39.611465,-75.91907667,2,27,1,"M",1,1,NA,0,0,0,88,0,"P",0,NA,0,"",NA,"N",NA,0,NA,"8-May-50","02c7eb4e-87ff-42d2-a9ed-130b55ff321b","MD","C","","",""
"10477","MSP6328001Z",3,8,NA,1,3,4,1,1,1,0,6.01,"01-25-2015","00:24:00","","N","N","MSP","UNK",1,3,381,"MD","",0,"N","BRANDYWINE RD",25,"F","N",231,"MD","","PRINCE FREDERICK RD",38.55088833,-76.7433795,2,1,1,"M",1,4,NA,3,6,0,1,56,"P",0,NA,0,"",NA,"",NA,1,NA,"10-MAR-69","7aa11578-91ab-4232-a1d9-d2de340a8964","MD","C","","","B"
"10478","MSP6328002D",3,8,NA,2,88,2,1,1,1,0,0,"04-10-2015","22:01:00","","Y","N","MSP","UNK",3,0,5,"MD","BU",1.63,"N","LEONARDTOWN RD",0,"F","N",64,"CO","BU","OLD WASHINGTON RD",38.6246765,-76.9082135,1,0,1,"M",2,4,NA,2,5,3,1,51,"P",88,88,0,"U",0.28,"U",NA,1,NA,"13-FEB-91","34f5ff31-64e6-4d09-9d45-c4802da8ff1b","MD","C","","","A"
"10479","MSP6328002P",1,8,NA,1,88,2,2,1,1,0,6.01,"05-24-2015","12:57:00","","N","N","MSP","UNK",4,0,5,"MD","BU",1.63,"N","LEONARDTOWN RD",5,"F","N",925,"MD","BU","OLD WASHINGTON RD",38.62317083,-76.90639017,1,0,1,"M",1,4,NA,4,4,1,2,53,"P",0,NA,0,"",NA,"",NA,1,NA,"14-FEB-54","26901945-2573-4077-aae5-2ebc3ea262e5","MD","C","","","A"
"10480","MSP6328003P",1,8,0,2,88,2,2,1,4,0,6.01,"11-12-2015","10:27:00","","Y","N","MSP","UNK",4,3,5,"MD","BU",0,"N","LEONARDTOWN RD",0,"F","N",623,"CO","","ST CHARLES PKWY",38.61341417,-76.88040988,1,0,1,"M",1,3,NA,1,1,1,2,88,"P",0,NA,0,"",NA,"N",NA,21,NA,"17-OCT-84","2f9fdeab-07e1-492a-bf1b-af9cde34e331","MD","C","","","A"
"10481","MSP63280053",3,8,0,1,88,2,NA,1,4,0,6.01,"05-13-2016","20:14:00","","Y","N","MSP","UNK",3,0,228,"MD","",5.07,"E","BERRY RD",25,"F","E",873,"CO","","WESTERN PKWY",38.62916633,-76.915749,1,0,1,"F",1,4,NA,3,6,3,1,52,"P",0,NA,0,"",NA,"Y",NA,1,NA,"23-SEP-97","a727ff65-5487-41aa-92a0-f223a67e253f","NC","C","","","A"
"10482","MSP6328006D",1,8,0,2,17,2,NA,1,4,0,0,"10/5/2016","13:51:00","","Y","N","MSP","UNK",3,0,301,"US","",24.46,"N","CRAIN HWY",0,"F","N",57,"CO","","ACTON LA",38.6402605,-76.89712267,1,0,1,"F",1,3,NA,3,12.88,1,1,52,"P",0,NA,0,"",NA,"Y",NA,0,NA,"12-Sep-84","509ba28c-03da-49e9-afe7-7d0401d87b2a","MD","NON","","","A"
"10483","MSP6328006Y",3,8,0,1,3,2,1,1,1,0,6.01,"11/6/2016","21:31:00","","N","N","MSP","UNK",1,0,925,"MD","",2.49,"N","OLD WASHINGTON RD",175,"F","N",5,"MD","BU","LEONARDTOWN RD",38.62793,-76.903,1,0,1,"M",2,3,NA,2,6,1,2,53,"P",0,NA,0,"",NA,"N",NA,1,NA,"5-Aug-59","8194acbd-a538-4e93-ae0f-3a7526b2c72a","MD","C","","","A"
"10484","MSP6328008B",1,8,0,1,3,2,NA,1,1,0,6.01,"4/28/2017","18:43:00","","N","N","MSP","UNK",2,2,231,"MD","",6.08,"E","PRINCE FREDERICK RD",60,"F","W",0,"UU","","LONG FIELD PL",38.53478512,-76.73936258,1,0,3,"F",1,1,NA,1,1,1,1,56,"P",0,NA,0,"",NA,"N",NA,1,NA,"30-Nov-73","aee24f0a-887d-4a84-afe8-543d278b8f09","VA","C","","",""
"10485","MSP6328008B",1,8,0,1,3,2,NA,1,1,0,6.01,"4/28/2017","18:43:00","","N","N","MSP","UNK",2,2,231,"MD","",6.08,"E","PRINCE FREDERICK RD",60,"F","W",0,"UU","","LONG FIELD PL",38.53478512,-76.73936258,1,0,3,"M",1,4,NA,1,1,1,1,56,"P",0,NA,0,"",NA,"N",NA,1,NA,"15-Jun-66","6a60408e-5ead-4008-b325-7d11e0cc728c","MD","C","","","B"
"10486","MSP6328008B",1,8,0,1,3,2,NA,1,1,0,6.01,"4/28/2017","18:43:00","","N","N","MSP","UNK",2,2,231,"MD","",6.08,"E","PRINCE FREDERICK RD",60,"F","W",0,"UU","","LONG FIELD PL",38.53478512,-76.73936258,1,0,3,"M",1,4,NA,1,1,1,1,56,"P",0,NA,0,"",NA,"N",NA,1,NA,"25-Nov-94","a16cbca6-d055-4de3-936a-689c5234e32f","VA","C","","","B"
"10487","MSP6328008Y",1,8,0,1,88,2,NA,1,4,0,6.01,"6/11/2017","7:40:00","","N","N","MSP","UNK",3,0,301,"US","",11.9,"N","CRAIN HWY",150,"F","S",535,"CO","","PREFERENCE DR",38.48737004,-76.98794,1,1,1,"M",1,3,NA,1,1,1,1,56,"P",0,NA,0,"",NA,"N",NA,0,NA,"1-Oct-73","7c833013-9b3e-4b44-a750-55ae20ea8479","MD","C","","","A"
"10488","MSP6354001G",4,17,0,2,14,1,1,0,1,0,3,"10-02-2015","06:17:00","","Y","N","MSP","UNK",1,1,18,"MD","B",4.61,"E","MAIN ST",0,"F","E",18,"MD","V","CHESTER RIVER BEACH RD",38.95949967,-76.21301217,1,0,1,"M",1,3,NA,2,4,0,2,51,"P",0,NA,0,"",NA,"Y",NA,26.88,NA,"12-JAN-56","c507524d-031c-44ac-bd5f-08b0d39259b7","MD","c","","","A"
"10489","MSP6355004G",5.02,16,0,1,88,2,2,1,4,0,6.01,"10-14-2015","07:00:00","","N","N","MSP","UNK",3,0,202,"MD","",9.14,"N","LARGO RD",30,"F","N",0,"UU","","SPUR FR MCCORMICK DR",38.91750525,-76.84418858,1,0,1,"M",1,3,NA,2,4,1,1,52,"P",0,NA,0,"",NA,"Y",NA,1,NA,"23-JUN-88","4dd10d5c-22b9-49e7-a6b0-9cf9a42c5e00","MD","","","","A"
"10490","MSP6355005N",4,16,0,1,88,2,1,1,4,0,6.01,"01-03-2016","20:03:00","","N","N","MSP","UNK",3,0,301,"US","",4.08,"N","CRAIN HWY",100,"F","N",166,"CO","","MISSOURI AVE",38.84007598,-76.87349615,1,0,1,"M",2,3,NA,2,6,1,1,53,"P",0,NA,0,"",NA,"Y",NA,1,NA,"01-DEC-54","a7f866ff-3b72-40fa-8470-196f54859b38","DC","","","","A"
"10491","MSP6355006H",0,16,0,2,88,2,1,1,2,0,6.01,"04-02-2016","06:05:00","","N","N","MSP","UNK",3,0,301,"US","",20.53,"N","CRAIN HWY",0,"F","N",2131,"MU","","PENNSBURY DR",38.90506215,-76.71939093,1,0,2,"F",1,3,NA,2,10.88,1,1,54,"P",0,NA,0,"",NA,"N",NA,1,NA,"01-AUG-77","970a16ac-8f64-47c0-ae01-a4aaca820aa2","WV","C","","","A"
"10492","MSP6355006H",0,16,0,2,88,2,1,1,2,0,6.01,"04-02-2016","06:05:00","","N","N","MSP","UNK",3,0,301,"US","",20.53,"N","CRAIN HWY",0,"F","N",2131,"MU","","PENNSBURY DR",38.90506215,-76.71939093,1,0,2,"M",1,3,NA,2,10.88,1,1,54,"P",0,NA,0,"",NA,"N",NA,1,NA,"01-SEP-83","7880c15e-221f-49a4-a3fb-11af0da37d1b","PA","C","","","A"
"10493","MSP6361008K",6.02,10,0,1,88,1,1,1,4,0,0,"3/31/2017","21:01:00","","Y","N","MSP","UNK",4,0,26,"MD","",1.09,"E","LIBERTY RD",0,"F","E",998,"MU","","MONOCACY BLVD",39.44785195,-77.38631938,1,0,1,"M",1,2,NA,2,9.05,3,2,51,"P",0,NA,0,"",NA,"Y",NA,1,NA,"31-May-99","7a74f7f2-0f25-4804-94c7-3189748220b4","","","","","A"
"10494","MSP63610094",3,10,0,1,17,2,NA,1,1,11,6.01,"6/10/2017","22:15:00","","N","N","MSP","UNK",9,9,75,"MD","",17.75,"N","GREEN VALLEY RD",0.25,"M","S",466,"CO","","COPPERMINE RD",39.50726848,-77.24012655,1,0,1,"M",1,1,NA,0,88,0,88,0,"P",0,NA,0,"",NA,"N",NA,0,NA,"15-Sep-49","22d4f8b4-5b16-458e-8ea8-ef869d4a0029","MD","B","","",""
"10495","MSP6362000G",3,18,NA,1,8,2,NA,1,4,0,6.01,"01-07-2015","05:41:00","","N","N","MSP","UNK",4,0,235,"MD","",14.916,"N","THREE NOTCH RD",20,"F","N",237,"MD","","CHANCELLORS RUN RD",38.29133004,-76.49352,1,0,1,"M",1,1,NA,4,1,0,2,53,"P",0,NA,0,"",NA,"",NA,24.88,NA,"21-JAN-77","b3e1451d-22a0-4c98-b7f0-836757087280","","","","",""
"10496","MSP63620017",4,18,0,3,9,2,1,1,1,0,0,"07-09-2016","00:26:00","","N","N","MSP","UNK",1,0,6,"MD","",0.71,"E","NEW MARKET RD",30,"F","E",0,"UU","","CULVER LA",38.46991004,-76.78876,1,1,7,"M",1,4,NA,6,1,4,5,53,"P",0,NA,0,"",NA,"N",NA,1,NA,"30-SEP-07  00:00:00","acf814c5-c3a2-4f67-874a-f17eb8794452","","","","","A"
"10497","MSP63620017",4,18,0,3,9,2,1,1,1,0,0,"07-09-2016","00:26:00","","N","N","MSP","UNK",1,0,6,"MD","",0.71,"E","NEW MARKET RD",30,"F","E",0,"UU","","CULVER LA",38.46991004,-76.78876,1,1,7,"F",1,4,NA,0,1,1,5,53,"P",0,NA,0,"",NA,"N",NA,1,NA,"09-APR-86  00:00:00","04b76b36-5dc4-4afc-ab7a-d5216bd15995","","","","","A"
"10498","MSP63620017",4,18,0,3,9,2,1,1,1,0,0,"07-09-2016","00:26:00","","N","N","MSP","UNK",1,0,6,"MD","",0.71,"E","NEW MARKET RD",30,"F","E",0,"UU","","CULVER LA",38.46991004,-76.78876,1,1,7,"M",1,4,NA,6,1,1,5,53,"P",0,NA,0,"",NA,"Y",NA,1,NA,"30-DEC-82  00:00:00","5fbc74c1-a4fd-4be3-9185-1f4288e70c6e","","","","","A"
"10499","MSP63620017",4,18,0,3,9,2,1,1,1,0,0,"07-09-2016","00:26:00","","N","N","MSP","UNK",1,0,6,"MD","",0.71,"E","NEW MARKET RD",30,"F","E",0,"UU","","CULVER LA",38.46991004,-76.78876,1,1,7,"F",1,4,NA,6,1,1,5,54,"P",0,NA,0,"",NA,"N",NA,1,NA,"03-APR-15  00:00:00","6dd2bed1-b3c5-4716-82b0-643b13a64dd2","","","","","B"
"10500","MSP63620017",4,18,0,3,9,2,1,1,1,0,0,"07-09-2016","00:26:00","","N","N","MSP","UNK",1,0,6,"MD","",0.71,"E","NEW MARKET RD",30,"F","E",0,"UU","","CULVER LA",38.46991004,-76.78876,1,1,7,"F",1,4,NA,0,1,0,5,53,"P",0,NA,0,"",NA,"N",NA,1,NA,"16-JAN-09  00:00:00","3b8deb8b-d23d-47da-b951-ac9b8a04b3be","","","","","B"
"10501","MSP63620017",4,18,0,3,9,2,1,1,1,0,0,"07-09-2016","00:26:00","","N","N","MSP","UNK",1,0,6,"MD","",0.71,"E","NEW MARKET RD",30,"F","E",0,"UU","","CULVER LA",38.46991004,-76.78876,1,1,7,"F",1,3,NA,6,1,4,5,53,"P",0,NA,0,"",NA,"N",NA,1,NA,"25-OCT-10  00:00:00","baed62bb-72b3-4531-8699-a0911963e736","","","","","A"
"10502","MSP63620017",4,18,0,3,9,2,1,1,1,0,0,"07-09-2016","00:26:00","","N","N","MSP","UNK",1,0,6,"MD","",0.71,"E","NEW MARKET RD",30,"F","E",0,"UU","","CULVER LA",38.46991004,-76.78876,1,1,7,"F",1,4,NA,6,1,1,5,53,"P",0,NA,0,"",NA,"N",NA,1,NA,"11-SEP-12  00:00:00","1613d2e7-b8c7-4be4-b1b7-208aaf070f27","","","","","B"
"10503","MSP6362001F",1,18,0,1,88,2,1,1,1,23.03,0,"10/28/2016","11:42:00","","N","Y","MSP","UNK",2,3,53,"CO","",2.52,"N","MORGANZA TURNER RD",10,"F","S",55,"CO","","GRAVES RD",38.38678,-76.695886,1,0,1,"M",1,3,NA,7,1,0,1,56,"P",0,NA,0,"",NA,"N",NA,25.88,NA,"19-Feb-66","faaeb943-177a-476e-9f5e-5d2ab10e9710","MD","C","","","A"
"10504","MSP63660076",3,12,NA,NA,88,NA,NA,NA,NA,0,88,"3/1/2017","18:39:00","","N","N","MSP","UNK",3,3,NA,"","",NA,"","",NA,"","",NA,"","","",39.42667867,-76.29853467,1,0,2,"F",1,1,NA,1,88,0,1,88,"P",0,NA,0,"",NA,"N",NA,0,NA,"10-Nov-10","1efddeb3-a635-472a-bdd4-4b30f89979a3","","","","",""
"10505","MSP63660076",3,12,NA,NA,88,NA,NA,NA,NA,0,88,"3/1/2017","18:39:00","","N","N","MSP","UNK",3,3,NA,"","",NA,"","",NA,"","",NA,"","","",39.42667867,-76.29853467,1,0,2,"F",1,3,NA,3,88,0,1,88,"P",0,NA,0,"",NA,"N",NA,0,NA,"2-Aug-51","bbdaf0c0-e251-4676-9322-697ecea19bbf","MD","C","","","A"
"10506","MSP6366007B",1,12,0,1,7,1,1,1,1,0,0,"3/19/2017","9:25:00","","N","N","MSP","UNK",3,0,7,"MD","",10.66,"E","OLD PHILADELPHIA RD",100,"F","E",1993,"CO","","OLD PHILADELPHIA RD",39.47414267,-76.30141683,1,0,1,"M",1,4,NA,3,1,2,2,53,"P",0,NA,0,"",NA,"N",NA,1,NA,"10-Jan-92","0b2eb065-e674-4c4c-adfc-bc27c9826d4e","","C","","","A"
"10507","MSP6368002D",1,8,NA,1,88,2,NA,1,3,0,6.01,"04-26-2015","15:15:00","","N","N","MSP","UNK",3,0,301,"US","",23.31,"N","CRAIN HWY",120,"F","N",228,"MD","","BERRY RD",38.62708333,-76.910006,1,0,1,"M",1,4,NA,3,6,1,1,52,"P",0,NA,0,"",NA,"",NA,0,NA,"27-FEB-98","f7cc9e7d-60d8-4f5c-a527-952360b5bf29","","ID","","","A"
"10508","MSP63770044",1,12,NA,2,88,2,2,1,4,0,6.01,"04-29-2015","14:30:00","","Y","N","MSP","UNK",3,3,40,"US","",3.39,"E","PULASKI HWY",0,"F","E",2055,"CO","","PAUL MARTIN DR",39.4354195,-76.31466383,1,0,3,"F",1,2,NA,88,9.05,2,7,51,"P",0,NA,0,"",NA,"",NA,0,NA,"17-MAR-15","aaad410a-e0ef-4ca5-9f18-42bec3444494","","","","","A"